StateAbbr,StateDesc,CountyName,CountyFIPS,TractFIPS,TotalPopulation,TotalPop18plus,ACCESS2_CrudePrev,ACCESS2_Crude95CI,ARTHRITIS_CrudePrev,ARTHRITIS_Crude95CI,BINGE_CrudePrev,BINGE_Crude95CI,BPHIGH_CrudePrev,BPHIGH_Crude95CI,BPMED_CrudePrev,BPMED_Crude95CI,CANCER_CrudePrev,CANCER_Crude95CI,CASTHMA_CrudePrev,CASTHMA_Crude95CI,CHD_CrudePrev,CHD_Crude95CI,CHECKUP_CrudePrev,CHECKUP_Crude95CI,CHOLSCREEN_CrudePrev,CHOLSCREEN_Crude95CI,COLON_SCREEN_CrudePrev,COLON_SCREEN_Crude95CI,COPD_CrudePrev,COPD_Crude95CI,CSMOKING_CrudePrev,CSMOKING_Crude95CI,DENTAL_CrudePrev,DENTAL_Crude95CI,DEPRESSION_CrudePrev,DEPRESSION_Crude95CI,DIABETES_CrudePrev,DIABETES_Crude95CI,GHLTH_CrudePrev,GHLTH_Crude95CI,HIGHCHOL_CrudePrev,HIGHCHOL_Crude95CI,LPA_CrudePrev,LPA_Crude95CI,MAMMOUSE_CrudePrev,MAMMOUSE_Crude95CI,MHLTH_CrudePrev,MHLTH_Crude95CI,OBESITY_CrudePrev,OBESITY_Crude95CI,PHLTH_CrudePrev,PHLTH_Crude95CI,SLEEP_CrudePrev,SLEEP_Crude95CI,STROKE_CrudePrev,STROKE_Crude95CI,TEETHLOST_CrudePrev,TEETHLOST_Crude95CI,HEARING_CrudePrev,HEARING_Crude95CI,VISION_CrudePrev,VISION_Crude95CI,COGNITION_CrudePrev,COGNITION_Crude95CI,MOBILITY_CrudePrev,MOBILITY_Crude95CI,SELFCARE_CrudePrev,SELFCARE_Crude95CI,INDEPLIVE_CrudePrev,INDEPLIVE_Crude95CI,DISABILITY_CrudePrev,DISABILITY_Crude95CI,LONELINESS_CrudePrev,LONELINESS_Crude95CI,FOODSTAMP_CrudePrev,FOODSTAMP_Crude95CI,FOODINSECU_CrudePrev,FOODINSECU_Crude95CI,HOUSINSECU_CrudePrev,HOUSINSECU_Crude95CI,SHUTUTILITY_CrudePrev,SHUTUTILITY_Crude95CI,LACKTRPT_CrudePrev,LACKTRPT_Crude95CI,EMOTIONSPT_CrudePrev,EMOTIONSPT_Crude95CI,Geolocation
NM,New Mexico,Bernalillo,35001,35001000107,2693,"2,247",6.3,"( 5.1,  7.6)",31.6,"(28.6, 34.9)",12.2,"(10.2, 14.4)",38.6,"(35.2, 42.2)",77.5,"(74.2, 80.4)",11.6,"(10.4, 12.8)",9.7,"( 8.6, 10.9)",7.9,"( 6.8,  8.9)",74.2,"(70.8, 77.3)",90.2,"(88.7, 91.5)",67.6,"(63.6, 71.5)",5.9,"( 4.8,  7.1)",8.8,"( 6.9, 10.9)",74.1,"(71.3, 76.6)",24,"(21.0, 27.2)",11.4,"( 9.8, 13.1)",16.7,"(14.2, 19.3)",40.3,"(36.6, 44.0)",17.5,"(14.6, 20.8)",77.3,"(71.7, 82.2)",12.7,"(11.2, 14.5)",29.7,"(25.5, 34.2)",12.9,"(11.2, 14.8)",26.2,"(22.9, 29.7)",3.7,"( 3.3,  4.2)",5.9,"( 4.7,  7.3)",8.7,"( 7.6,  9.9)",4.5,"( 3.9,  5.1)",10.2,"( 8.8, 11.8)",13,"(11.0, 15.2)",3.4,"( 2.9,  3.9)",6.7,"( 5.7,  7.8)",27.9,"(24.4, 31.7)",28.8,"(25.2, 32.7)",7.1,"( 5.5,  8.9)",8.9,"( 7.2, 10.9)",7.8,"( 6.5,  9.4)",5.9,"( 4.9,  7.1)",5.7,"( 4.8,  6.6)",18,"(15.3, 20.9)",POINT (-106.4851056 35.1254592)
NM,New Mexico,Bernalillo,35001,35001000108,2685,"2,196",9.4,"( 7.5, 11.5)",27.1,"(24.3, 29.9)",14.1,"(11.7, 16.5)",34.2,"(30.9, 37.5)",72.5,"(69.2, 75.4)",8.6,"( 7.8,  9.5)",10.4,"( 9.1, 11.7)",6.8,"( 6.0,  7.7)",69,"(65.3, 72.4)",85.4,"(83.3, 87.3)",64.1,"(60.2, 68.0)",6.1,"( 5.1,  7.3)",11.7,"( 9.6, 14.2)",68,"(65.0, 70.9)",26.4,"(23.2, 30.0)",10.7,"( 9.2, 12.3)",19.1,"(16.4, 22.0)",36.2,"(32.7, 39.6)",19.8,"(16.6, 23.6)",76.2,"(70.5, 81.5)",16.1,"(14.2, 18.3)",31,"(26.4, 35.7)",13.8,"(12.0, 15.8)",29.5,"(25.7, 33.3)",3.5,"( 3.1,  3.9)",10.2,"( 8.3, 12.4)",7.7,"( 6.7,  8.7)",5.1,"( 4.5,  5.8)",13.5,"(11.6, 15.6)",12.9,"(11.0, 15.2)",3.7,"( 3.3,  4.3)",8,"( 6.9,  9.4)",29.8,"(26.2, 33.8)",33.5,"(29.5, 37.6)",11.1,"( 8.8, 13.6)",13.8,"(11.4, 16.5)",11.8,"( 9.9, 13.8)",8.3,"( 7.0,  9.7)",8.3,"( 7.0,  9.6)",22.2,"(19.0, 25.5)",POINT (-106.5067348 35.1270736)
NM,New Mexico,Bernalillo,35001,35001000109,2401,"1,928",9.5,"( 7.5, 11.7)",29.2,"(26.1, 32.2)",12.9,"(10.7, 15.1)",36.2,"(32.5, 39.7)",75.2,"(71.9, 78.1)",9.9,"( 8.9, 11.0)",9.9,"( 8.7, 11.2)",7.4,"( 6.4,  8.5)",71.3,"(67.7, 74.6)",87.8,"(85.9, 89.6)",64.7,"(60.5, 68.8)",6.1,"( 4.9,  7.5)",10.6,"( 8.3, 13.1)",68.2,"(65.2, 71.1)",24.6,"(21.4, 27.9)",11.1,"( 9.5, 12.9)",19.2,"(16.1, 22.6)",38.3,"(34.6, 41.9)",20.4,"(16.8, 24.4)",74.4,"(68.4, 79.9)",14.4,"(12.4, 16.5)",30,"(25.6, 34.6)",13.9,"(11.9, 16.0)",28.2,"(24.7, 32.1)",3.7,"( 3.2,  4.3)",9.2,"( 7.4, 11.2)",8.5,"( 7.3,  9.7)",5.2,"( 4.4,  6.1)",12.4,"(10.4, 14.5)",13.9,"(11.5, 16.6)",3.8,"( 3.2,  4.5)",7.8,"( 6.5,  9.3)",30.2,"(26.0, 34.5)",32.3,"(28.4, 36.4)",9.6,"( 7.5, 11.9)",12.5,"(10.0, 15.1)",10.6,"( 8.8, 12.5)",7.1,"( 5.9,  8.3)",7.1,"( 6.0,  8.4)",21.4,"(18.2, 24.8)",POINT (-106.5245255 35.1270871)
NM,New Mexico,Bernalillo,35001,35001000110,3498,"2,925",10.6,"( 8.6, 12.9)",26.2,"(23.6, 29.0)",14.2,"(11.9, 16.8)",33.5,"(30.3, 36.9)",71.7,"(68.6, 74.7)",8,"( 7.3,  8.9)",10.3,"( 9.0, 11.6)",6.4,"( 5.7,  7.2)",68.3,"(64.5, 71.8)",84.8,"(82.7, 86.9)",62.6,"(58.6, 66.6)",5.9,"( 4.9,  7.0)",11.9,"( 9.9, 14.3)",65.5,"(62.5, 68.6)",26.6,"(23.3, 30.2)",10.6,"( 9.2, 12.2)",19.6,"(17.0, 22.5)",35.4,"(31.9, 38.8)",20.8,"(17.6, 24.3)",73.6,"(67.6, 79.3)",16.5,"(14.5, 18.6)",32.2,"(27.6, 37.0)",13.9,"(12.2, 15.8)",30.6,"(27.0, 34.6)",3.4,"( 3.0,  3.8)",10,"( 8.2, 12.0)",7.3,"( 6.4,  8.3)",5.3,"( 4.7,  6.0)",13.9,"(12.1, 16.0)",12.9,"(11.0, 14.9)",3.8,"( 3.3,  4.3)",8.2,"( 7.1,  9.4)",30,"(26.3, 33.8)",33.9,"(30.0, 37.8)",12.3,"(10.0, 14.8)",15.2,"(12.7, 18.0)",13.2,"(11.2, 15.5)",9.1,"( 7.8, 10.6)",8.8,"( 7.6, 10.2)",22.5,"(19.5, 25.8)",POINT (-106.5244775 35.1198675)
NM,New Mexico,Bernalillo,35001,35001000111,2820,"2,207",7.9,"( 6.4,  9.9)",24.5,"(22.0, 27.1)",14.9,"(12.4, 17.5)",31,"(27.9, 34.1)",71.3,"(67.7, 74.5)",8.5,"( 7.7,  9.4)",9.6,"( 8.4, 10.8)",5.6,"( 4.9,  6.4)",68.9,"(65.0, 72.4)",87.3,"(85.3, 89.1)",66.3,"(62.3, 70.3)",4.5,"( 3.7,  5.4)",9.3,"( 7.5, 11.4)",73.3,"(70.5, 75.9)",24.7,"(21.6, 28.0)",8.8,"( 7.6, 10.2)",15.3,"(13.0, 17.9)",34.9,"(31.5, 38.4)",16.8,"(14.0, 20.0)",77.3,"(71.7, 82.3)",14.4,"(12.5, 16.3)",28.5,"(24.3, 32.8)",11.8,"(10.3, 13.5)",28.2,"(24.6, 31.9)",2.8,"( 2.5,  3.2)",5,"( 4.0,  6.1)",6.6,"( 5.8,  7.5)",3.8,"( 3.3,  4.4)",11.3,"( 9.6, 13.2)",10.3,"( 8.7, 12.1)",2.8,"( 2.4,  3.3)",6.3,"( 5.3,  7.3)",25.3,"(21.9, 29.0)",32.4,"(28.6, 36.3)",7.1,"( 5.6,  9.0)",10,"( 8.2, 12.0)",9.5,"( 7.9, 11.2)",6.2,"( 5.2,  7.3)",6.1,"( 5.2,  7.0)",21.3,"(18.4, 24.5)",POINT (-106.5065439 35.119806)
NM,New Mexico,Bernalillo,35001,35001000112,1996,"1,703",5.3,"( 4.2,  6.7)",28,"(24.9, 31.1)",13.6,"(11.3, 16.0)",33.9,"(30.4, 37.4)",75.7,"(72.0, 78.9)",11,"( 9.9, 12.2)",9.3,"( 8.1, 10.5)",6.1,"( 5.2,  6.9)",73.4,"(69.9, 76.6)",91.2,"(89.7, 92.5)",72.2,"(68.3, 75.7)",4.3,"( 3.4,  5.3)",7,"( 5.3,  8.8)",77.4,"(74.9, 79.7)",23.2,"(20.1, 26.4)",9.1,"( 7.7, 10.5)",12.9,"(10.7, 15.1)",38.6,"(34.9, 42.3)",14,"(11.3, 16.9)",78.8,"(73.5, 83.4)",11.8,"(10.1, 13.5)",26.6,"(22.4, 30.9)",10.8,"( 9.2, 12.4)",25.2,"(21.9, 28.7)",2.9,"( 2.5,  3.3)",9.2,"( 7.5, 11.1)",6.9,"( 6.0,  7.9)",3.2,"( 2.7,  3.7)",8.7,"( 7.3, 10.2)",9.8,"( 8.0, 11.7)",2.4,"( 2.0,  2.9)",5.1,"( 4.2,  6.0)",23,"(19.7, 26.4)",28.9,"(25.2, 32.5)",4.2,"( 3.2,  5.4)",6.2,"( 4.9,  7.7)",6.2,"( 5.0,  7.5)",4.2,"( 3.5,  5.0)",4.2,"( 3.5,  5.0)",18,"(15.3, 20.7)",POINT (-106.4841376 35.1069429)
NM,New Mexico,Bernalillo,35001,35001000113,3006,"2,420",9.1,"( 7.3, 11.1)",25.4,"(22.6, 28.1)",14.3,"(12.0, 16.8)",32.3,"(29.0, 35.6)",72.2,"(68.7, 75.2)",8.3,"( 7.5,  9.2)",9.8,"( 8.6, 11.0)",5.8,"( 5.1,  6.7)",69.3,"(65.5, 72.7)",87,"(85.0, 88.7)",64.1,"(60.1, 68.0)",4.9,"( 4.1,  5.9)",9.9,"( 8.0, 12.1)",69.2,"(66.2, 72.0)",25,"(21.9, 28.4)",9.7,"( 8.3, 11.2)",16.7,"(14.4, 19.5)",35.5,"(31.9, 38.9)",18.3,"(15.3, 21.7)",76.5,"(70.7, 81.8)",14.7,"(12.8, 16.7)",30.2,"(25.7, 34.9)",12.4,"(10.8, 14.2)",28.9,"(25.3, 32.6)",3,"( 2.7,  3.4)",11.7,"( 9.6, 14.1)",6.7,"( 5.8,  7.6)",4.4,"( 3.8,  5.0)",11.8,"(10.1, 13.7)",11.1,"( 9.5, 13.0)",3.1,"( 2.7,  3.6)",6.7,"( 5.7,  7.8)",26.5,"(23.0, 30.1)",32.4,"(28.6, 36.3)",8.8,"( 6.9, 10.9)",11.7,"( 9.6, 14.1)",10.7,"( 8.9, 12.6)",7.1,"( 6.0,  8.4)",6.9,"( 5.9,  8.0)",21.2,"(18.3, 24.3)",POINT (-106.5067673 35.1125274)
NM,New Mexico,Bernalillo,35001,35001000114,3074,"2,457",12.1,"( 9.8, 14.8)",24.9,"(22.2, 27.6)",14.6,"(12.2, 17.2)",32.3,"(29.0, 35.6)",70.1,"(66.6, 73.3)",7.2,"( 6.5,  8.0)",10.2,"( 8.9, 11.5)",5.9,"( 5.2,  6.7)",67.2,"(63.3, 70.8)",85,"(82.8, 87.0)",61.2,"(56.9, 65.2)",5.5,"( 4.6,  6.5)",12.3,"(10.0, 14.6)",61.4,"(58.2, 64.6)",26.1,"(22.8, 29.5)",10.6,"( 9.1, 12.1)",20,"(17.2, 22.8)",35,"(31.5, 38.5)",21.2,"(17.8, 24.8)",70.8,"(64.4, 76.6)",16.4,"(14.5, 18.5)",32.7,"(28.0, 37.6)",14,"(12.2, 15.8)",31.9,"(28.1, 36.0)",3.1,"( 2.8,  3.5)",12.4,"(10.1, 15.0)",6.8,"( 5.9,  7.7)",5.3,"( 4.7,  6.0)",14,"(12.1, 16.1)",12.4,"(10.6, 14.3)",3.7,"( 3.2,  4.3)",7.9,"( 6.8,  9.0)",29.3,"(25.5, 33.1)",34.1,"(30.1, 38.3)",12.1,"( 9.7, 14.6)",16,"(13.0, 18.9)",14.1,"(11.8, 16.4)",9.2,"( 7.7, 10.7)",8.8,"( 7.5, 10.2)",23.5,"(20.2, 26.8)",POINT (-106.5243728 35.1125918)
NM,New Mexico,Bernalillo,35001,35001000115,3263,"2,595",11.4,"( 9.2, 14.1)",24.4,"(21.9, 27.0)",14.8,"(12.4, 17.4)",32.3,"(29.0, 35.4)",69.3,"(65.8, 72.3)",7,"( 6.3,  7.8)",10.4,"( 9.1, 11.7)",6.1,"( 5.3,  6.8)",66.7,"(62.9, 70.4)",83.3,"(80.7, 85.5)",62,"(57.7, 66.2)",5.7,"( 4.8,  6.8)",12.8,"(10.5, 15.2)",65,"(61.9, 68.0)",26.8,"(23.3, 30.2)",10.5,"( 9.0, 12.0)",20.5,"(17.8, 23.4)",33.9,"(30.4, 37.2)",21.3,"(18.0, 24.9)",73.1,"(67.1, 78.5)",17.2,"(15.1, 19.3)",33.1,"(28.3, 37.9)",14.1,"(12.3, 15.9)",31,"(27.3, 35.1)",3.2,"( 2.9,  3.6)",10.6,"( 8.7, 12.7)",7,"( 6.2,  8.0)",5.7,"( 5.0,  6.4)",14.8,"(12.7, 16.9)",12.7,"(10.9, 14.7)",4,"( 3.5,  4.5)",8.5,"( 7.4,  9.8)",30.4,"(26.7, 34.1)",34.5,"(30.3, 38.5)",14,"(11.3, 16.8)",17.1,"(14.2, 20.3)",14.6,"(12.3, 17.2)",10.2,"( 8.7, 11.8)",9.8,"( 8.4, 11.3)",23.2,"(19.9, 26.5)",POINT (-106.5242249 35.1052704)
NM,New Mexico,Bernalillo,35001,35001000116,2925,"2,333",8.6,"( 6.8, 10.7)",26,"(23.3, 28.8)",14.2,"(11.8, 16.7)",32.7,"(29.5, 36.0)",73.5,"(69.9, 76.7)",9.1,"( 8.2, 10.1)",9.4,"( 8.3, 10.6)",5.9,"( 5.2,  6.7)",70.4,"(66.7, 73.9)",88.6,"(86.7, 90.3)",65.7,"(61.6, 69.6)",4.6,"( 3.8,  5.6)",8.8,"( 7.1, 10.8)",73.5,"(70.9, 76.2)",23.8,"(20.8, 27.1)",9.5,"( 8.2, 11.0)",15.6,"(13.3, 18.1)",36.4,"(32.8, 40.0)",17.2,"(14.3, 20.4)",75,"(69.0, 80.4)",13.5,"(11.8, 15.3)",28.9,"(24.7, 33.5)",11.9,"(10.3, 13.6)",27.1,"(23.7, 30.9)",3,"( 2.6,  3.4)",6.5,"( 5.2,  8.0)",6.8,"( 6.0,  7.8)",3.9,"( 3.5,  4.5)",10.7,"( 9.2, 12.4)",10.8,"( 9.2, 12.8)",2.8,"( 2.4,  3.3)",6.1,"( 5.2,  7.1)",25.5,"(22.2, 29.1)",31.5,"(27.8, 35.7)",6.8,"( 5.2,  8.6)",9.8,"( 8.0, 12.0)",9.3,"( 7.7, 11.1)",5.9,"( 5.0,  7.0)",5.8,"( 5.0,  6.8)",20.7,"(17.9, 23.9)",POINT (-106.5062014 35.1050545)
NM,New Mexico,Bernalillo,35001,35001000117,2317,"1,872",9.7,"( 7.6, 12.1)",28.1,"(25.3, 31.0)",12.8,"(10.7, 15.1)",35.4,"(32.2, 38.8)",74.8,"(71.4, 77.8)",9.4,"( 8.5, 10.5)",9.7,"( 8.5, 10.9)",7.1,"( 6.2,  8.1)",70.9,"(67.3, 74.3)",87.6,"(85.6, 89.4)",66.7,"(62.7, 70.6)",5.8,"( 4.7,  7.1)",10.2,"( 8.0, 12.5)",70.2,"(67.3, 73.0)",24.2,"(21.2, 27.4)",11,"( 9.5, 12.8)",18.7,"(15.8, 21.9)",37.8,"(34.1, 41.4)",20,"(16.5, 23.8)",76.1,"(70.3, 81.1)",14,"(12.2, 16.0)",30,"(25.8, 34.5)",13.3,"(11.5, 15.4)",27.9,"(24.5, 31.7)",3.5,"( 3.1,  4.1)",8.5,"( 6.9, 10.3)",8,"( 7.0,  9.1)",5.1,"( 4.4,  5.9)",11.9,"(10.1, 14.1)",13.2,"(11.0, 15.5)",3.6,"( 3.1,  4.2)",7.4,"( 6.2,  8.7)",28.9,"(25.1, 33.0)",31.7,"(27.8, 35.7)",9.7,"( 7.3, 12.1)",12.5,"( 9.9, 15.2)",10.5,"( 8.6, 12.5)",7.1,"( 5.9,  8.4)",7.1,"( 5.9,  8.3)",21,"(17.8, 24.2)",POINT (-106.542152 35.1270793)
NM,New Mexico,Bernalillo,35001,35001000118,2694,"2,098",9.3,"( 7.7, 11.2)",23.8,"(21.3, 26.4)",15,"(12.5, 17.6)",30.7,"(27.7, 33.9)",70.4,"(67.0, 73.4)",7.8,"( 7.0,  8.6)",10.1,"( 8.9, 11.4)",5.6,"( 4.9,  6.3)",67.8,"(63.9, 71.3)",85.1,"(83.1, 87.1)",65.2,"(61.1, 69.3)",4.8,"( 4.1,  5.7)",10.4,"( 8.7, 12.4)",71.4,"(68.6, 74.1)",25.7,"(22.5, 29.1)",9,"( 7.8, 10.4)",17,"(14.7, 19.4)",33.8,"(30.5, 37.1)",18.3,"(15.4, 21.4)",73.8,"(67.7, 79.3)",15.9,"(14.0, 17.9)",29.7,"(25.3, 34.3)",12.4,"(10.9, 14.0)",28.5,"(24.9, 32.3)",2.9,"( 2.6,  3.2)",8,"( 6.5,  9.8)",6.7,"( 5.9,  7.5)",4.4,"( 4.0,  5.0)",12.9,"(11.2, 14.8)",10.9,"( 9.3, 12.6)",3,"( 2.7,  3.4)",7.1,"( 6.2,  8.1)",27.4,"(24.0, 30.9)",34.3,"(30.5, 38.3)",9.2,"( 7.6, 11.1)",12.8,"(10.8, 15.1)",11.5,"( 9.8, 13.3)",7.5,"( 6.4,  8.7)",7.7,"( 6.7,  8.8)",22.7,"(19.7, 26.0)",POINT (-106.5597321 35.1269225)
NM,New Mexico,Bernalillo,35001,35001000119,1807,"1,474",7.6,"( 5.9,  9.8)",26.6,"(23.7, 29.7)",14.1,"(11.8, 16.6)",32.8,"(29.4, 36.4)",73.9,"(70.3, 77.0)",9.8,"( 8.8, 10.6)",9.4,"( 8.2, 10.7)",6,"( 5.2,  7.0)",71.1,"(67.5, 74.4)",89.1,"(87.5, 90.7)",70.4,"(66.6, 74.0)",4.5,"( 3.6,  5.7)",8.2,"( 6.4, 10.5)",74.2,"(71.6, 76.8)",23.7,"(20.5, 27.0)",9.2,"( 7.8, 10.8)",14.9,"(12.5, 17.9)",36.8,"(33.0, 40.3)",16.2,"(13.2, 19.9)",77.1,"(71.5, 82.2)",13,"(11.4, 15.1)",27.9,"(23.7, 32.6)",11.6,"(10.0, 13.7)",26.2,"(22.8, 29.9)",3,"( 2.6,  3.5)",9.2,"( 7.6, 11.2)",7.1,"( 6.2,  8.2)",3.8,"( 3.3,  4.5)",10.3,"( 8.7, 12.1)",10.7,"( 8.8, 13.1)",2.8,"( 2.4,  3.3)",6,"( 5.0,  7.2)",25.2,"(21.7, 29.3)",30.8,"(27.2, 34.8)",6,"( 4.6,  7.6)",8.6,"( 6.9, 10.7)",8.3,"( 6.8, 10.0)",5.4,"( 4.5,  6.5)",5.4,"( 4.6,  6.4)",19.7,"(17.0, 22.9)",POINT (-106.5600346 35.1197991)
NM,New Mexico,Bernalillo,35001,35001000120,2781,"2,167",11.5,"( 9.3, 14.0)",24.4,"(21.9, 27.0)",14.6,"(12.1, 17.0)",32.4,"(29.2, 35.5)",69.2,"(65.9, 72.3)",6.9,"( 6.3,  7.7)",10.6,"( 9.3, 11.9)",6.1,"( 5.4,  6.9)",67,"(63.1, 70.5)",83.1,"(80.8, 85.2)",54.4,"(49.8, 58.8)",5.8,"( 4.9,  6.8)",12.8,"(10.7, 15.3)",58.9,"(55.7, 62.1)",27.2,"(23.8, 30.8)",10.5,"( 9.1, 12.0)",20.8,"(17.9, 23.7)",33.6,"(30.3, 37.0)",21.7,"(18.3, 25.4)",68.5,"(61.7, 74.9)",17.6,"(15.5, 19.8)",33.6,"(28.9, 38.6)",14.1,"(12.4, 16.0)",32.1,"(28.3, 36.0)",3.2,"( 2.9,  3.6)",16.1,"(13.4, 19.2)",7,"( 6.1,  7.9)",5.8,"( 5.1,  6.5)",15.1,"(13.1, 17.4)",12.8,"(10.9, 14.7)",4,"( 3.5,  4.5)",8.8,"( 7.7, 10.1)",30.6,"(26.9, 34.7)",34.7,"(30.6, 38.7)",15.2,"(12.5, 18.0)",18.1,"(15.2, 21.2)",15.4,"(13.1, 17.9)",11,"( 9.4, 12.7)",10.3,"( 8.9, 11.9)",23.1,"(20.0, 26.5)",POINT (-106.5420786 35.1199118)
NM,New Mexico,Bernalillo,35001,35001000121,5882,"4,799",12.5,"(10.1, 15.3)",29.6,"(26.6, 32.5)",12.6,"(10.5, 14.9)",37.8,"(34.3, 41.2)",74.7,"(71.5, 77.5)",8.8,"( 7.9,  9.7)",10.2,"( 9.0, 11.6)",8,"( 7.1,  9.0)",70,"(66.4, 73.4)",85.6,"(83.5, 87.6)",61.3,"(56.9, 65.7)",7.2,"( 6.0,  8.4)",13.1,"(10.9, 15.7)",63.1,"(60.0, 66.2)",25.6,"(22.2, 29.0)",13.1,"(11.4, 15.1)",23.3,"(20.1, 26.8)",38.2,"(34.5, 41.7)",24.6,"(20.7, 28.7)",71.9,"(65.5, 77.6)",16.1,"(14.0, 18.1)",33.5,"(28.6, 38.1)",15.8,"(13.8, 18.0)",30.7,"(27.1, 34.7)",4.2,"( 3.7,  4.7)",13.4,"(11.0, 16.0)",9,"( 7.9, 10.2)",6.7,"( 5.9,  7.6)",14.5,"(12.5, 16.7)",16.2,"(14.0, 18.8)",4.7,"( 4.1,  5.4)",9.4,"( 8.1, 10.8)",33.8,"(29.7, 38.0)",33.5,"(29.6, 37.6)",14.7,"(12.2, 17.7)",17.7,"(15.0, 20.8)",14.2,"(12.1, 16.5)",9.9,"( 8.5, 11.4)",9.6,"( 8.3, 11.0)",23,"(19.9, 26.4)",POINT (-106.5419867 35.1090849)
NM,New Mexico,Bernalillo,35001,35001000122,4284,"3,576",10.9,"( 8.7, 13.4)",27.6,"(24.7, 30.3)",13.5,"(11.3, 15.9)",35.2,"(31.7, 38.4)",73.6,"(70.5, 76.5)",8.8,"( 8.0,  9.7)",9.8,"( 8.6, 11.0)",7.1,"( 6.2,  8.0)",69.4,"(65.9, 72.9)",86.2,"(84.3, 88.1)",64.6,"(60.5, 68.7)",6,"( 5.0,  7.1)",11.4,"( 9.4, 13.6)",68.7,"(65.8, 71.6)",24.8,"(21.5, 28.0)",11.2,"( 9.7, 12.9)",19.9,"(17.1, 22.8)",37.1,"(33.6, 40.7)",21.7,"(18.2, 25.2)",73.2,"(67.1, 78.7)",15.3,"(13.3, 17.2)",30.8,"(26.2, 35.3)",14.1,"(12.3, 16.0)",29,"(25.4, 32.7)",3.6,"( 3.2,  4.1)",10.7,"( 8.8, 12.8)",8.2,"( 7.1,  9.2)",5.4,"( 4.7,  6.1)",13.2,"(11.3, 15.1)",13.8,"(11.8, 16.0)",3.8,"( 3.3,  4.4)",8,"( 6.9,  9.3)",30.6,"(26.8, 34.4)",33.5,"(29.5, 37.5)",10.6,"( 8.6, 13.0)",14,"(11.6, 16.6)",12,"(10.1, 14.0)",7.9,"( 6.7,  9.2)",7.9,"( 6.7,  9.0)",23,"(19.8, 26.3)",POINT (-106.5598714 35.1091892)
NM,New Mexico,Bernalillo,35001,35001000123,4953,"3,998",12.6,"(10.0, 15.3)",25.7,"(23.0, 28.4)",13.9,"(11.6, 16.5)",33.6,"(30.3, 36.8)",71.7,"(68.3, 74.8)",7.7,"( 6.9,  8.5)",9.9,"( 8.7, 11.2)",6.5,"( 5.7,  7.4)",67.9,"(64.1, 71.5)",85.1,"(82.7, 87.1)",64.2,"(60.0, 68.3)",5.7,"( 4.8,  6.8)",12,"( 9.9, 14.3)",69.3,"(66.4, 72.3)",25.2,"(22.1, 28.5)",11.1,"( 9.6, 12.7)",20.8,"(18.1, 23.7)",35.9,"(32.4, 39.4)",22.4,"(19.1, 25.9)",75.3,"(69.2, 80.5)",15.9,"(14.0, 17.9)",32.1,"(27.5, 36.8)",14.2,"(12.5, 16.1)",29.5,"(25.9, 33.4)",3.4,"( 3.0,  3.8)",8.4,"( 6.8, 10.2)",7.5,"( 6.7,  8.5)",5.7,"( 5.0,  6.4)",14,"(12.0, 16.0)",13.5,"(11.6, 15.5)",3.9,"( 3.4,  4.5)",8.2,"( 7.0,  9.4)",30.5,"(26.9, 34.4)",34.1,"(30.1, 38.3)",12.3,"(10.1, 15.0)",16.1,"(13.4, 19.1)",13.7,"(11.6, 16.1)",8.9,"( 7.6, 10.4)",8.7,"( 7.6, 10.2)",23.5,"(20.3, 27.0)",POINT (-106.5414597 35.0949234)
NM,New Mexico,Bernalillo,35001,35001000124,3339,"2,845",14,"(11.5, 16.9)",28,"(25.3, 30.7)",13.1,"(10.9, 15.5)",37.7,"(34.3, 40.8)",72.6,"(69.4, 75.4)",7.5,"( 6.8,  8.3)",10.5,"( 9.2, 11.9)",8,"( 7.1,  8.9)",68.3,"(64.5, 71.9)",83.3,"(81.0, 85.4)",60.3,"(56.1, 64.5)",7.4,"( 6.3,  8.6)",15,"(12.5, 17.5)",58.9,"(55.6, 62.2)",26.3,"(23.0, 29.7)",14,"(12.2, 15.8)",25.7,"(22.5, 28.8)",37.1,"(33.7, 40.6)",26.1,"(22.3, 30.0)",72.4,"(66.1, 78.2)",17.4,"(15.3, 19.5)",36.4,"(31.6, 41.2)",16.5,"(14.5, 18.5)",32.3,"(28.5, 36.3)",4.2,"( 3.8,  4.6)",13.6,"(11.2, 16.3)",8.7,"( 7.7,  9.8)",7.7,"( 6.8,  8.6)",16.1,"(14.0, 18.2)",16.6,"(14.4, 18.8)",5.4,"( 4.7,  6.0)",10.2,"( 8.9, 11.5)",35.1,"(31.1, 39.0)",34.1,"(30.2, 38.1)",19.6,"(16.5, 23.0)",22.3,"(19.1, 25.8)",17.6,"(15.1, 20.1)",12.8,"(11.1, 14.6)",12.1,"(10.5, 13.7)",23.8,"(20.8, 27.2)",POINT (-106.5604302 35.0981158)
NM,New Mexico,Bernalillo,35001,35001000125,4006,"3,432",6.1,"( 4.8,  7.6)",27.5,"(24.4, 30.6)",13.3,"(11.0, 15.5)",34.1,"(30.6, 37.7)",75.7,"(72.2, 78.7)",10.5,"( 9.4, 11.6)",9,"( 7.9, 10.2)",6.2,"( 5.3,  7.1)",73.1,"(69.5, 76.3)",90.9,"(89.4, 92.2)",71,"(67.4, 74.5)",4.3,"( 3.4,  5.4)",7.3,"( 5.6,  9.4)",75.6,"(73.0, 78.0)",22.3,"(19.4, 25.5)",9.6,"( 8.2, 11.1)",13.6,"(11.4, 16.3)",39,"(35.3, 42.6)",15,"(12.3, 18.2)",79.3,"(73.9, 83.9)",11.7,"(10.1, 13.4)",26.6,"(22.6, 31.0)",11,"( 9.4, 12.8)",26.3,"(23.0, 30.0)",2.9,"( 2.5,  3.4)",6.7,"( 5.5,  8.2)",7,"( 6.0,  8.0)",3.4,"( 2.9,  4.0)",8.9,"( 7.5, 10.5)",10.1,"( 8.3, 12.2)",2.5,"( 2.1,  3.0)",5.1,"( 4.3,  6.2)",23.4,"(20.1, 27.1)",29.4,"(25.7, 33.3)",4.6,"( 3.5,  6.1)",7,"( 5.6,  8.8)",6.7,"( 5.5,  8.2)",4.4,"( 3.6,  5.3)",4.5,"( 3.8,  5.3)",19,"(16.2, 22.1)",POINT (-106.488852 35.0948607)
NM,New Mexico,Bernalillo,35001,35001000126,2785,"2,348",10.2,"( 8.3, 12.6)",26.9,"(24.2, 29.7)",13.8,"(11.5, 16.2)",34.6,"(31.3, 38.0)",73,"(69.8, 76.0)",8.4,"( 7.6,  9.3)",10.1,"( 8.9, 11.3)",6.8,"( 6.0,  7.7)",69.1,"(65.4, 72.6)",85.5,"(83.4, 87.4)",62.9,"(58.6, 67.1)",5.9,"( 4.9,  7.0)",11.5,"( 9.3, 13.8)",66.1,"(63.1, 69.2)",25.8,"(22.5, 29.1)",11,"( 9.5, 12.7)",19.6,"(16.9, 22.5)",36.2,"(32.7, 39.6)",21,"(17.6, 24.6)",73,"(66.8, 78.6)",15.8,"(13.8, 17.9)",31.9,"(27.3, 36.6)",13.9,"(12.1, 15.7)",29.7,"(26.1, 33.6)",3.5,"( 3.1,  4.0)",11.2,"( 9.3, 13.3)",7.8,"( 6.8,  8.8)",5.4,"( 4.8,  6.1)",13.4,"(11.6, 15.4)",13.2,"(11.3, 15.3)",3.8,"( 3.3,  4.3)",8.1,"( 7.0,  9.2)",30.1,"(26.3, 33.9)",33.3,"(29.4, 37.1)",11.6,"( 9.6, 14.0)",14.6,"(12.4, 17.3)",12.4,"(10.6, 14.5)",8.6,"( 7.3,  9.9)",8.4,"( 7.3,  9.6)",22.1,"(19.0, 25.1)",POINT (-106.5067542 35.0975439)
NM,New Mexico,Bernalillo,35001,35001000127,2837,"2,227",13,"(10.5, 15.7)",26,"(23.4, 28.7)",13.8,"(11.5, 16.3)",34.1,"(30.9, 37.4)",71.4,"(68.0, 74.6)",7.5,"( 6.7,  8.3)",10,"( 8.8, 11.2)",6.5,"( 5.8,  7.3)",67.8,"(64.0, 71.4)",84.7,"(82.5, 86.7)",63.3,"(59.0, 67.4)",6,"( 5.0,  7.0)",12.9,"(10.8, 15.1)",70.4,"(67.6, 73.2)",25.5,"(22.2, 28.8)",11.5,"(10.0, 13.1)",21.7,"(19.0, 24.6)",35.8,"(32.4, 39.3)",23.6,"(20.1, 27.2)",72.9,"(66.5, 78.6)",16.4,"(14.5, 18.3)",33.3,"(28.6, 38.1)",14.7,"(12.9, 16.5)",28.6,"(25.2, 32.4)",3.5,"( 3.1,  3.9)",11.6,"( 9.5, 14.1)",7.5,"( 6.6,  8.4)",6,"( 5.3,  6.7)",14.5,"(12.6, 16.4)",13.9,"(12.0, 15.9)",4.1,"( 3.6,  4.6)",8.5,"( 7.4,  9.6)",31.3,"(27.6, 34.9)",34.2,"(30.3, 38.4)",14.1,"(11.6, 16.9)",17.7,"(14.8, 20.9)",14.9,"(12.7, 17.4)",9.9,"( 8.5, 11.5)",9.4,"( 8.1, 10.9)",23.8,"(20.6, 27.3)",POINT (-106.5238795 35.0980013)
NM,New Mexico,Bernalillo,35001,35001000128,3115,"2,438",14.8,"(11.6, 18.1)",23.7,"(21.1, 26.2)",14.5,"(12.1, 17.1)",31.8,"(28.6, 35.0)",69.3,"(66.0, 72.4)",6.4,"( 5.8,  7.1)",10.2,"( 9.0, 11.5)",6,"( 5.4,  6.8)",65.8,"(61.9, 69.6)",83,"(80.5, 85.4)",61.4,"(57.1, 65.6)",5.5,"( 4.7,  6.4)",13.1,"(10.8, 15.4)",62.4,"(59.3, 65.5)",26,"(22.7, 29.4)",11,"( 9.5, 12.6)",22.4,"(19.3, 25.7)",34.2,"(30.8, 37.6)",23.7,"(20.0, 27.6)",72.9,"(66.8, 78.7)",17.3,"(15.1, 19.5)",32.9,"(28.2, 37.7)",14.7,"(12.8, 16.6)",31.7,"(27.8, 35.7)",3.3,"( 2.9,  3.6)",10.7,"( 8.7, 13.0)",7.1,"( 6.2,  8.0)",6.2,"( 5.4,  7.0)",15.6,"(13.4, 18.0)",13.4,"(11.6, 15.5)",4.1,"( 3.6,  4.7)",8.8,"( 7.6, 10.0)",31.6,"(27.7, 35.7)",36.2,"(32.1, 40.5)",14.5,"(11.7, 17.4)",19.3,"(16.0, 22.8)",16.3,"(13.8, 19.1)",10.2,"( 8.7, 11.9)",10.3,"( 8.8, 11.9)",25.5,"(22.0, 29.1)",POINT (-106.5236494 35.0908404)
NM,New Mexico,Bernalillo,35001,35001000129,4252,"3,417",12.2,"(10.0, 14.4)",27.9,"(25.2, 30.8)",13.4,"(11.1, 15.8)",35.7,"(32.5, 39.1)",73,"(69.9, 75.8)",8.3,"( 7.4,  9.1)",10.5,"( 9.3, 11.9)",7.1,"( 6.3,  8.0)",68.8,"(65.1, 72.3)",84.4,"(82.2, 86.5)",59.9,"(55.7, 64.0)",6.7,"( 5.7,  7.7)",13.2,"(11.2, 15.4)",59.2,"(55.9, 62.5)",26.1,"(22.9, 29.6)",12,"(10.4, 13.7)",22.2,"(19.5, 25.1)",36.5,"(33.0, 39.9)",23.8,"(20.3, 27.5)",71.8,"(65.5, 77.6)",16.9,"(15.0, 19.1)",33.1,"(28.5, 37.9)",15.2,"(13.4, 17.1)",31.7,"(27.9, 35.7)",3.9,"( 3.5,  4.3)",17.7,"(14.8, 20.9)",8.1,"( 7.2,  9.2)",6.2,"( 5.5,  6.9)",14.9,"(13.1, 16.9)",15,"(13.0, 17.2)",4.3,"( 3.8,  4.8)",9.2,"( 8.1, 10.4)",33.1,"(29.4, 36.9)",34.9,"(31.0, 38.9)",14.4,"(12.0, 17.1)",17.8,"(15.2, 20.8)",14.8,"(12.7, 17.1)",10.1,"( 8.7, 11.6)",9.9,"( 8.6, 11.3)",24.2,"(21.0, 27.5)",POINT (-106.5059112 35.0902019)
NM,New Mexico,Bernalillo,35001,35001000203,2120,"1,781",11.1,"( 9.2, 13.1)",25.7,"(22.9, 28.4)",14.2,"(11.7, 16.7)",33.7,"(30.4, 37.0)",71.4,"(68.2, 74.4)",7.6,"( 6.8,  8.3)",10.3,"( 9.1, 11.6)",6.7,"( 5.8,  7.4)",67.8,"(63.9, 71.4)",83.5,"(81.2, 85.5)",59.6,"(55.2, 63.8)",6.1,"( 5.2,  7.0)",12.2,"(10.2, 14.3)",62.7,"(59.5, 65.9)",26.6,"(23.2, 30.0)",11.2,"( 9.7, 12.8)",20.9,"(18.1, 23.5)",35.2,"(31.8, 38.5)",21.6,"(18.2, 25.0)",70.3,"(63.8, 76.5)",16.7,"(14.7, 18.8)",32.9,"(28.1, 37.7)",14.2,"(12.4, 16.0)",30.5,"(26.8, 34.4)",3.4,"( 3.1,  3.8)",15.1,"(12.5, 17.7)",7.5,"( 6.6,  8.4)",5.9,"( 5.2,  6.6)",14.5,"(12.6, 16.4)",13.4,"(11.5, 15.3)",4.1,"( 3.6,  4.6)",8.7,"( 7.5,  9.8)",30.9,"(27.2, 34.6)",33.8,"(30.0, 37.8)",14.1,"(11.9, 16.6)",17,"(14.5, 19.8)",13.9,"(12.0, 16.0)",9.8,"( 8.5, 11.3)",9.7,"( 8.5, 11.1)",22.1,"(19.3, 25.2)",POINT (-106.5777771 35.127817)
NM,New Mexico,Bernalillo,35001,35001000204,2973,"2,412",12.4,"(10.1, 15.0)",24.3,"(21.7, 26.9)",14.2,"(11.9, 16.7)",32.7,"(29.4, 35.9)",70.6,"(67.2, 73.6)",7.1,"( 6.4,  7.9)",9.8,"( 8.6, 11.1)",6.1,"( 5.4,  6.9)",67.7,"(64.0, 71.3)",84.9,"(82.9, 86.9)",62.8,"(58.6, 66.9)",5.1,"( 4.4,  5.9)",11.3,"( 9.5, 13.4)",67.3,"(64.3, 70.3)",24.7,"(21.5, 28.0)",11.1,"( 9.6, 12.7)",20.5,"(17.8, 23.2)",34.8,"(31.4, 38.3)",21.8,"(18.4, 25.3)",75.3,"(69.5, 80.5)",15.7,"(13.8, 17.7)",32.6,"(27.8, 37.3)",13.7,"(12.1, 15.4)",30,"(26.4, 33.9)",3.2,"( 2.9,  3.6)",8.4,"( 6.9, 10.2)",7.2,"( 6.4,  8.1)",5.8,"( 5.1,  6.5)",13.7,"(11.9, 15.5)",12.9,"(11.1, 14.7)",3.8,"( 3.4,  4.3)",7.9,"( 6.9,  9.0)",29.9,"(26.3, 33.5)",33.7,"(29.8, 37.6)",12.5,"(10.2, 14.9)",16.5,"(13.8, 19.2)",14.4,"(12.2, 16.7)",9.5,"( 8.1, 10.9)",9.2,"( 7.9, 10.5)",23.1,"(20.0, 26.2)",POINT (-106.5952716 35.1271221)
NM,New Mexico,Bernalillo,35001,35001000205,3261,"2,721",17.1,"(13.8, 20.8)",23.5,"(21.0, 26.1)",14.3,"(11.9, 16.8)",32.9,"(29.5, 36.2)",68,"(64.7, 70.9)",6,"( 5.4,  6.6)",10.3,"( 9.0, 11.7)",6.5,"( 5.8,  7.3)",64.7,"(60.8, 68.5)",79.8,"(76.9, 82.5)",57.2,"(52.9, 61.4)",6.4,"( 5.5,  7.4)",14.9,"(12.5, 17.5)",57.9,"(54.5, 61.2)",26.7,"(23.2, 30.2)",12,"(10.4, 13.7)",25.6,"(22.2, 29.2)",33.7,"(30.3, 37.0)",26.6,"(22.5, 30.9)",69.1,"(62.6, 75.2)",18.6,"(16.3, 20.9)",35.7,"(30.6, 40.8)",15.9,"(13.9, 17.9)",32.7,"(28.8, 36.8)",3.5,"( 3.2,  3.9)",12.4,"(10.3, 14.9)",7.6,"( 6.6,  8.5)",7.6,"( 6.7,  8.7)",17.6,"(15.1, 20.1)",14.8,"(12.7, 16.9)",4.9,"( 4.3,  5.5)",10.3,"( 8.9, 11.7)",34.7,"(30.4, 39.0)",36.6,"(32.4, 40.7)",20.9,"(17.5, 24.7)",25,"(21.2, 29.2)",19.9,"(17.1, 23.0)",13.6,"(11.8, 15.6)",13.3,"(11.5, 15.4)",25.6,"(22.1, 29.2)",POINT (-106.5952785 35.1199109)
NM,New Mexico,Bernalillo,35001,35001000206,2906,"2,374",13,"(10.4, 15.7)",28.7,"(25.9, 31.6)",12.8,"(10.7, 15.1)",37,"(33.7, 40.4)",73.8,"(70.6, 76.9)",8.4,"( 7.5,  9.3)",10,"( 8.8, 11.3)",7.5,"( 6.7,  8.5)",69.7,"(65.9, 73.1)",86,"(83.9, 87.8)",60.4,"(56.2, 64.5)",6.7,"( 5.6,  7.9)",12.9,"(10.6, 15.3)",63.7,"(60.6, 66.8)",25.2,"(22.1, 28.6)",12.8,"(11.2, 14.6)",23,"(19.9, 26.0)",37.8,"(34.1, 41.4)",24.4,"(20.8, 28.4)",69.4,"(62.7, 75.6)",15.7,"(13.8, 17.7)",33.8,"(29.2, 38.9)",15.5,"(13.6, 17.5)",30.7,"(27.0, 34.6)",4,"( 3.5,  4.5)",16.6,"(13.9, 19.7)",8.5,"( 7.5,  9.6)",6.6,"( 5.8,  7.5)",14.2,"(12.4, 16.2)",15.7,"(13.5, 18.0)",4.6,"( 4.0,  5.2)",9,"( 7.7, 10.3)",32.8,"(29.0, 36.8)",33.1,"(29.1, 37.2)",14.6,"(11.7, 17.5)",17.7,"(14.6, 20.9)",14.5,"(12.2, 16.9)",9.9,"( 8.5, 11.5)",9.4,"( 8.1, 10.7)",22.8,"(19.7, 26.1)",POINT (-106.5775787 35.1203906)
NM,New Mexico,Bernalillo,35001,35001000207,3212,"2,651",12.1,"( 9.8, 14.8)",25.2,"(22.3, 27.8)",14.2,"(11.8, 16.7)",33.3,"(29.9, 36.6)",71.3,"(67.8, 74.4)",7.4,"( 6.7,  8.2)",9.8,"( 8.5, 11.0)",6.3,"( 5.6,  7.0)",68,"(64.3, 71.6)",85.4,"(83.3, 87.4)",61.6,"(57.4, 65.7)",5.3,"( 4.5,  6.3)",11.5,"( 9.5, 13.7)",65.9,"(62.9, 69.0)",24.6,"(21.4, 27.8)",11.2,"( 9.6, 12.7)",20.3,"(17.5, 23.3)",35.5,"(32.0, 38.9)",22,"(18.5, 25.6)",71.9,"(65.6, 77.6)",15.6,"(13.7, 17.6)",32.5,"(27.6, 37.2)",13.9,"(12.2, 15.7)",30.3,"(26.6, 34.2)",3.3,"( 3.0,  3.7)",8.6,"( 7.0, 10.5)",7.3,"( 6.4,  8.2)",5.6,"( 4.9,  6.4)",13.5,"(11.7, 15.4)",13.1,"(11.2, 15.1)",3.8,"( 3.3,  4.4)",7.8,"( 6.8,  9.0)",29.8,"(26.3, 33.5)",33.7,"(29.8, 37.8)",12,"( 9.7, 14.3)",15.9,"(13.1, 18.8)",13.8,"(11.5, 16.1)",9,"( 7.7, 10.5)",8.7,"( 7.5, 10.0)",23.3,"(20.1, 26.5)",POINT (-106.5775575 35.1093722)
NM,New Mexico,Bernalillo,35001,35001000208,2690,"2,255",18.8,"(15.4, 22.4)",27.3,"(24.6, 30.2)",12.9,"(10.7, 15.2)",37.8,"(34.4, 41.3)",71.4,"(68.2, 74.5)",6.5,"( 5.8,  7.2)",10.3,"( 9.1, 11.7)",8.2,"( 7.3,  9.2)",66.4,"(62.4, 70.0)",81.2,"(78.6, 83.6)",53.7,"(49.2, 58.2)",7.8,"( 6.7,  9.1)",17.2,"(14.6, 20.1)",53.9,"(50.6, 57.3)",26.1,"(22.8, 29.6)",15.3,"(13.4, 17.4)",30.2,"(26.6, 34.0)",37.5,"(34.0, 41.0)",31,"(26.8, 35.6)",69.6,"(62.9, 75.6)",18.3,"(16.1, 20.6)",37.8,"(32.9, 42.9)",18.3,"(16.1, 20.7)",33.4,"(29.5, 37.5)",4.4,"( 4.0,  4.9)",16.9,"(14.3, 20.0)",9.2,"( 8.1, 10.3)",9.5,"( 8.4, 10.7)",18.4,"(16.0, 20.9)",18.7,"(16.2, 21.3)",6.3,"( 5.6,  7.2)",11.6,"(10.1, 13.2)",38.4,"(34.2, 42.8)",35.7,"(31.6, 39.7)",24.5,"(20.6, 28.4)",28.1,"(24.0, 32.2)",21.3,"(18.5, 24.4)",14.9,"(12.9, 16.9)",14.2,"(12.3, 16.1)",26.1,"(22.7, 29.6)",POINT (-106.5953954 35.1101426)
NM,New Mexico,Bernalillo,35001,35001000300,5863,"5,049",8.3,"( 6.7, 10.5)",24.1,"(21.6, 26.7)",14.8,"(12.3, 17.4)",31.1,"(28.0, 34.3)",71.2,"(67.9, 74.1)",8.1,"( 7.3,  8.9)",9.7,"( 8.6, 11.1)",5.8,"( 5.1,  6.6)",68.4,"(64.6, 71.8)",85.4,"(83.1, 87.3)",65.3,"(61.2, 69.1)",4.9,"( 3.9,  5.9)",9.1,"( 7.3, 11.4)",69.6,"(66.8, 72.5)",25.7,"(22.5, 29.4)",9.2,"( 8.0, 10.6)",16.3,"(14.0, 19.0)",34.3,"(31.0, 37.7)",17.2,"(14.3, 20.5)",75.1,"(69.0, 80.5)",14.7,"(12.9, 17.0)",29.5,"(25.1, 34.3)",11.8,"(10.3, 13.6)",27.8,"(24.3, 31.6)",2.9,"( 2.6,  3.3)",10,"( 8.2, 11.8)",6.7,"( 5.9,  7.6)",4.4,"( 3.9,  5.1)",11.9,"(10.2, 13.9)",10.6,"( 9.0, 12.6)",3.1,"( 2.6,  3.6)",6.8,"( 5.8,  8.0)",26.2,"(22.8, 30.0)",32,"(28.2, 36.0)",8.9,"( 6.9, 11.2)",11.4,"( 9.3, 14.0)",9.9,"( 8.2, 11.8)",7,"( 5.9,  8.3)",7.1,"( 6.0,  8.3)",19.7,"(16.8, 22.7)",POINT (-106.6157686 35.099233)
NM,New Mexico,Bernalillo,35001,35001000401,4270,"3,558",9,"( 7.1, 11.1)",25,"(22.4, 27.8)",14.2,"(11.8, 16.7)",32.4,"(29.2, 35.7)",72,"(68.5, 75.1)",8.2,"( 7.3,  9.0)",9.6,"( 8.5, 11.0)",6,"( 5.2,  6.8)",69.1,"(65.5, 72.6)",86.5,"(84.4, 88.3)",65.8,"(61.9, 69.5)",4.9,"( 4.0,  5.9)",9.6,"( 7.7, 11.8)",70.1,"(67.1, 72.9)",24.8,"(21.6, 28.2)",10,"( 8.7, 11.6)",17,"(14.6, 19.8)",35.6,"(32.2, 39.2)",18.2,"(15.2, 21.6)",73.6,"(67.6, 79.2)",14.5,"(12.7, 16.6)",30.2,"(25.7, 34.8)",12.3,"(10.7, 14.1)",28.4,"(24.8, 32.2)",3,"( 2.6,  3.4)",7.5,"( 6.1,  9.2)",6.8,"( 5.9,  7.7)",4.6,"( 4.0,  5.2)",11.8,"(10.1, 13.7)",11.1,"( 9.4, 13.0)",3.2,"( 2.8,  3.7)",6.7,"( 5.8,  7.9)",26.5,"(23.0, 30.4)",32,"(28.3, 35.9)",9.1,"( 7.2, 11.3)",12.1,"( 9.9, 14.5)",10.7,"( 8.9, 12.7)",7.3,"( 6.2,  8.6)",7.2,"( 6.2,  8.4)",20.8,"(17.9, 23.9)",POINT (-106.5914848 35.099285)
NM,New Mexico,Bernalillo,35001,35001000402,3548,"3,015",8.5,"( 6.5, 10.9)",25.1,"(22.4, 27.8)",14.4,"(12.0, 17.0)",32.1,"(28.8, 35.2)",71.9,"(68.5, 75.1)",8.5,"( 7.7,  9.4)",9.7,"( 8.5, 11.0)",5.8,"( 5.0,  6.6)",69.4,"(65.7, 72.9)",87.3,"(85.3, 89.1)",66.4,"(62.4, 70.1)",4.8,"( 3.9,  6.0)",9.4,"( 7.5, 11.9)",71.7,"(68.9, 74.4)",24.8,"(21.6, 28.1)",9.4,"( 8.0, 10.9)",16.2,"(13.8, 19.1)",35.7,"(32.2, 39.2)",17.1,"(14.2, 20.5)",75.7,"(70.0, 81.0)",14.1,"(12.2, 16.0)",29.6,"(25.1, 34.1)",12,"(10.3, 13.8)",27.2,"(23.8, 30.9)",2.9,"( 2.5,  3.3)",4.2,"( 3.4,  5.2)",6.6,"( 5.7,  7.5)",4.2,"( 3.6,  4.9)",11.3,"( 9.6, 13.3)",10.7,"( 8.9, 12.7)",3,"( 2.5,  3.5)",6.4,"( 5.5,  7.6)",25.5,"(22.1, 29.2)",31.4,"(27.7, 35.5)",8.2,"( 6.3, 10.4)",11,"( 8.7, 13.6)",9.9,"( 8.1, 11.9)",6.7,"( 5.6,  7.8)",6.5,"( 5.5,  7.7)",20.2,"(17.4, 23.4)",POINT (-106.5908759 35.0910699)
NM,New Mexico,Bernalillo,35001,35001000501,2768,"2,380",14.8,"(12.3, 17.5)",31.8,"(28.7, 34.9)",11.4,"( 9.5, 13.5)",42.1,"(38.5, 45.8)",75.5,"(72.4, 78.4)",8.5,"( 7.6,  9.3)",10.7,"( 9.3, 12.0)",9.7,"( 8.7, 11.0)",70.4,"(66.7, 73.8)",84.2,"(81.9, 86.2)",56,"(51.4, 60.4)",9.1,"( 7.8, 10.6)",16.9,"(14.3, 19.8)",53.1,"(49.8, 56.4)",25.8,"(22.5, 29.2)",16.3,"(14.2, 18.6)",29.4,"(26.0, 33.1)",39.3,"(35.6, 42.9)",30.2,"(26.1, 34.9)",65.3,"(58.2, 72.0)",17.3,"(15.2, 19.5)",37.4,"(32.2, 42.4)",18.4,"(16.3, 20.8)",32.7,"(28.9, 36.8)",5.2,"( 4.7,  5.9)",18.2,"(15.4, 21.4)",10.7,"( 9.4, 12.0)",9.4,"( 8.4, 10.6)",16.9,"(14.7, 19.2)",20.5,"(18.0, 23.3)",6.5,"( 5.8,  7.4)",12,"(10.5, 13.7)",39.1,"(34.9, 43.5)",33.9,"(30.1, 37.8)",23.8,"(20.2, 27.3)",25.3,"(21.8, 28.8)",18.7,"(16.1, 21.3)",14.3,"(12.4, 16.2)",13.1,"(11.5, 14.8)",24.2,"(21.0, 27.4)",POINT (-106.5818291 35.0800836)
NM,New Mexico,Bernalillo,35001,35001000503,3350,"3,031",7.6,"( 6.1,  9.4)",23.6,"(21.1, 26.2)",15.1,"(12.6, 17.6)",30.3,"(27.2, 33.4)",70.8,"(67.5, 73.8)",8.3,"( 7.4,  9.1)",9.6,"( 8.4, 10.9)",5.5,"( 4.8,  6.2)",68.5,"(64.7, 72.1)",86.3,"(84.2, 88.2)",62.5,"(58.3, 66.5)",4.3,"( 3.5,  5.2)",8.3,"( 6.6, 10.4)",70.8,"(68.0, 73.6)",25.4,"(22.2, 28.8)",8.5,"( 7.3,  9.8)",15,"(12.8, 17.4)",33.5,"(30.0, 36.8)",16.2,"(13.3, 19.3)",74.5,"(68.3, 79.9)",14.3,"(12.4, 16.3)",28.8,"(24.5, 33.2)",11.2,"( 9.7, 12.8)",27.6,"(24.1, 31.3)",2.7,"( 2.4,  3.2)",9,"( 7.3, 10.8)",6.6,"( 5.7,  7.5)",4,"( 3.5,  4.6)",11.2,"( 9.5, 13.0)",10,"( 8.5, 11.8)",2.8,"( 2.4,  3.2)",6.4,"( 5.4,  7.5)",25.1,"(21.7, 28.5)",31.6,"(27.9, 35.8)",7.8,"( 6.1,  9.9)",10.1,"( 8.1, 12.4)",9.4,"( 7.7, 11.3)",6.6,"( 5.6,  7.9)",6.4,"( 5.5,  7.6)",19.3,"(16.6, 22.4)",POINT (-106.5949158 35.0830703)
NM,New Mexico,Bernalillo,35001,35001000504,1287,"1,171",7.7,"( 6.1,  9.9)",21.6,"(19.2, 24.2)",16,"(13.4, 18.8)",29.3,"(26.2, 32.3)",69.1,"(65.6, 72.3)",7.3,"( 6.6,  8.1)",9.3,"( 8.2, 10.5)",5.1,"( 4.4,  5.8)",67.3,"(63.4, 71.0)",86.3,"(84.1, 88.3)",64.5,"(60.5, 68.3)",3.9,"( 3.2,  4.7)",8.4,"( 6.7, 10.5)",72.2,"(69.4, 74.9)",24.4,"(21.3, 27.6)",8.4,"( 7.1,  9.7)",14.2,"(12.1, 16.5)",33.1,"(29.8, 36.4)",15,"(12.4, 17.8)",76.6,"(70.8, 81.6)",14,"(12.3, 15.9)",28.6,"(24.3, 33.0)",10.6,"( 9.2, 12.2)",28,"(24.4, 31.8)",2.5,"( 2.2,  2.8)",6.2,"( 5.0,  7.6)",5.9,"( 5.1,  6.7)",3.7,"( 3.2,  4.2)",10.7,"( 9.2, 12.5)",8.7,"( 7.3, 10.3)",2.5,"( 2.2,  3.0)",5.7,"( 4.9,  6.6)",23.2,"(20.0, 26.6)",31.6,"(27.9, 35.6)",7,"( 5.4,  9.0)",9.8,"( 8.0, 12.1)",9.3,"( 7.7, 11.3)",6.4,"( 5.4,  7.6)",6.3,"( 5.4,  7.4)",20.2,"(17.4, 23.4)",POINT (-106.5957285 35.0759658)
NM,New Mexico,Bernalillo,35001,35001000601,3854,"3,199",11.5,"( 9.2, 14.3)",27.2,"(24.4, 30.1)",13.1,"(10.9, 15.5)",35.4,"(32.1, 38.8)",73.2,"(69.9, 76.3)",8.3,"( 7.4,  9.2)",10,"( 8.8, 11.3)",7,"( 6.2,  8.0)",69.5,"(65.6, 72.9)",85.9,"(83.9, 87.8)",61.4,"(57.0, 65.5)",6.1,"( 5.1,  7.3)",12,"( 9.8, 14.3)",65.6,"(62.4, 68.6)",25.1,"(21.9, 28.4)",11.8,"(10.2, 13.5)",21,"(18.2, 24.2)",37,"(33.4, 40.5)",22.2,"(18.8, 26.0)",71,"(64.6, 76.9)",15.5,"(13.5, 17.5)",32.4,"(27.9, 37.2)",14.3,"(12.6, 16.3)",30.2,"(26.6, 34.1)",3.6,"( 3.2,  4.1)",11.9,"( 9.8, 14.3)",7.9,"( 6.9,  9.0)",5.9,"( 5.1,  6.7)",13.6,"(11.7, 15.6)",14,"(11.9, 16.2)",4.1,"( 3.6,  4.7)",8.3,"( 7.1,  9.6)",30.7,"(26.9, 34.6)",33.1,"(29.1, 37.2)",13,"(10.5, 15.7)",16.1,"(13.3, 19.0)",13.4,"(11.2, 15.7)",9.1,"( 7.8, 10.7)",8.8,"( 7.6, 10.2)",22.5,"(19.5, 26.0)",POINT (-106.5659472 35.0918994)
NM,New Mexico,Bernalillo,35001,35001000603,4716,"3,515",25.8,"(20.9, 31.4)",24.2,"(21.6, 26.9)",12.9,"(10.8, 15.4)",36.4,"(32.9, 39.8)",67.1,"(63.6, 70.5)",4.8,"( 4.3,  5.3)",10.7,"( 9.4, 12.1)",7.7,"( 6.8,  8.6)",63.1,"(59.2, 67.1)",76.4,"(73.4, 79.6)",45.9,"(41.7, 50.2)",8.2,"( 7.0,  9.4)",20.7,"(17.3, 24.1)",45.7,"(42.4, 49.0)",26.7,"(23.2, 30.1)",15.7,"(13.7, 17.8)",35.8,"(31.0, 40.3)",35.3,"(31.8, 38.6)",35.5,"(30.1, 40.4)",65.4,"(58.4, 71.8)",20.3,"(17.7, 22.8)",40.9,"(35.5, 46.1)",19.8,"(17.2, 22.4)",36.2,"(32.0, 40.4)",4.3,"( 3.8,  4.8)",24.1,"(20.4, 28.5)",8.5,"( 7.4,  9.6)",12,"(10.3, 13.6)",22,"(18.8, 25.1)",19.6,"(16.8, 22.4)",7.7,"( 6.6,  8.7)",13.8,"(11.7, 15.7)",41.5,"(36.3, 46.1)",38.2,"(33.9, 42.6)",36.3,"(30.9, 41.7)",39.6,"(34.0, 45.3)",29.5,"(25.3, 33.6)",20.9,"(18.1, 23.9)",19.8,"(17.0, 22.7)",28.9,"(25.3, 33.0)",POINT (-106.5555419 35.0797082)
NM,New Mexico,Bernalillo,35001,35001000605,4119,"3,264",21.1,"(17.0, 25.8)",25.2,"(22.3, 27.9)",12.9,"(10.7, 15.3)",36.5,"(32.9, 39.9)",69.1,"(65.6, 72.3)",5.7,"( 5.1,  6.3)",10.6,"( 9.3, 12.0)",7.9,"( 6.9,  8.9)",65,"(60.9, 68.8)",79.4,"(76.5, 82.1)",50.9,"(46.5, 55.2)",7.7,"( 6.6,  8.9)",18.2,"(15.3, 21.3)",52.7,"(49.3, 56.0)",26.1,"(22.7, 29.6)",15.1,"(13.0, 17.1)",31.8,"(27.7, 36.1)",36,"(32.5, 39.5)",31.6,"(27.1, 36.4)",64.3,"(57.1, 71.1)",18.9,"(16.5, 21.2)",38.4,"(33.1, 43.5)",18.4,"(16.1, 20.8)",33.9,"(30.0, 38.3)",4.3,"( 3.8,  4.8)",16.7,"(13.9, 19.9)",8.8,"( 7.7,  9.9)",10.2,"( 8.8, 11.6)",19.5,"(16.8, 22.4)",18.4,"(15.8, 21.1)",6.6,"( 5.7,  7.6)",12.2,"(10.6, 14.1)",38.8,"(34.3, 43.4)",36.7,"(32.6, 40.8)",28.4,"(23.7, 33.3)",32.1,"(27.2, 37.1)",24.1,"(20.6, 28.0)",16.9,"(14.6, 19.5)",16.2,"(13.9, 18.8)",27.2,"(23.7, 31.0)",POINT (-106.5669181 35.0790451)
NM,New Mexico,Bernalillo,35001,35001000704,4015,"3,194",14.2,"(11.4, 17.2)",24.9,"(22.2, 27.5)",14.2,"(11.9, 16.7)",33.2,"(29.9, 36.4)",70,"(66.6, 73.2)",6.8,"( 6.1,  7.5)",10.3,"( 9.1, 11.7)",6.3,"( 5.6,  7.1)",66.5,"(62.7, 70.3)",83.5,"(81.2, 85.8)",58.6,"(54.3, 62.8)",5.9,"( 5.1,  7.0)",13.8,"(11.5, 16.5)",61.1,"(57.8, 64.4)",25.9,"(22.7, 29.3)",11.5,"( 9.9, 13.1)",22.7,"(19.7, 26.1)",35.1,"(31.6, 38.5)",24.2,"(20.4, 28.2)",73.7,"(67.7, 79.2)",17.3,"(15.3, 19.5)",33.6,"(28.7, 38.4)",15,"(13.2, 17.0)",32.4,"(28.5, 36.5)",3.4,"( 3.1,  3.8)",11.9,"( 9.8, 14.4)",7.3,"( 6.4,  8.2)",6.3,"( 5.5,  7.1)",15.5,"(13.5, 17.9)",13.9,"(11.9, 16.0)",4.2,"( 3.7,  4.8)",8.9,"( 7.7, 10.3)",32,"(28.1, 36.1)",35.8,"(31.9, 39.9)",15.1,"(12.4, 17.9)",19.5,"(16.4, 22.8)",16.4,"(14.1, 18.8)",10.5,"( 9.1, 12.0)",10.3,"( 8.9, 11.9)",25.5,"(22.4, 29.1)",POINT (-106.5187142 35.0824497)
NM,New Mexico,Bernalillo,35001,35001000711,4272,"3,595",7.9,"( 6.4,  9.7)",26.7,"(23.9, 29.5)",13.8,"(11.5, 16.3)",33.9,"(30.5, 37.3)",73.7,"(70.5, 76.8)",9.2,"( 8.3, 10.1)",9.5,"( 8.3, 10.7)",6.2,"( 5.5,  7.0)",70.7,"(67.1, 74.2)",88.4,"(86.7, 90.1)",69.6,"(65.7, 73.3)",5,"( 4.1,  5.9)",9.5,"( 7.6, 11.5)",70.7,"(68.0, 73.4)",24.2,"(20.9, 27.5)",10.1,"( 8.6, 11.6)",16.1,"(13.8, 18.5)",37.2,"(33.5, 40.8)",17.7,"(14.6, 20.9)",77.2,"(71.5, 82.2)",13.8,"(12.0, 15.6)",29.6,"(25.1, 34.2)",12.2,"(10.5, 13.9)",28.2,"(24.6, 31.9)",3.1,"( 2.7,  3.5)",6,"( 4.9,  7.3)",7,"( 6.1,  8.0)",4.1,"( 3.6,  4.6)",10.8,"( 9.3, 12.5)",11.1,"( 9.3, 12.9)",3,"( 2.6,  3.4)",6.3,"( 5.3,  7.2)",25.9,"(22.4, 29.3)",31.1,"(27.6, 35.2)",7.6,"( 6.0,  9.3)",10.3,"( 8.5, 12.4)",9.4,"( 7.8, 11.2)",6.3,"( 5.4,  7.5)",6.1,"( 5.2,  7.1)",20.5,"(17.8, 23.7)",POINT (-106.4887034 35.0772012)
NM,New Mexico,Bernalillo,35001,35001000712,4189,"3,139",16,"(13.2, 19.3)",25.7,"(22.9, 28.3)",13.5,"(11.2, 16.0)",35,"(31.5, 38.3)",69.1,"(65.7, 72.3)",6.3,"( 5.7,  6.9)",10.9,"( 9.6, 12.3)",6.9,"( 6.1,  7.8)",65.9,"(62.0, 69.7)",80.9,"(78.3, 83.3)",58.9,"(54.6, 63.0)",7.4,"( 6.2,  8.5)",17.2,"(14.3, 19.9)",59.8,"(56.5, 63.1)",27.7,"(24.3, 31.3)",12.9,"(11.2, 14.7)",27,"(23.5, 30.3)",35.1,"(31.7, 38.6)",27.8,"(23.5, 31.9)",71.1,"(64.7, 77.1)",19.1,"(16.8, 21.4)",36.7,"(31.7, 41.7)",16.9,"(14.7, 18.9)",32.9,"(29.1, 37.0)",3.9,"( 3.4,  4.3)",12.2,"(10.0, 14.6)",7.7,"( 6.8,  8.7)",8,"( 7.0,  8.9)",18,"(15.6, 20.5)",16.1,"(13.8, 18.4)",5.4,"( 4.8,  6.1)",11,"( 9.5, 12.5)",35.6,"(31.1, 39.7)",36.4,"(32.5, 40.5)",23.4,"(19.8, 27.5)",26.1,"(22.4, 29.9)",20.4,"(17.7, 23.3)",14.5,"(12.7, 16.5)",13.6,"(11.9, 15.4)",25.9,"(22.8, 29.4)",POINT (-106.5013356 35.0786286)
NM,New Mexico,Bernalillo,35001,35001000713,5509,"4,210",18.9,"(15.6, 22.6)",28.3,"(25.6, 31.0)",12.5,"(10.4, 14.8)",38.5,"(35.1, 41.8)",70.7,"(67.4, 73.5)",6.7,"( 6.0,  7.5)",11.4,"(10.1, 12.8)",8.5,"( 7.5,  9.5)",66.4,"(62.5, 70.1)",79.1,"(76.3, 81.7)",54.7,"(50.1, 59.2)",9.5,"( 8.1, 11.0)",20,"(17.0, 23.1)",50.4,"(47.1, 53.8)",28.4,"(25.0, 31.9)",15.2,"(13.4, 17.2)",32.3,"(28.6, 36.2)",36.6,"(33.3, 40.0)",32.3,"(27.8, 36.8)",64.5,"(57.4, 71.1)",20.2,"(18.0, 22.7)",39.3,"(34.3, 44.5)",19.4,"(17.1, 21.7)",34.3,"(30.4, 38.5)",4.8,"( 4.3,  5.3)",27.1,"(23.1, 31.4)",9.3,"( 8.2, 10.4)",10.5,"( 9.3, 11.6)",20.4,"(17.9, 23.2)",20,"(17.5, 22.6)",7.1,"( 6.2,  8.0)",13.6,"(12.0, 15.5)",40.7,"(36.4, 45.2)",36.8,"(32.6, 41.0)",31.6,"(26.9, 36.2)",32.6,"(28.1, 37.2)",23.9,"(20.5, 27.3)",17.9,"(15.5, 20.4)",16.9,"(14.6, 19.3)",26.3,"(22.8, 30.1)",POINT (-106.5063641 35.0639964)
NM,New Mexico,Bernalillo,35001,35001000714,5042,"3,980",11.8,"( 9.4, 14.4)",24.4,"(21.8, 27.1)",12.9,"(10.7, 15.2)",33.5,"(30.2, 36.8)",72.1,"(68.6, 75.3)",7,"( 6.3,  7.8)",9.3,"( 8.2, 10.5)",6.2,"( 5.5,  7.0)",68.5,"(64.7, 72.1)",85.2,"(83.0, 87.2)",60.9,"(56.8, 65.0)",5.3,"( 4.4,  6.2)",11.3,"( 9.3, 13.4)",65,"(61.9, 68.0)",23.1,"(20.2, 26.3)",11.7,"(10.1, 13.4)",20.4,"(17.7, 23.5)",36.3,"(32.8, 39.8)",22.5,"(19.1, 26.2)",72.9,"(66.7, 78.6)",14.8,"(12.9, 16.7)",30.7,"(26.1, 35.3)",13.5,"(11.8, 15.3)",30.6,"(26.8, 34.7)",3.3,"( 2.9,  3.7)",11.6,"( 9.5, 14.0)",7,"( 6.1,  7.9)",5.7,"( 5.0,  6.4)",12.9,"(11.1, 14.9)",12.8,"(11.0, 14.9)",3.8,"( 3.3,  4.3)",7.6,"( 6.5,  8.7)",28.8,"(25.4, 32.6)",33.8,"(29.7, 37.6)",12.3,"(10.0, 15.0)",16.5,"(13.8, 19.6)",13.4,"(11.3, 15.7)",8.7,"( 7.4, 10.2)",8.7,"( 7.5, 10.1)",23.9,"(20.6, 27.2)",POINT (-106.5259086 35.0523264)
NM,New Mexico,Bernalillo,35001,35001000715,2151,"1,513",33.3,"(27.2, 39.3)",27.7,"(24.8, 30.5)",11.3,"( 9.4, 13.5)",40.7,"(37.1, 44.2)",68.8,"(65.3, 71.9)",5,"( 4.4,  5.5)",11.1,"( 9.7, 12.6)",10,"( 8.8, 11.2)",63.4,"(59.2, 67.4)",73.5,"(70.0, 76.8)",42.9,"(38.8, 47.2)",11.3,"( 9.6, 12.9)",25.2,"(21.3, 29.2)",41.4,"(38.1, 44.7)",28.3,"(24.6, 32.0)",20.1,"(17.6, 22.5)",45.6,"(40.4, 50.7)",37.3,"(33.6, 40.8)",44.6,"(38.9, 49.9)",61.8,"(54.6, 68.6)",22.3,"(19.6, 25.0)",45.8,"(40.4, 51.0)",24.4,"(21.5, 27.4)",36.6,"(32.4, 40.9)",5.7,"( 5.0,  6.3)",29.9,"(25.7, 34.0)",10.9,"( 9.5, 12.2)",17.9,"(15.5, 20.2)",26.5,"(22.9, 30.2)",26.4,"(23.1, 29.6)",11.4,"( 9.9, 13.0)",18.7,"(16.1, 21.3)",49.5,"(44.4, 54.5)",38.5,"(34.0, 42.8)",53,"(46.6, 59.1)",52.5,"(46.4, 58.3)",37.6,"(32.9, 42.2)",29.3,"(25.9, 32.9)",26.8,"(23.2, 30.5)",28.9,"(24.9, 32.8)",POINT (-106.5420203 35.0701709)
NM,New Mexico,Bernalillo,35001,35001000716,4133,"3,184",20.6,"(16.7, 24.6)",25.8,"(23.1, 28.5)",13.1,"(10.9, 15.4)",36.2,"(32.8, 39.5)",70.2,"(66.9, 73.3)",6.1,"( 5.5,  6.7)",10.4,"( 9.1, 11.7)",7.5,"( 6.7,  8.3)",65.6,"(61.7, 69.4)",80.8,"(78.2, 83.3)",56.4,"(51.9, 60.8)",7.3,"( 6.3,  8.3)",16.8,"(14.3, 19.3)",56.6,"(53.3, 59.9)",25.8,"(22.5, 29.2)",14.4,"(12.6, 16.3)",29.8,"(26.2, 33.4)",36.2,"(32.6, 39.7)",31,"(26.6, 35.1)",70.1,"(63.8, 76.0)",18.5,"(16.3, 20.6)",37.6,"(32.6, 42.6)",17.8,"(15.7, 19.8)",33.1,"(29.3, 37.2)",4.1,"( 3.7,  4.5)",12.9,"(10.7, 15.4)",8.3,"( 7.4,  9.3)",9.1,"( 8.1, 10.2)",18.5,"(16.1, 20.9)",17.7,"(15.4, 20.0)",5.9,"( 5.3,  6.7)",11.3,"( 9.9, 12.7)",37.6,"(33.3, 41.6)",36.9,"(32.8, 41.1)",24.6,"(20.5, 28.4)",29,"(24.8, 33.3)",22.6,"(19.4, 25.8)",15,"(13.0, 17.1)",14.4,"(12.4, 16.4)",27.3,"(23.8, 31.0)",POINT (-106.5413744 35.0790803)
NM,New Mexico,Bernalillo,35001,35001000717,1848,"1,446",17.4,"(13.9, 21.3)",27.6,"(24.9, 30.3)",12.9,"(10.8, 15.2)",37.2,"(33.8, 40.4)",71.2,"(68.1, 74.0)",7,"( 6.3,  7.7)",11.3,"(10.0, 12.8)",8.2,"( 7.3,  9.3)",66.8,"(63.0, 70.4)",80.4,"(77.8, 82.9)",56.9,"(52.4, 61.4)",8.3,"( 7.0,  9.7)",17.2,"(14.4, 20.1)",56.1,"(52.8, 59.4)",27.8,"(24.4, 31.3)",14.3,"(12.4, 16.2)",29.6,"(25.8, 33.4)",35.9,"(32.5, 39.3)",29.5,"(25.1, 33.8)",69.6,"(63.0, 75.8)",19.5,"(17.2, 21.9)",37.4,"(32.5, 42.3)",18.2,"(15.9, 20.5)",33.1,"(29.3, 37.2)",4.6,"( 4.1,  5.1)",13.3,"(10.9, 15.9)",9.2,"( 8.1, 10.4)",9.4,"( 8.2, 10.7)",19.2,"(16.7, 22.0)",18.7,"(16.1, 21.3)",6.4,"( 5.5,  7.3)",12.6,"(11.0, 14.4)",39.2,"(34.8, 43.6)",36.9,"(33.0, 41.0)",25.7,"(22.1, 29.7)",28.5,"(24.7, 32.6)",21.8,"(19.1, 24.8)",15.8,"(13.8, 17.9)",15.3,"(13.4, 17.5)",26.1,"(22.8, 29.5)",POINT (-106.507447 35.0714616)
NM,New Mexico,Bernalillo,35001,35001000718,4500,"3,513",15.3,"(12.2, 18.8)",25.6,"(22.9, 28.3)",13.7,"(11.4, 16.1)",33.9,"(30.6, 37.1)",70.3,"(67.0, 73.4)",7.1,"( 6.4,  7.8)",10.4,"( 9.1, 11.7)",6.8,"( 6.0,  7.7)",66.7,"(63.0, 70.3)",83.2,"(80.8, 85.4)",60.8,"(56.6, 64.9)",6.4,"( 5.4,  7.6)",13.9,"(11.5, 16.4)",64.1,"(61.0, 67.2)",25.9,"(22.5, 29.2)",12,"(10.4, 13.7)",24,"(20.6, 27.5)",35.7,"(32.2, 39.1)",24.9,"(20.9, 28.9)",72.2,"(65.8, 78.1)",17.2,"(15.1, 19.4)",33.6,"(28.9, 38.4)",15.6,"(13.6, 17.7)",31.1,"(27.3, 35.1)",3.6,"( 3.2,  4.1)",15.7,"(13.1, 18.7)",7.7,"( 6.7,  8.7)",6.7,"( 5.9,  7.7)",16,"(13.7, 18.3)",14.8,"(12.7, 17.2)",4.6,"( 4.1,  5.3)",9.5,"( 8.1, 10.8)",33.2,"(29.1, 37.4)",35.8,"(31.8, 40.0)",16.4,"(13.4, 19.6)",20.8,"(17.4, 24.3)",17.1,"(14.5, 20.0)",11.2,"( 9.5, 12.9)",11,"( 9.5, 12.7)",25.5,"(22.3, 29.2)",POINT (-106.524474 35.073644)
NM,New Mexico,Bernalillo,35001,35001000719,3045,"2,266",6.8,"( 5.4,  8.5)",17.4,"(15.3, 19.5)",16.9,"(14.1, 19.9)",24.2,"(21.3, 27.0)",63.9,"(59.8, 67.8)",5.5,"( 5.0,  6.1)",8.8,"( 7.7,  9.9)",3.3,"( 2.9,  3.7)",65.5,"(61.4, 69.4)",87,"(84.8, 88.8)",60.1,"(56.0, 64.3)",2.7,"( 2.3,  3.2)",7.8,"( 6.2,  9.5)",74,"(71.3, 76.6)",23.1,"(20.1, 26.3)",6.7,"( 5.7,  7.7)",11.7,"( 9.9, 13.6)",30.7,"(27.4, 34.0)",13.7,"(11.3, 16.1)",74.9,"(69.2, 80.2)",13.6,"(11.9, 15.5)",26.2,"(22.2, 30.5)",9.2,"( 7.9, 10.5)",29.1,"(25.5, 33.0)",1.8,"( 1.6,  2.0)",5.9,"( 4.7,  7.1)",4,"( 3.5,  4.5)",2.7,"( 2.4,  3.1)",9.7,"( 8.3, 11.2)",6.4,"( 5.4,  7.5)",1.9,"( 1.7,  2.2)",4.5,"( 3.9,  5.3)",18.8,"(16.2, 21.6)",32.8,"(28.9, 36.9)",5.2,"( 4.0,  6.5)",8.4,"( 6.7, 10.2)",8.7,"( 7.1, 10.4)",5.4,"( 4.5,  6.4)",5.2,"( 4.4,  6.1)",22.4,"(19.4, 25.8)",POINT (-106.5168182 35.0484926)
NM,New Mexico,Bernalillo,35001,35001000720,4531,"3,853",6.4,"( 5.2,  7.8)",30.1,"(26.9, 33.3)",12.3,"(10.3, 14.5)",37,"(33.5, 40.7)",77.5,"(74.1, 80.5)",11.7,"(10.5, 12.9)",9,"( 7.9, 10.2)",7.1,"( 6.2,  8.2)",74.4,"(71.0, 77.5)",91.2,"(89.8, 92.4)",71.7,"(67.9, 75.2)",5,"( 4.0,  6.2)",7.6,"( 6.0,  9.7)",76.5,"(73.9, 78.9)",22.3,"(19.3, 25.4)",10.3,"( 8.8, 12.1)",14.8,"(12.5, 17.6)",40.1,"(36.3, 43.9)",16.4,"(13.5, 20.1)",75.1,"(69.2, 80.7)",11.6,"(10.1, 13.4)",27.5,"(23.2, 31.9)",11.8,"(10.1, 13.7)",25.3,"(22.0, 28.9)",3.4,"( 2.9,  3.9)",3.1,"( 2.5,  3.8)",8.1,"( 7.1,  9.4)",3.8,"( 3.3,  4.4)",9.1,"( 7.8, 10.7)",11.5,"( 9.6, 13.9)",2.8,"( 2.4,  3.3)",5.7,"( 4.8,  6.8)",25.7,"(22.2, 29.8)",28.8,"(25.1, 32.8)",5.2,"( 4.0,  6.7)",7.3,"( 5.9,  9.1)",6.7,"( 5.5,  8.1)",4.6,"( 3.8,  5.5)",4.6,"( 3.9,  5.4)",18.3,"(15.6, 21.4)",POINT (-106.4664695 35.0523932)
NM,New Mexico,Bernalillo,35001,35001000904,4215,"3,328",18.1,"(14.3, 22.1)",26.9,"(24.3, 29.7)",12.6,"(10.5, 14.9)",37.5,"(34.2, 40.9)",71.9,"(68.6, 75.1)",6.8,"( 6.1,  7.4)",10.2,"( 9.0, 11.5)",7.9,"( 7.0,  8.9)",67.2,"(63.3, 71.0)",82.3,"(79.6, 84.7)",53,"(48.5, 57.4)",7.6,"( 6.4,  8.8)",16,"(13.4, 18.8)",53.9,"(50.7, 57.1)",25.1,"(21.8, 28.5)",14.7,"(12.8, 16.7)",28.5,"(24.8, 32.3)",37.2,"(33.7, 40.7)",29.2,"(24.8, 33.6)",70,"(63.8, 75.9)",17.2,"(15.1, 19.5)",36.8,"(31.8, 41.6)",17.2,"(15.1, 19.5)",33,"(29.1, 37.1)",4.3,"( 3.8,  4.8)",21.2,"(17.8, 25.0)",8.6,"( 7.6,  9.7)",8.8,"( 7.7, 10.0)",17.1,"(14.8, 19.5)",17.6,"(15.2, 20.1)",5.9,"( 5.1,  6.7)",10.9,"( 9.3, 12.4)",36.3,"(32.1, 40.7)",35.1,"(31.2, 39.3)",23.3,"(19.5, 27.5)",26.7,"(22.6, 31.0)",20.3,"(17.2, 23.5)",14.1,"(12.1, 16.3)",13.4,"(11.5, 15.5)",25.6,"(22.2, 29.3)",POINT (-106.5730491 35.06328)
NM,New Mexico,Bernalillo,35001,35001000905,2079,"1,699",19.1,"(15.4, 22.9)",27.1,"(24.4, 29.9)",12.9,"(10.6, 15.2)",38.3,"(34.8, 41.9)",69.7,"(66.2, 72.9)",5.9,"( 5.2,  6.5)",11.2,"( 9.9, 12.7)",8,"( 7.1,  8.9)",65.8,"(61.7, 69.6)",79.7,"(77.0, 82.2)",51.2,"(46.7, 55.7)",8.6,"( 7.4, 10.0)",20.4,"(17.4, 23.6)",48.9,"(45.7, 52.3)",27.4,"(24.0, 31.0)",15.8,"(13.8, 17.9)",32.4,"(28.5, 36.2)",36.3,"(32.8, 39.8)",32.1,"(27.7, 36.7)",65.7,"(58.6, 72.4)",19.8,"(17.5, 22.3)",40.1,"(35.0, 45.3)",19.2,"(16.9, 21.6)",35.7,"(31.6, 39.9)",4.5,"( 4.1,  5.0)",20.3,"(16.9, 24.0)",8.6,"( 7.6,  9.8)",10.4,"( 9.1, 11.7)",19.9,"(17.4, 22.7)",19.4,"(16.9, 22.1)",7.1,"( 6.2,  8.0)",12.9,"(11.3, 14.7)",39.6,"(35.2, 44.0)",36.5,"(32.5, 40.7)",31.2,"(26.6, 35.9)",33.2,"(28.6, 37.7)",24.8,"(21.4, 28.2)",18.5,"(16.0, 21.1)",17,"(14.8, 19.3)",27.1,"(23.7, 30.8)",POINT (-106.5819291 35.0691814)
NM,New Mexico,Bernalillo,35001,35001000906,3494,"2,939",17.8,"(14.7, 21.4)",27.4,"(24.5, 30.2)",12.9,"(10.7, 15.2)",39.5,"(35.9, 42.8)",70.2,"(66.7, 73.3)",5.7,"( 5.2,  6.3)",11.3,"(10.0, 12.8)",8.4,"( 7.4,  9.4)",66,"(62.0, 69.7)",78.9,"(76.2, 81.3)",48,"(43.4, 52.6)",9.1,"( 7.9, 10.4)",21.2,"(18.1, 24.2)",43.7,"(40.4, 47.1)",27.9,"(24.5, 31.4)",16.3,"(14.2, 18.4)",32.7,"(28.9, 36.3)",36.2,"(32.8, 39.7)",32.1,"(27.6, 36.6)",62.8,"(55.6, 69.8)",20.5,"(18.2, 22.9)",41.4,"(36.1, 46.4)",19.3,"(17.1, 21.6)",37.7,"(33.6, 42.0)",4.8,"( 4.3,  5.2)",28.3,"(24.1, 32.7)",8.8,"( 7.7,  9.9)",10.7,"( 9.5, 11.8)",20.4,"(18.0, 22.8)",19.6,"(17.1, 22.0)",7.4,"( 6.6,  8.3)",13.3,"(11.8, 14.9)",40.1,"(35.7, 44.4)",36.4,"(32.3, 40.6)",33.8,"(29.3, 37.9)",34.5,"(30.1, 38.6)",25.5,"(22.2, 28.7)",19.9,"(17.4, 22.5)",18,"(15.8, 20.2)",26.9,"(23.3, 30.6)",POINT (-106.5807232 35.0576926)
NM,New Mexico,Bernalillo,35001,35001000907,2461,"1,864",26.6,"(21.5, 31.9)",28.1,"(25.3, 30.8)",11.8,"( 9.8, 14.0)",40.5,"(37.1, 43.9)",70.6,"(67.3, 73.6)",5.6,"( 5.0,  6.2)",11,"( 9.6, 12.4)",9.7,"( 8.7, 10.7)",65,"(60.8, 68.7)",77.2,"(74.1, 80.0)",44.3,"(39.8, 48.9)",10.2,"( 8.9, 11.6)",22.3,"(19.1, 25.9)",36.3,"(33.3, 39.5)",27.2,"(23.8, 30.7)",18.9,"(16.7, 21.1)",39.7,"(35.3, 44.4)",38.2,"(34.7, 41.7)",38.8,"(34.0, 43.9)",57.9,"(50.4, 65.0)",20.5,"(18.2, 23.0)",42.7,"(37.4, 47.8)",22.2,"(19.7, 25.0)",37.7,"(33.5, 42.2)",5.3,"( 4.8,  5.9)",35.6,"(30.9, 40.2)",10.2,"( 9.1, 11.4)",14.2,"(12.5, 16.0)",23.1,"(20.1, 26.2)",23.8,"(21.0, 26.9)",9.5,"( 8.3, 10.7)",15.6,"(13.7, 17.7)",45.1,"(40.6, 49.8)",37.5,"(33.3, 41.6)",41,"(35.8, 46.0)",42.5,"(37.4, 47.5)",30.6,"(26.8, 34.4)",22.7,"(20.0, 25.5)",21.3,"(18.6, 24.0)",28.2,"(24.6, 31.8)",POINT (-106.5549217 35.0691243)
NM,New Mexico,Bernalillo,35001,35001000908,4382,"3,227",30,"(25.1, 34.9)",25,"(22.4, 27.8)",12.3,"(10.2, 14.6)",38.4,"(34.9, 41.9)",66,"(62.5, 69.5)",4.2,"( 3.8,  4.7)",11.5,"(10.1, 13.1)",8.4,"( 7.5,  9.5)",62,"(57.7, 66.1)",73,"(69.6, 76.2)",38.3,"(34.0, 42.7)",9.9,"( 8.7, 11.3)",26.2,"(22.7, 30.0)",36.4,"(33.2, 39.6)",28.4,"(24.9, 32.2)",17.8,"(15.6, 20.1)",42.2,"(37.6, 47.0)",35.5,"(32.1, 39.0)",41.1,"(36.0, 46.5)",60.1,"(52.8, 67.7)",22.9,"(20.3, 25.7)",44.2,"(38.9, 49.5)",22.7,"(19.9, 25.5)",39.4,"(35.1, 43.8)",4.9,"( 4.4,  5.4)",34.2,"(29.4, 39.3)",9.1,"( 8.0, 10.4)",15.1,"(13.3, 16.9)",26,"(22.7, 29.4)",22.9,"(20.0, 26.0)",9.7,"( 8.5, 10.9)",17.1,"(14.9, 19.4)",46.6,"(41.6, 51.7)",40.1,"(35.8, 44.4)",48.9,"(43.4, 54.7)",49.9,"(44.5, 55.6)",36.3,"(32.0, 40.9)",27.3,"(24.1, 30.7)",25.4,"(22.2, 28.8)",31.2,"(27.3, 35.4)",POINT (-106.5647894 35.0672991)
NM,New Mexico,Bernalillo,35001,35001001101,4523,"3,842",7.5,"( 5.9,  9.2)",26.8,"(23.9, 29.8)",14,"(11.7, 16.5)",33.5,"(30.0, 36.9)",73,"(69.5, 76.2)",9,"( 8.1,  9.9)",9.9,"( 8.7, 11.2)",6.1,"( 5.3,  7.0)",70.5,"(66.8, 73.9)",88,"(86.2, 89.7)",66.8,"(62.7, 70.8)",5.1,"( 4.2,  6.2)",9.5,"( 7.4, 11.7)",67.9,"(64.9, 70.8)",25.5,"(22.2, 28.9)",9.9,"( 8.5, 11.5)",16.3,"(13.8, 19.0)",36.6,"(33.0, 40.2)",17.1,"(14.0, 20.4)",74.9,"(68.9, 80.4)",14.1,"(12.2, 16.1)",30.4,"(25.8, 35.1)",12.3,"(10.6, 14.2)",29,"(25.4, 32.9)",3.1,"( 2.7,  3.5)",4.5,"( 3.6,  5.5)",6.8,"( 5.9,  7.9)",4.3,"( 3.7,  4.9)",11.1,"( 9.5, 13.0)",11.2,"( 9.4, 13.3)",3.2,"( 2.7,  3.7)",6.6,"( 5.6,  7.7)",25.9,"(22.3, 29.7)",30.5,"(26.8, 34.5)",8.4,"( 6.6, 10.6)",10.5,"( 8.6, 12.8)",9.5,"( 7.9, 11.3)",6.8,"( 5.8,  8.1)",6.4,"( 5.5,  7.6)",19.3,"(16.5, 22.3)",POINT (-106.5948894 35.066517)
NM,New Mexico,Bernalillo,35001,35001001102,2902,"2,322",13.5,"(10.7, 16.6)",24.2,"(21.7, 26.9)",14.2,"(11.7, 16.6)",32.6,"(29.3, 35.8)",69.1,"(65.5, 72.2)",6.7,"( 6.0,  7.4)",10.5,"( 9.2, 11.8)",6.1,"( 5.3,  7.0)",66.3,"(62.3, 69.9)",82.5,"(79.9, 84.9)",58.2,"(53.9, 62.3)",6.2,"( 5.1,  7.5)",14.2,"(11.6, 17.1)",63,"(59.9, 66.1)",27,"(23.6, 30.4)",10.9,"( 9.4, 12.5)",22.5,"(19.2, 25.9)",34.3,"(30.9, 37.6)",23.5,"(19.7, 27.7)",73.5,"(67.3, 79.1)",17.5,"(15.3, 19.8)",33.7,"(28.9, 38.4)",14.7,"(12.7, 16.7)",30.6,"(26.9, 34.5)",3.3,"( 2.9,  3.7)",10.7,"( 8.8, 13.1)",6.9,"( 6.0,  7.9)",6.3,"( 5.5,  7.1)",15.7,"(13.4, 18.1)",13.4,"(11.3, 15.5)",4.2,"( 3.6,  4.9)",9.1,"( 7.8, 10.6)",31.3,"(27.4, 35.4)",35.1,"(31.0, 39.1)",16.9,"(13.7, 20.4)",20.1,"(16.5, 23.7)",16.2,"(13.4, 18.9)",11,"( 9.3, 12.8)",10.7,"( 9.0, 12.3)",24,"(20.7, 27.4)",POINT (-106.6103937 35.0658581)
NM,New Mexico,Bernalillo,35001,35001001201,3852,"2,983",19.2,"(15.3, 23.5)",24.1,"(21.6, 26.5)",13.3,"(11.0, 15.7)",34.6,"(31.4, 37.8)",67.1,"(63.9, 70.2)",5.3,"( 4.8,  5.9)",10.9,"( 9.6, 12.3)",7.1,"( 6.3,  7.9)",64.3,"(60.2, 68.4)",77,"(73.8, 80.1)",53.9,"(49.7, 58.1)",7.9,"( 6.7,  9.2)",18.4,"(15.5, 21.6)",56.2,"(52.9, 59.4)",28.4,"(25.0, 32.0)",13.5,"(11.8, 15.2)",30.5,"(26.7, 34.4)",33.7,"(30.4, 37.0)",30.7,"(26.3, 35.4)",66.6,"(59.5, 73.2)",20.1,"(17.7, 22.8)",38.7,"(33.8, 43.7)",17.6,"(15.4, 20.0)",32.3,"(28.4, 36.4)",4,"( 3.6,  4.4)",15.7,"(13.2, 18.5)",7.9,"( 7.0,  8.9)",10,"( 8.8, 11.3)",20.2,"(17.4, 23.3)",17.1,"(14.9, 19.6)",6.4,"( 5.6,  7.3)",12.8,"(11.1, 14.7)",38.1,"(33.6, 42.5)",36.8,"(32.5, 40.9)",31.9,"(26.7, 36.8)",32.8,"(27.7, 37.5)",24.1,"(20.4, 27.7)",18.3,"(15.6, 20.9)",17.2,"(14.6, 19.7)",25.5,"(21.9, 29.0)",POINT (-106.6187115 35.065986)
NM,New Mexico,Bernalillo,35001,35001001202,4021,"3,184",20.4,"(16.3, 25.1)",16.4,"(14.6, 18.3)",14.6,"(12.1, 17.3)",26.8,"(24.1, 29.6)",57.8,"(55.0, 60.5)",3,"( 2.7,  3.3)",11.4,"(10.0, 12.9)",4.8,"( 4.3,  5.4)",59.6,"(55.2, 63.9)",68.2,"(63.9, 72.2)",50.9,"(46.6, 55.4)",5.8,"( 5.0,  6.6)",16.5,"(13.9, 19.3)",55.7,"(52.4, 59.0)",30,"(26.3, 33.8)",10.1,"( 8.9, 11.5)",29.5,"(25.3, 33.9)",27.4,"(24.5, 30.3)",29.6,"(25.0, 34.5)",69.1,"(62.7, 75.4)",23.8,"(20.7, 26.7)",34.9,"(30.2, 39.8)",16.1,"(14.0, 18.3)",33.3,"(29.5, 37.4)",2.9,"( 2.6,  3.2)",21.3,"(18.1, 24.8)",6,"( 5.2,  6.8)",9.8,"( 8.4, 11.3)",24.2,"(20.4, 28.0)",13.3,"(11.7, 15.2)",5.4,"( 4.7,  6.1)",13.9,"(11.7, 16.2)",39.1,"(33.8, 44.3)",43,"(38.4, 47.9)",32.8,"(27.7, 38.8)",37,"(31.4, 43.2)",26.2,"(22.5, 30.5)",18.6,"(16.1, 21.3)",20.6,"(17.6, 24.1)",29.2,"(25.2, 33.6)",POINT (-106.6267294 35.0503355)
NM,New Mexico,Bernalillo,35001,35001001300,3989,"3,027",29.7,"(24.8, 35.0)",24.3,"(21.7, 26.9)",12.2,"(10.2, 14.4)",36.6,"(33.2, 39.9)",69.5,"(66.2, 72.6)",4.7,"( 4.2,  5.2)",9.8,"( 8.5, 11.0)",7.9,"( 7.0,  8.8)",64.2,"(60.3, 68.1)",78.4,"(75.4, 81.3)",48.3,"(44.0, 52.6)",6.9,"( 5.9,  7.9)",16.9,"(14.2, 19.8)",45,"(41.6, 48.4)",24.1,"(20.9, 27.3)",17.3,"(15.2, 19.5)",36.6,"(32.3, 41.0)",36.7,"(33.1, 40.2)",37.2,"(32.4, 42.4)",65.4,"(58.4, 72.0)",18.2,"(15.8, 20.5)",40.5,"(35.3, 45.6)",19.7,"(17.4, 22.2)",34.6,"(30.6, 38.9)",4.4,"( 3.9,  4.8)",19.6,"(16.3, 23.1)",8.7,"( 7.7,  9.8)",12.7,"(11.2, 14.4)",20.6,"(17.8, 23.5)",20.7,"(18.0, 23.5)",7.8,"( 6.7,  8.8)",12.8,"(11.1, 14.7)",41.5,"(36.8, 46.1)",37.4,"(33.3, 41.8)",33.5,"(28.7, 38.6)",39.2,"(33.8, 44.5)",29.2,"(25.3, 33.3)",19.3,"(16.8, 22.1)",18.7,"(16.1, 21.4)",28.3,"(24.6, 32.2)",POINT (-106.6398078 35.0537235)
NM,New Mexico,Bernalillo,35001,35001001400,2324,"1,962",23,"(19.1, 27.0)",25.3,"(22.7, 28.1)",13,"(10.8, 15.4)",37.3,"(33.8, 40.8)",69.5,"(66.0, 72.8)",5.5,"( 4.9,  6.1)",9.9,"( 8.7, 11.2)",7.8,"( 7.0,  8.8)",65.1,"(61.0, 68.9)",80.6,"(77.9, 83.1)",50.3,"(45.8, 54.7)",7.2,"( 6.3,  8.3)",17.8,"(15.3, 20.7)",51.4,"(48.0, 54.8)",24.6,"(21.5, 28.0)",16,"(14.1, 18.1)",32.5,"(28.9, 36.6)",36.8,"(33.3, 40.5)",32.8,"(28.5, 37.5)",67.5,"(60.6, 73.9)",17.7,"(15.7, 19.8)",39.5,"(34.4, 44.8)",18.6,"(16.5, 20.9)",34.3,"(30.3, 38.5)",4.3,"( 3.9,  4.7)",18.1,"(15.2, 21.3)",8.7,"( 7.7,  9.8)",10.6,"( 9.4, 11.9)",18.6,"(16.4, 21.1)",18.9,"(16.6, 21.5)",6.8,"( 6.1,  7.8)",11.6,"(10.2, 13.1)",38.3,"(34.3, 42.8)",35.5,"(31.3, 39.5)",28.2,"(23.9, 32.5)",32.4,"(27.8, 36.8)",24.6,"(21.0, 28.0)",16.9,"(14.5, 19.2)",15.7,"(13.5, 17.9)",27,"(23.3, 30.5)",POINT (-106.6547259 35.0753406)
NM,New Mexico,Bernalillo,35001,35001001500,2852,"2,454",16.9,"(13.0, 21.2)",22.1,"(19.6, 24.7)",14.5,"(12.1, 17.2)",31.6,"(28.3, 34.9)",66.7,"(63.3, 69.8)",5.2,"( 4.7,  5.8)",10.4,"( 9.1, 11.8)",6,"( 5.3,  6.8)",64.3,"(60.3, 68.1)",80.2,"(77.4, 82.9)",54.7,"(50.2, 58.9)",5.8,"( 4.9,  6.9)",14.5,"(11.9, 17.4)",56.6,"(53.4, 59.8)",26.8,"(23.4, 30.4)",11.9,"(10.2, 13.6)",25.5,"(21.9, 29.5)",33.3,"(29.8, 36.7)",25.7,"(21.5, 30.2)",67.6,"(61.0, 73.7)",18.3,"(15.9, 20.8)",35.5,"(30.5, 40.5)",15.5,"(13.4, 17.8)",32.2,"(28.3, 36.2)",3.3,"( 2.9,  3.7)",11.1,"( 9.1, 13.4)",6.8,"( 5.9,  7.8)",7.6,"( 6.5,  8.8)",17.4,"(14.7, 20.2)",14.1,"(12.0, 16.5)",4.9,"( 4.3,  5.7)",10,"( 8.5, 11.7)",33.3,"(28.8, 37.9)",36.2,"(32.1, 40.5)",20.8,"(17.0, 25.3)",24.8,"(20.5, 29.5)",19.8,"(16.6, 23.3)",13.4,"(11.3, 15.6)",13.1,"(11.1, 15.4)",25.2,"(21.7, 29.0)",POINT (-106.642855 35.0774472)
NM,New Mexico,Bernalillo,35001,35001001701,2012,"1,752",6.5,"( 5.1,  8.4)",24.9,"(22.0, 27.7)",15.2,"(12.7, 17.8)",31.3,"(28.0, 34.5)",71.7,"(68.2, 75.0)",8.8,"( 8.0,  9.8)",9.7,"( 8.5, 11.0)",5.7,"( 4.9,  6.5)",69.3,"(65.6, 72.9)",87.2,"(85.0, 89.1)",69.1,"(65.3, 72.8)",4.6,"( 3.7,  5.7)",8.4,"( 6.4, 10.8)",76.4,"(74.0, 78.8)",26,"(22.6, 29.5)",8.7,"( 7.4, 10.2)",14.4,"(12.0, 17.0)",35.2,"(31.8, 38.7)",14.9,"(12.1, 17.9)",78.2,"(72.7, 82.9)",14,"(12.0, 16.1)",28.7,"(24.3, 33.2)",11.2,"( 9.6, 13.0)",25.5,"(22.1, 29.0)",2.7,"( 2.4,  3.1)",4.8,"( 3.9,  5.9)",6.4,"( 5.6,  7.3)",3.6,"( 3.1,  4.2)",10.6,"( 8.9, 12.6)",9.6,"( 7.9, 11.5)",2.7,"( 2.3,  3.2)",6,"( 5.0,  7.1)",23.9,"(20.4, 27.6)",30.4,"(26.6, 34.4)",6.8,"( 5.0,  9.1)",8.7,"( 6.8, 11.1)",8,"( 6.4,  9.9)",5.8,"( 4.8,  7.1)",5.7,"( 4.8,  6.9)",18.3,"(15.6, 21.3)",POINT (-106.6088215 35.0806037)
NM,New Mexico,Bernalillo,35001,35001001702,2796,"2,563",10.9,"( 8.7, 13.7)",15.3,"(13.6, 17.1)",17.7,"(14.8, 20.7)",23.8,"(21.2, 26.5)",55.6,"(52.2, 58.8)",3.8,"( 3.4,  4.2)",10.2,"( 9.0, 11.5)",3.8,"( 3.4,  4.2)",60.4,"(56.0, 64.5)",75.9,"(72.5, 78.9)",55.2,"(50.9, 59.7)",4,"( 3.4,  4.7)",11.5,"( 9.4, 14.0)",59.1,"(55.9, 62.3)",29,"(25.5, 32.5)",7.1,"( 6.1,  8.1)",18.1,"(15.7, 21.0)",26,"(23.2, 28.9)",18.2,"(15.3, 21.5)",69.5,"(62.9, 75.6)",19.1,"(16.7, 21.8)",31.9,"(27.3, 36.5)",11.6,"(10.1, 13.2)",31.6,"(27.8, 35.6)",2,"( 1.8,  2.2)",12.5,"(10.2, 15.1)",4.9,"( 4.3,  5.5)",5.2,"( 4.6,  5.9)",16.1,"(13.8, 18.9)",8.1,"( 7.0,  9.3)",3.1,"( 2.7,  3.5)",8.3,"( 7.1,  9.7)",27.4,"(23.9, 31.4)",36.3,"(31.9, 40.5)",15.8,"(12.5, 19.3)",18.6,"(15.1, 22.3)",15.5,"(12.8, 18.4)",11.6,"( 9.7, 13.6)",11.7,"( 9.8, 13.7)",22.5,"(19.2, 25.8)",POINT (-106.6187466 35.0773005)
NM,New Mexico,Bernalillo,35001,35001001800,2211,"2,156",13.1,"( 9.5, 18.2)",9.9,"( 8.8, 11.0)",17.4,"(14.6, 20.6)",16.4,"(14.5, 18.4)",46.5,"(44.8, 48.3)",2.7,"( 2.4,  3.0)",11,"( 9.5, 12.5)",2.9,"( 2.5,  3.2)",57.6,"(53.0, 62.2)",64.8,"(59.2, 69.6)",58.5,"(54.0, 62.8)",3.1,"( 2.6,  3.7)",8.1,"( 6.2, 10.1)",60.1,"(56.7, 63.6)",30.8,"(26.8, 34.6)",4.1,"( 3.6,  4.7)",18.3,"(14.8, 22.3)",18.9,"(16.8, 21.1)",19.2,"(15.2, 23.2)",68.9,"(62.3, 75.0)",23.8,"(20.1, 27.2)",24.6,"(20.5, 28.8)",10.8,"( 9.1, 12.6)",30.9,"(27.1, 35.2)",1.6,"( 1.4,  1.8)",16.3,"(13.5, 19.5)",4.6,"( 4.0,  5.3)",5.8,"( 4.9,  7.0)",22.1,"(17.8, 26.3)",6.9,"( 5.8,  7.9)",2.4,"( 2.0,  2.7)",11,"( 8.9, 13.1)",33,"(27.6, 38.3)",45.9,"(40.8, 50.9)",15.8,"(11.7, 20.7)",23,"(17.6, 29.2)",15.9,"(12.3, 19.5)",10.1,"( 8.1, 12.0)",15.6,"(12.6, 18.8)",26.8,"(22.4, 31.3)",POINT (-106.6196239 35.0902458)
NM,New Mexico,Bernalillo,35001,35001002000,2487,"2,057",20.9,"(16.4, 25.9)",18.8,"(16.7, 20.9)",15.1,"(12.5, 17.8)",28.7,"(25.7, 31.7)",60.4,"(57.1, 63.4)",3.8,"( 3.4,  4.2)",10.9,"( 9.6, 12.3)",5.2,"( 4.6,  5.9)",60.5,"(56.1, 64.6)",72.6,"(68.6, 76.3)",50.4,"(46.0, 54.8)",6,"( 5.1,  6.9)",16.9,"(14.2, 19.7)",48.8,"(45.6, 52.2)",28.6,"(25.1, 32.4)",10.9,"( 9.5, 12.3)",28.9,"(24.9, 33.1)",29.6,"(26.6, 32.8)",28.9,"(24.4, 33.6)",66.6,"(59.6, 73.0)",21.5,"(18.9, 24.2)",36.8,"(31.8, 41.9)",16.3,"(14.2, 18.4)",34.4,"(30.4, 38.5)",3,"( 2.7,  3.3)",24.7,"(21.0, 28.7)",6.5,"( 5.7,  7.3)",9.3,"( 8.0, 10.6)",21.7,"(18.5, 25.0)",13.9,"(12.0, 15.9)",5.3,"( 4.7,  6.1)",12.3,"(10.6, 14.2)",37.3,"(32.7, 42.2)",39.8,"(35.1, 44.3)",29.8,"(24.7, 35.1)",33.7,"(27.9, 39.4)",25.3,"(21.3, 29.4)",17.8,"(15.2, 20.6)",18.3,"(15.4, 21.2)",27.5,"(23.4, 31.7)",POINT (-106.6374224 35.096009)
NM,New Mexico,Bernalillo,35001,35001002100,2126,"1,972",12.7,"(10.4, 15.3)",18.5,"(16.4, 20.6)",15.9,"(13.3, 18.8)",28.7,"(25.7, 31.6)",61.1,"(57.8, 64.1)",4.3,"( 3.9,  4.7)",10.9,"( 9.5, 12.3)",5.1,"( 4.6,  5.7)",62.8,"(58.7, 66.8)",76.4,"(73.3, 79.3)",53,"(48.5, 57.4)",5.1,"( 4.4,  5.9)",13.6,"(11.2, 16.1)",54.2,"(50.8, 57.6)",28.6,"(25.1, 32.2)",9.8,"( 8.6, 11.1)",22.7,"(19.8, 25.8)",28.9,"(25.9, 31.7)",22,"(18.6, 25.7)",66.3,"(59.2, 72.9)",20,"(17.3, 22.5)",35.6,"(30.8, 40.6)",13.9,"(12.1, 15.7)",33.7,"(29.8, 37.9)",2.8,"( 2.5,  3.0)",19.4,"(16.5, 22.6)",6.1,"( 5.4,  6.9)",7.1,"( 6.2,  7.9)",17.9,"(15.2, 20.6)",11.3,"( 9.8, 12.8)",4.4,"( 3.9,  4.9)",10.1,"( 8.7, 11.6)",32.2,"(28.1, 36.3)",36.4,"(32.2, 40.4)",21.7,"(18.0, 25.7)",24.4,"(20.5, 28.6)",19.3,"(16.2, 22.4)",15.1,"(12.8, 17.5)",14.9,"(12.8, 17.2)",23.5,"(20.3, 26.9)",POINT (-106.6501949 35.0857393)
NM,New Mexico,Bernalillo,35001,35001002200,3687,"3,260",12.6,"(10.4, 15.3)",26.4,"(23.8, 29.1)",13.6,"(11.3, 16.1)",34.7,"(31.5, 38.0)",71.6,"(68.3, 74.5)",7.8,"( 7.1,  8.6)",10.2,"( 9.0, 11.4)",7,"( 6.3,  7.8)",68.2,"(64.3, 71.7)",84.3,"(82.0, 86.4)",61.3,"(57.2, 65.3)",6.4,"( 5.5,  7.4)",12.6,"(10.6, 14.9)",62.2,"(58.9, 65.4)",26.5,"(23.1, 29.8)",11.7,"(10.2, 13.3)",22,"(19.4, 24.7)",35.8,"(32.3, 39.2)",22.7,"(19.4, 26.2)",72.4,"(66.1, 78.1)",16.3,"(14.4, 18.2)",33.9,"(29.3, 38.7)",14.6,"(12.9, 16.4)",30.4,"(26.7, 34.4)",3.6,"( 3.3,  4.0)",11.3,"( 9.3, 13.6)",7.8,"( 6.9,  8.8)",6.3,"( 5.7,  7.0)",14.4,"(12.6, 16.4)",14,"(12.3, 15.9)",4.4,"( 3.9,  4.9)",8.8,"( 7.8, 10.1)",31.3,"(27.8, 35.0)",32.8,"(28.9, 36.8)",15.5,"(12.9, 18.4)",17.9,"(15.1, 20.8)",14.6,"(12.5, 17.0)",10.6,"( 9.1, 12.2)",9.9,"( 8.6, 11.3)",21.6,"(18.7, 24.7)",POINT (-106.6682329 35.0845439)
NM,New Mexico,Bernalillo,35001,35001002301,2024,"1,459",26.4,"(20.9, 32.2)",20.9,"(18.5, 23.3)",13.7,"(11.3, 16.2)",31.4,"(28.2, 34.6)",66.8,"(63.3, 70.0)",4.6,"( 4.1,  5.1)",9.3,"( 8.2, 10.6)",6,"( 5.3,  6.8)",63,"(58.7, 67.0)",79.7,"(76.5, 82.4)",50.4,"(46.0, 54.9)",5,"( 4.2,  5.7)",13.6,"(11.2, 16.0)",52.5,"(49.1, 55.9)",23.4,"(20.3, 26.8)",13.1,"(11.4, 14.9)",29.3,"(25.2, 33.6)",33.9,"(30.5, 37.3)",31.4,"(26.7, 36.3)",70.1,"(63.5, 76.4)",17.3,"(15.2, 19.7)",36.5,"(31.6, 41.5)",16.4,"(14.4, 18.6)",33.5,"(29.5, 37.6)",3.3,"( 2.9,  3.6)",16.1,"(13.2, 19.3)",7.1,"( 6.3,  8.1)",8.9,"( 7.7, 10.2)",18.1,"(15.4, 21.1)",15.5,"(13.3, 17.7)",5.2,"( 4.5,  5.9)",9.9,"( 8.4, 11.5)",35.7,"(31.2, 40.5)",38,"(33.5, 42.4)",22.3,"(18.2, 26.6)",30.2,"(25.1, 35.7)",24.4,"(20.6, 28.4)",14.3,"(12.2, 16.5)",14.3,"(12.0, 16.7)",28.5,"(24.5, 32.5)",POINT (-106.6953584 35.0758846)
NM,New Mexico,Bernalillo,35001,35001002302,3482,"2,720",23.3,"(19.3, 27.7)",24.1,"(21.5, 26.7)",12.8,"(10.6, 15.2)",34.8,"(31.4, 38.0)",70.3,"(66.9, 73.6)",5.4,"( 4.9,  6.0)",9.5,"( 8.4, 10.8)",7.1,"( 6.3,  8.0)",65.7,"(61.8, 69.6)",81.8,"(79.1, 84.2)",50.2,"(45.7, 54.5)",5.8,"( 5.1,  6.7)",13.7,"(11.6, 16.1)",48.1,"(44.8, 51.4)",23.6,"(20.5, 26.8)",15.1,"(13.2, 17.1)",30,"(26.4, 33.8)",36.5,"(33.0, 39.9)",31.2,"(26.9, 35.6)",65.2,"(58.3, 71.8)",16.6,"(14.7, 18.7)",37.2,"(32.1, 42.3)",17.3,"(15.3, 19.5)",33.6,"(29.6, 37.8)",3.8,"( 3.4,  4.2)",22.7,"(19.1, 26.5)",8.1,"( 7.2,  9.1)",9.6,"( 8.5, 10.8)",17.4,"(15.1, 19.9)",17.5,"(15.2, 19.9)",5.9,"( 5.2,  6.7)",10.3,"( 9.0, 11.8)",36.6,"(32.5, 40.7)",35.9,"(31.9, 40.3)",22.5,"(18.5, 26.3)",28.8,"(24.2, 33.3)",22.6,"(19.2, 26.0)",14.2,"(12.0, 16.3)",13.9,"(11.8, 16.0)",26.4,"(22.8, 30.2)",POINT (-106.6813111 35.078996)
NM,New Mexico,Bernalillo,35001,35001002303,2709,"2,091",22.1,"(17.9, 26.8)",24.3,"(21.7, 27.1)",12.8,"(10.6, 15.1)",35.2,"(31.9, 38.6)",71,"(67.6, 74.1)",5.6,"( 5.0,  6.2)",9.3,"( 8.1, 10.5)",7,"( 6.3,  7.9)",66.4,"(62.4, 70.2)",82.8,"(80.2, 85.3)",53,"(48.5, 57.4)",5.6,"( 4.8,  6.4)",13.2,"(11.0, 15.5)",54.3,"(50.9, 57.7)",23,"(20.0, 26.2)",15,"(13.1, 17.0)",28.7,"(25.0, 32.4)",36.7,"(33.1, 40.1)",30.7,"(26.2, 35.2)",70.9,"(64.2, 76.9)",16.2,"(14.3, 18.3)",37.4,"(32.4, 42.5)",16.8,"(14.8, 18.9)",33.3,"(29.4, 37.4)",3.7,"( 3.3,  4.1)",11.2,"( 9.2, 13.4)",8,"( 7.1,  9.1)",9,"( 7.9, 10.2)",16.5,"(14.0, 18.9)",16.8,"(14.5, 19.2)",5.5,"( 4.8,  6.3)",9.6,"( 8.2, 11.0)",35.5,"(31.3, 39.7)",35.3,"(31.2, 39.5)",21,"(17.3, 24.7)",27.4,"(23.2, 31.8)",21.9,"(18.7, 25.2)",13.7,"(11.8, 15.8)",13.1,"(11.2, 15.2)",26.1,"(22.5, 29.8)",POINT (-106.6807262 35.0708484)
NM,New Mexico,Bernalillo,35001,35001002401,4933,"3,932",25.1,"(19.8, 30.2)",27.5,"(24.6, 30.3)",11.5,"( 9.5, 13.6)",39.2,"(35.8, 42.6)",73.3,"(69.8, 76.2)",6.1,"( 5.5,  6.8)",9.6,"( 8.5, 10.9)",8.8,"( 7.7,  9.9)",67.4,"(63.5, 71.0)",82,"(79.2, 84.6)",50.6,"(46.0, 55.2)",7.3,"( 6.1,  8.5)",15.5,"(12.9, 18.4)",50.4,"(47.1, 53.7)",23.5,"(20.5, 26.8)",17.8,"(15.5, 20.1)",34.2,"(29.7, 38.6)",38.8,"(35.2, 42.4)",35.6,"(30.6, 40.6)",66,"(59.3, 72.7)",16.8,"(14.8, 19.1)",39.2,"(34.2, 44.3)",19.3,"(16.9, 21.8)",33.4,"(29.5, 37.5)",4.7,"( 4.2,  5.3)",20.4,"(17.1, 24.0)",9.8,"( 8.6, 11.0)",11.7,"(10.1, 13.4)",18.4,"(15.8, 21.2)",21.3,"(18.3, 24.3)",7.2,"( 6.2,  8.5)",12,"(10.2, 13.7)",40.6,"(36.0, 45.3)",35.5,"(31.4, 39.9)",27.8,"(23.0, 32.7)",33,"(27.6, 38.3)",24.5,"(20.6, 28.4)",16.2,"(13.9, 18.7)",15.5,"(13.1, 18.1)",26.4,"(22.7, 30.3)",POINT (-106.6982291 35.0941994)
NM,New Mexico,Bernalillo,35001,35001002403,3998,"2,999",28,"(22.0, 33.8)",25.3,"(22.8, 28.0)",12,"(10.0, 14.3)",36.9,"(33.4, 40.1)",70.6,"(67.3, 73.8)",5.2,"( 4.7,  5.8)",10,"( 8.7, 11.3)",8.1,"( 7.1,  9.1)",65.1,"(61.1, 69.1)",79.2,"(76.1, 82.2)",46.8,"(42.4, 51.4)",7.2,"( 6.0,  8.4)",16.6,"(13.7, 19.7)",44.5,"(41.3, 47.7)",24.5,"(21.3, 27.7)",17,"(14.8, 19.3)",35.7,"(30.8, 40.6)",37.1,"(33.6, 40.6)",36.8,"(31.2, 42.3)",65.2,"(58.0, 72.0)",18.2,"(15.9, 20.7)",39.5,"(34.5, 44.6)",19.6,"(17.0, 22.4)",34.7,"(30.8, 38.8)",4.4,"( 3.9,  5.0)",20.2,"(16.7, 23.9)",9.1,"( 8.0, 10.2)",12.3,"(10.5, 14.0)",20.3,"(17.3, 23.5)",20.8,"(17.9, 23.8)",7.4,"( 6.3,  8.6)",12.8,"(10.9, 14.7)",41.5,"(36.3, 46.7)",37.6,"(33.5, 41.8)",31.7,"(26.2, 37.1)",37.4,"(31.6, 43.1)",27.6,"(23.5, 31.8)",18,"(15.4, 20.7)",17.7,"(15.0, 20.5)",28,"(24.3, 31.9)",POINT (-106.7054609 35.0875253)
NM,New Mexico,Bernalillo,35001,35001002404,3674,"2,675",25.4,"(20.3, 30.7)",23,"(20.4, 25.7)",12.6,"(10.5, 15.0)",34.1,"(30.7, 37.4)",69.5,"(66.1, 72.6)",4.8,"( 4.3,  5.4)",9.6,"( 8.3, 10.9)",6.7,"( 5.8,  7.6)",64.9,"(60.9, 68.7)",80.4,"(77.3, 83.3)",53,"(48.6, 57.5)",5.6,"( 4.6,  6.6)",14.3,"(11.6, 17.0)",49.9,"(46.6, 53.3)",23.6,"(20.4, 27.0)",14.9,"(12.8, 17.1)",31.2,"(26.6, 36.0)",35.4,"(31.9, 38.9)",33.3,"(27.8, 38.7)",67.4,"(60.7, 73.8)",17.4,"(15.0, 19.8)",37.8,"(32.8, 43.1)",17.5,"(15.0, 20.1)",34.3,"(30.3, 38.5)",3.7,"( 3.2,  4.2)",18.6,"(15.4, 22.0)",7.7,"( 6.7,  8.8)",10.1,"( 8.6, 11.7)",18.4,"(15.4, 21.6)",17.5,"(14.9, 20.4)",6,"( 5.0,  7.0)",10.8,"( 9.0, 12.7)",37.5,"(32.5, 42.5)",37.4,"(33.1, 42.0)",25.3,"(20.7, 30.5)",32.3,"(26.9, 38.2)",25.1,"(21.0, 29.4)",15.5,"(13.2, 18.2)",15.2,"(12.8, 18.0)",27.8,"(23.8, 32.0)",POINT (-106.7035232 35.0757476)
NM,New Mexico,Bernalillo,35001,35001002700,3671,"3,212",12.4,"(10.0, 15.0)",24.3,"(21.7, 26.9)",14.3,"(11.9, 16.8)",32.8,"(29.5, 36.0)",70.8,"(67.3, 74.0)",7.2,"( 6.4,  7.9)",9.6,"( 8.4, 10.8)",6,"( 5.3,  6.8)",67.9,"(64.0, 71.6)",86,"(84.0, 88.2)",60.9,"(56.7, 65.0)",5,"( 4.2,  5.7)",11.4,"( 9.4, 13.5)",63,"(59.9, 66.2)",24.2,"(21.0, 27.3)",11,"( 9.6, 12.6)",19.9,"(17.2, 22.6)",35.6,"(32.1, 39.1)",21.3,"(17.9, 24.7)",75,"(69.1, 80.3)",15,"(13.1, 16.9)",32.2,"(27.5, 36.9)",13.4,"(11.8, 15.1)",30.9,"(27.2, 34.9)",3.1,"( 2.8,  3.5)",12.7,"(10.5, 15.2)",6.9,"( 6.1,  7.8)",5.4,"( 4.8,  6.1)",13,"(11.2, 14.7)",12.4,"(10.6, 14.1)",3.6,"( 3.2,  4.1)",7.3,"( 6.3,  8.3)",28.5,"(25.0, 31.9)",33,"(29.1, 37.2)",11.4,"( 9.2, 13.8)",15.4,"(12.7, 18.1)",13.3,"(11.1, 15.6)",8.5,"( 7.2,  9.9)",8.2,"( 7.0,  9.5)",23,"(19.9, 26.4)",POINT (-106.6518233 35.0968936)
NM,New Mexico,Bernalillo,35001,35001002900,3845,"3,182",18.1,"(14.7, 21.8)",25.1,"(22.4, 27.7)",13.3,"(11.1, 15.7)",34.8,"(31.4, 38.1)",70.7,"(67.5, 73.9)",6.4,"( 5.7,  7.0)",9.8,"( 8.6, 11.1)",7,"( 6.2,  7.8)",66.7,"(62.9, 70.4)",82.8,"(80.4, 85.1)",56,"(51.5, 60.2)",6.2,"( 5.4,  7.2)",13.8,"(11.5, 16.2)",60.7,"(57.4, 63.9)",24.8,"(21.5, 28.2)",13.6,"(11.8, 15.4)",26.3,"(22.9, 29.8)",36.2,"(32.6, 39.6)",27.4,"(23.3, 31.6)",69.6,"(63.1, 75.7)",16.6,"(14.5, 18.6)",35.9,"(31.0, 40.9)",16.1,"(14.1, 18.1)",31,"(27.2, 35.0)",3.7,"( 3.3,  4.1)",16.9,"(14.1, 20.1)",7.9,"( 6.9,  8.8)",8,"( 7.0,  9.0)",16.1,"(13.8, 18.3)",15.8,"(13.7, 18.1)",5.1,"( 4.5,  5.8)",9.6,"( 8.4, 10.9)",34,"(30.1, 38.2)",34.5,"(30.4, 38.6)",19.5,"(16.2, 22.9)",23.9,"(20.2, 27.6)",18.9,"(16.2, 21.9)",12.6,"(10.8, 14.5)",12.1,"(10.4, 13.8)",24.4,"(21.1, 28.0)",POINT (-106.6435655 35.1125536)
NM,New Mexico,Bernalillo,35001,35001003001,4724,"3,809",13.1,"(10.7, 15.8)",27.9,"(25.0, 30.7)",12.3,"(10.1, 14.5)",36.4,"(33.0, 39.8)",74.8,"(71.5, 77.7)",8.3,"( 7.5,  9.2)",9.8,"( 8.6, 11.0)",7.5,"( 6.6,  8.4)",70.7,"(67.1, 74.1)",86.2,"(84.3, 88.0)",63.8,"(59.7, 67.9)",6.1,"( 5.2,  7.1)",10.6,"( 8.9, 12.6)",66.2,"(63.2, 69.2)",24,"(20.8, 27.2)",13.2,"(11.4, 15.1)",22.5,"(19.6, 25.6)",38.2,"(34.5, 41.7)",23.4,"(19.8, 27.3)",74.6,"(68.8, 80.0)",14.6,"(12.8, 16.6)",33.1,"(28.3, 37.9)",14.8,"(12.9, 16.7)",29.4,"(25.8, 33.3)",3.8,"( 3.4,  4.2)",13.4,"(11.1, 16.0)",8.3,"( 7.3,  9.3)",6.7,"( 5.9,  7.5)",13.3,"(11.6, 15.3)",15.2,"(13.1, 17.3)",4.5,"( 4.0,  5.1)",8.4,"( 7.3,  9.6)",31.8,"(28.0, 35.9)",32.3,"(28.6, 36.2)",13.7,"(11.3, 16.4)",17.3,"(14.5, 20.3)",13.9,"(11.8, 16.2)",9.5,"( 8.1, 11.0)",9.4,"( 8.2, 10.9)",21.4,"(18.7, 24.5)",POINT (-106.6657918 35.1156877)
NM,New Mexico,Bernalillo,35001,35001003002,3850,"3,214",9.7,"( 7.8, 11.8)",27.9,"(25.0, 30.8)",12.4,"(10.3, 14.6)",35.7,"(32.3, 39.2)",76.3,"(72.9, 79.2)",9.7,"( 8.7, 10.7)",8.8,"( 7.8, 10.0)",6.7,"( 5.9,  7.5)",73,"(69.5, 76.2)",90.4,"(88.8, 91.6)",68.7,"(64.8, 72.4)",4.6,"( 3.8,  5.4)",7.6,"( 6.1,  9.2)",72.9,"(70.2, 75.5)",21.6,"(18.7, 24.7)",11.6,"(10.0, 13.2)",16.9,"(14.6, 19.5)",39.4,"(35.6, 43.0)",18.6,"(15.6, 21.8)",76.2,"(70.4, 81.3)",11.8,"(10.3, 13.4)",29.9,"(25.5, 34.5)",12.3,"(10.7, 13.9)",26.5,"(23.1, 30.2)",3.2,"( 2.9,  3.6)",5.4,"( 4.4,  6.6)",7.6,"( 6.7,  8.5)",4.6,"( 4.0,  5.2)",9.7,"( 8.4, 11.2)",12,"(10.3, 14.0)",3.1,"( 2.7,  3.5)",5.9,"( 5.1,  6.8)",26.3,"(23.0, 29.7)",29.4,"(25.7, 33.2)",6.9,"( 5.5,  8.5)",10.2,"( 8.3, 12.2)",9.3,"( 7.8, 11.0)",5.9,"( 5.1,  7.0)",5.8,"( 4.9,  6.7)",19.1,"(16.5, 22.0)",POINT (-106.6811817 35.1165949)
NM,New Mexico,Bernalillo,35001,35001003100,2793,"2,387",8.6,"( 6.9, 10.6)",30.2,"(27.0, 33.2)",12,"( 9.9, 14.2)",37.6,"(33.9, 41.1)",77.3,"(73.8, 80.3)",10.5,"( 9.5, 11.6)",9.2,"( 8.0, 10.3)",7.2,"( 6.3,  8.1)",74,"(70.6, 77.2)",90.8,"(89.4, 92.1)",67.9,"(63.9, 71.8)",5.2,"( 4.3,  6.2)",8.2,"( 6.6,  9.9)",73.8,"(71.1, 76.4)",22.3,"(19.3, 25.3)",12,"(10.3, 13.7)",17.4,"(14.9, 19.9)",40.6,"(36.6, 44.4)",18.8,"(15.7, 22.1)",76,"(70.1, 81.1)",12,"(10.4, 13.6)",30,"(25.5, 34.5)",13,"(11.3, 14.7)",26.3,"(23.0, 30.0)",3.5,"( 3.1,  4.0)",7.2,"( 5.8,  8.8)",8.1,"( 7.1,  9.1)",4.7,"( 4.1,  5.4)",10,"( 8.5, 11.4)",13,"(11.1, 15.1)",3.4,"( 2.9,  3.9)",6.3,"( 5.4,  7.3)",27.5,"(24.0, 31.0)",29.3,"(25.6, 33.1)",6.9,"( 5.4,  8.6)",9.8,"( 7.9, 12.0)",8.7,"( 7.2, 10.4)",5.8,"( 4.9,  6.8)",5.7,"( 4.8,  6.7)",19.1,"(16.4, 22.0)",POINT (-106.6723555 35.1349663)
NM,New Mexico,Bernalillo,35001,35001003201,2872,"2,304",18.1,"(14.1, 22.6)",26.3,"(23.3, 29.1)",12.9,"(10.7, 15.2)",35.5,"(31.9, 39.0)",72.3,"(68.8, 75.5)",7,"( 6.3,  7.7)",9.8,"( 8.6, 11.1)",7.3,"( 6.3,  8.2)",67.7,"(63.9, 71.3)",84.3,"(81.8, 86.6)",58.6,"(54.2, 62.9)",6.3,"( 5.2,  7.4)",13.1,"(10.6, 15.6)",59.5,"(56.3, 62.7)",24.3,"(21.1, 27.7)",13.8,"(11.8, 15.7)",26,"(22.0, 29.6)",37.7,"(34.0, 41.4)",27.1,"(22.5, 31.4)",73.2,"(66.9, 78.7)",15.9,"(13.7, 18.1)",34.6,"(29.6, 39.7)",16.2,"(14.0, 18.4)",31.4,"(27.6, 35.5)",3.8,"( 3.3,  4.3)",14.2,"(11.8, 16.9)",8.1,"( 7.0,  9.1)",7.7,"( 6.5,  8.8)",15.5,"(13.0, 17.9)",16.2,"(13.7, 18.7)",5,"( 4.3,  5.8)",9.3,"( 7.8, 10.7)",34.1,"(29.5, 38.3)",34.6,"(30.7, 39.1)",17,"(13.6, 21.0)",22,"(17.8, 26.5)",17.5,"(14.4, 20.9)",10.9,"( 9.2, 12.8)",10.9,"( 9.2, 13.0)",24.7,"(21.4, 28.5)",POINT (-106.6321152 35.1327674)
NM,New Mexico,Bernalillo,35001,35001003202,5631,"4,546",18.4,"(14.5, 23.1)",26.1,"(23.4, 28.8)",12.6,"(10.4, 15.0)",36.5,"(33.2, 40.0)",72.2,"(69.0, 75.3)",6.7,"( 6.0,  7.4)",9.6,"( 8.4, 10.8)",7.6,"( 6.7,  8.7)",67.7,"(63.8, 71.4)",83.4,"(80.9, 85.8)",54,"(49.6, 58.3)",6.4,"( 5.4,  7.5)",13.3,"(10.9, 16.0)",56.6,"(53.3, 59.8)",23.9,"(20.7, 27.2)",14.7,"(12.8, 16.8)",27.4,"(23.6, 31.5)",37.3,"(33.7, 40.9)",28.3,"(23.8, 33.1)",71.5,"(65.0, 77.3)",15.8,"(13.8, 18.0)",36.4,"(31.4, 41.4)",16.5,"(14.3, 18.9)",31.9,"(28.1, 35.9)",4,"( 3.5,  4.5)",18.8,"(15.8, 21.9)",8.5,"( 7.5,  9.7)",8.7,"( 7.5, 10.0)",15.7,"(13.4, 18.4)",17,"(14.5, 19.7)",5.6,"( 4.8,  6.5)",9.8,"( 8.4, 11.4)",35,"(30.7, 39.6)",33.6,"(29.7, 37.9)",20.2,"(15.9, 24.5)",24.4,"(19.7, 29.2)",19,"(15.6, 22.4)",12.9,"(10.8, 15.1)",12.3,"(10.3, 14.3)",23.7,"(20.5, 27.4)",POINT (-106.6444882 35.1250391)
NM,New Mexico,Bernalillo,35001,35001003400,4368,"3,336",20.9,"(17.2, 25.2)",23.5,"(21.0, 25.9)",13.8,"(11.5, 16.3)",33.6,"(30.4, 36.8)",65.6,"(62.4, 68.6)",5,"( 4.5,  5.5)",11.6,"(10.2, 13.1)",6.9,"( 6.2,  7.7)",62.9,"(58.7, 67.0)",75.3,"(72.3, 78.4)",49.9,"(45.3, 54.4)",7.9,"( 6.9,  8.9)",19.9,"(17.2, 22.8)",46.3,"(42.9, 49.7)",29.2,"(25.6, 32.9)",13.3,"(11.7, 15.0)",31.9,"(28.4, 35.8)",33,"(29.7, 36.2)",31.8,"(27.5, 36.3)",60.6,"(53.2, 67.7)",22,"(19.5, 24.5)",38.9,"(33.7, 43.9)",18.6,"(16.5, 20.8)",36.3,"(32.1, 40.6)",3.9,"( 3.6,  4.3)",23.9,"(20.2, 28.1)",8,"( 7.0,  8.9)",10.3,"( 9.2, 11.5)",22.3,"(19.5, 25.3)",17.5,"(15.4, 19.6)",6.5,"( 5.8,  7.2)",13.7,"(12.1, 15.5)",40.3,"(36.0, 44.7)",39.4,"(35.2, 43.6)",32.5,"(28.1, 36.9)",35.5,"(31.0, 39.9)",26.7,"(23.3, 30.1)",19.2,"(16.9, 21.7)",18.8,"(16.5, 21.2)",28.3,"(24.7, 32.0)",POINT (-106.6144797 35.1181416)
NM,New Mexico,Bernalillo,35001,35001003501,5380,"4,358",13.9,"(11.9, 16.3)",26.9,"(24.1, 29.8)",12.7,"(10.6, 15.0)",35.9,"(32.4, 39.2)",74.4,"(70.9, 77.4)",7.9,"( 7.2,  8.7)",9.2,"( 8.1, 10.4)",7,"( 6.2,  7.8)",70.2,"(66.5, 73.7)",87.3,"(85.6, 89.0)",63.4,"(59.3, 67.5)",5.3,"( 4.7,  6.1)",10.5,"( 9.0, 12.2)",66.4,"(63.5, 69.4)",22.7,"(19.6, 25.8)",13,"(11.3, 14.8)",21.6,"(19.3, 24.4)",38.3,"(34.6, 41.9)",23.5,"(20.2, 27.1)",74.1,"(68.1, 79.5)",14,"(12.3, 15.7)",33.1,"(28.3, 37.9)",14.4,"(12.8, 16.2)",29.2,"(25.6, 33.0)",3.5,"( 3.2,  3.9)",8.9,"( 7.3, 10.8)",7.8,"( 6.9,  8.8)",6.2,"( 5.6,  6.8)",12.6,"(11.2, 14.3)",14.3,"(12.5, 16.3)",4.1,"( 3.7,  4.5)",7.5,"( 6.7,  8.5)",30.5,"(27.1, 34.1)",32.2,"(28.6, 36.0)",11.6,"( 9.9, 13.6)",16.2,"(14.0, 18.7)",13.7,"(12.0, 15.7)",8.6,"( 7.5,  9.9)",8.4,"( 7.4,  9.5)",22.4,"(19.6, 25.4)",POINT (-106.628854 35.1589049)
NM,New Mexico,Bernalillo,35001,35001003502,5112,"4,187",9.7,"( 8.1, 11.7)",30.1,"(27.1, 33.0)",12.3,"(10.3, 14.5)",37.4,"(33.9, 40.9)",76.5,"(73.0, 79.6)",10.4,"( 9.4, 11.4)",9.4,"( 8.3, 10.6)",7.4,"( 6.6,  8.3)",73,"(69.6, 76.2)",90,"(88.6, 91.3)",69,"(65.2, 72.7)",5.7,"( 4.9,  6.7)",9.4,"( 7.7, 11.1)",72.2,"(69.5, 74.9)",23,"(20.0, 26.2)",11.9,"(10.3, 13.5)",18.4,"(15.9, 21.0)",40.3,"(36.5, 43.9)",19.6,"(16.5, 22.8)",76,"(70.1, 81.1)",12.8,"(11.3, 14.5)",30.3,"(25.8, 34.9)",13.5,"(11.9, 15.3)",27.1,"(23.7, 30.9)",3.6,"( 3.3,  4.0)",7.4,"( 6.1,  8.9)",8.3,"( 7.3,  9.3)",4.9,"( 4.3,  5.4)",10.9,"( 9.4, 12.5)",13.4,"(11.6, 15.4)",3.6,"( 3.1,  4.0)",6.7,"( 5.8,  7.7)",28.5,"(25.0, 32.1)",30.4,"(26.7, 34.1)",7.7,"( 6.3,  9.3)",10.9,"( 9.1, 12.8)",9.6,"( 8.1, 11.1)",6.2,"( 5.3,  7.2)",6.2,"( 5.3,  7.0)",20.3,"(17.5, 23.1)",POINT (-106.6482325 35.1587298)
NM,New Mexico,Bernalillo,35001,35001003600,6160,"5,010",16.1,"(13.2, 19.6)",29.9,"(27.0, 32.9)",11.8,"( 9.7, 14.0)",39.6,"(36.0, 43.1)",75.6,"(72.3, 78.6)",8.3,"( 7.5,  9.2)",9.7,"( 8.5, 10.9)",8.7,"( 7.7,  9.8)",70.4,"(66.7, 73.8)",86.1,"(84.1, 88.0)",60,"(55.5, 64.3)",7.3,"( 6.2,  8.5)",13.2,"(11.1, 15.7)",61.8,"(58.6, 65.0)",23.8,"(20.7, 27.0)",15.4,"(13.4, 17.6)",26.6,"(23.3, 30.1)",40.1,"(36.3, 43.8)",27.8,"(23.9, 32.2)",73.4,"(67.4, 78.7)",15.2,"(13.3, 17.2)",35.4,"(30.6, 40.5)",16.9,"(14.9, 19.2)",29.7,"(26.0, 33.6)",4.4,"( 3.9,  4.9)",14.7,"(12.1, 17.6)",9.5,"( 8.4, 10.7)",8,"( 7.1,  9.1)",14.8,"(12.8, 16.9)",18,"(15.7, 20.7)",5.5,"( 4.8,  6.2)",9.5,"( 8.3, 10.9)",35.4,"(31.4, 39.7)",32.8,"(28.9, 37.1)",16.8,"(13.8, 20.2)",20.9,"(17.5, 24.7)",16.2,"(13.7, 18.8)",10.8,"( 9.2, 12.6)",10.5,"( 8.9, 12.1)",23.2,"(20.0, 26.8)",POINT (-106.6230572 35.1928879)
NM,New Mexico,Bernalillo,35001,35001003707,4883,"4,011",12.5,"(10.0, 15.6)",28.9,"(26.0, 31.8)",12.8,"(10.6, 15.2)",37.4,"(34.0, 40.8)",73.2,"(70.2, 76.0)",8.3,"( 7.5,  9.2)",10.7,"( 9.4, 12.1)",8.2,"( 7.2,  9.3)",69.1,"(65.3, 72.5)",83.3,"(81.0, 85.4)",60.9,"(56.7, 65.0)",7.8,"( 6.4,  9.4)",14.1,"(11.5, 17.1)",62.8,"(59.7, 66.0)",27.1,"(23.7, 30.8)",13.2,"(11.4, 15.2)",24.7,"(21.4, 28.6)",37.1,"(33.7, 40.6)",24.9,"(21.0, 29.3)",70.5,"(64.1, 76.4)",17.2,"(15.0, 19.6)",35,"(30.2, 40.0)",16.2,"(14.1, 18.5)",29.8,"(26.1, 33.7)",4.3,"( 3.7,  4.9)",7.4,"( 6.0,  9.1)",9.1,"( 7.9, 10.3)",7.5,"( 6.5,  8.6)",15.8,"(13.6, 18.3)",16.6,"(14.2, 19.4)",5.3,"( 4.6,  6.2)",10.4,"( 9.0, 12.2)",34.9,"(30.7, 39.4)",33.5,"(29.6, 37.7)",18.9,"(15.5, 22.5)",20.7,"(17.4, 24.3)",15.9,"(13.5, 18.5)",12.1,"(10.3, 14.0)",11.6,"(10.0, 13.4)",22.1,"(19.0, 25.4)",POINT (-106.5648953 35.1423339)
NM,New Mexico,Bernalillo,35001,35001003712,5021,"4,106",8.2,"( 6.5, 10.1)",28,"(25.1, 31.0)",13.4,"(11.2, 15.7)",34.5,"(31.2, 37.9)",75.1,"(71.7, 78.1)",10,"( 9.1, 11.1)",9.5,"( 8.3, 10.7)",6.6,"( 5.8,  7.6)",71.7,"(68.1, 75.0)",89.2,"(87.5, 90.7)",70.1,"(66.3, 73.7)",5,"( 4.1,  6.1)",8.9,"( 7.1, 10.8)",74.4,"(71.7, 77.0)",23.9,"(20.8, 27.0)",10.2,"( 8.8, 11.8)",16.1,"(13.7, 18.7)",37.9,"(34.2, 41.5)",17.9,"(14.8, 21.3)",77.3,"(71.8, 82.2)",13.4,"(11.6, 15.3)",28.6,"(24.4, 33.1)",12.4,"(10.8, 14.2)",26.5,"(23.2, 30.2)",3.3,"( 2.9,  3.7)",5.9,"( 4.8,  7.2)",7.7,"( 6.7,  8.8)",4.2,"( 3.6,  4.8)",10.7,"( 9.1, 12.4)",11.8,"( 9.9, 13.9)",3,"( 2.6,  3.5)",6.4,"( 5.4,  7.5)",26.9,"(23.4, 30.7)",31.1,"(27.5, 35.1)",6.6,"( 5.3,  8.4)",9.4,"( 7.8, 11.5)",8.8,"( 7.4, 10.5)",5.7,"( 4.9,  6.7)",5.7,"( 4.9,  6.7)",20.3,"(17.6, 23.4)",POINT (-106.5510898 35.1668219)
NM,New Mexico,Bernalillo,35001,35001003715,4192,"3,479",6.2,"( 4.9,  7.6)",28.8,"(25.7, 31.9)",13,"(10.8, 15.2)",34.9,"(31.4, 38.3)",76.6,"(73.2, 79.5)",11.3,"(10.2, 12.5)",9.2,"( 8.1, 10.4)",6.6,"( 5.7,  7.6)",73.5,"(70.0, 76.6)",90.6,"(89.1, 91.9)",72.6,"(68.9, 75.9)",4.7,"( 3.7,  5.8)",7.5,"( 5.7,  9.2)",75.6,"(73.1, 78.1)",23.1,"(20.1, 26.2)",9.4,"( 8.0, 10.9)",13.8,"(11.5, 16.2)",38.9,"(35.2, 42.5)",15.6,"(12.7, 18.8)",78.6,"(73.3, 83.6)",12.1,"(10.5, 13.9)",26.5,"(22.3, 30.9)",11.3,"( 9.6, 13.0)",25.6,"(22.3, 29.2)",3.1,"( 2.7,  3.6)",6.4,"( 5.1,  7.8)",7.6,"( 6.6,  8.7)",3.4,"( 2.9,  4.0)",9.2,"( 7.9, 10.8)",10.6,"( 8.7, 12.6)",2.5,"( 2.1,  3.0)",5.5,"( 4.6,  6.5)",24.8,"(21.3, 28.5)",29.7,"(26.1, 33.7)",4.7,"( 3.6,  6.0)",6.9,"( 5.6,  8.5)",6.5,"( 5.4,  7.8)",4.3,"( 3.6,  5.2)",4.4,"( 3.8,  5.2)",18.7,"(16.1, 21.9)",POINT (-106.545601 35.1549029)
NM,New Mexico,Bernalillo,35001,35001003717,5240,"4,406",7.6,"( 6.1,  9.3)",26.2,"(23.5, 29.0)",13.8,"(11.6, 16.2)",33,"(29.7, 36.2)",74,"(70.7, 76.9)",9.3,"( 8.4, 10.3)",9.7,"( 8.4, 10.9)",6.2,"( 5.5,  7.0)",70.7,"(67.2, 74.1)",87.5,"(85.5, 89.2)",71,"(67.2, 74.5)",4.8,"( 4.0,  5.8)",8.5,"( 6.9, 10.4)",74.2,"(71.5, 76.7)",24.6,"(21.4, 27.9)",9.5,"( 8.2, 11.0)",15.6,"(13.3, 18.0)",36.1,"(32.6, 39.6)",16.9,"(14.0, 20.1)",76.8,"(71.1, 81.9)",13.9,"(12.0, 15.8)",28.7,"(24.2, 33.1)",11.7,"(10.2, 13.4)",26.3,"(23.0, 30.0)",3.1,"( 2.7,  3.5)",7.5,"( 6.1,  9.2)",7.1,"( 6.2,  8.0)",4.1,"( 3.6,  4.7)",11,"( 9.4, 12.7)",10.9,"( 9.2, 12.8)",2.9,"( 2.5,  3.3)",6.4,"( 5.5,  7.4)",26.1,"(22.6, 29.6)",31.5,"(27.6, 35.4)",7.5,"( 5.8,  9.4)",10.1,"( 8.1, 12.2)",9,"( 7.4, 10.8)",6.2,"( 5.2,  7.3)",6.2,"( 5.3,  7.3)",19.7,"(16.9, 22.8)",POINT (-106.5418764 35.1434578)
NM,New Mexico,Bernalillo,35001,35001003718,2540,"1,980",8.7,"( 6.9, 10.6)",25.5,"(22.7, 28.3)",14.3,"(11.9, 16.8)",32.5,"(29.3, 35.7)",72.5,"(69.0, 75.6)",8.7,"( 7.9,  9.6)",9.6,"( 8.5, 10.8)",6,"( 5.3,  6.8)",69.4,"(65.6, 72.9)",87.3,"(85.4, 89.0)",65.2,"(61.2, 69.1)",4.9,"( 4.0,  5.9)",9.8,"( 7.8, 11.8)",70.9,"(68.2, 73.6)",24.4,"(21.4, 27.7)",9.5,"( 8.1, 10.9)",16.4,"(14.0, 19.0)",35.7,"(32.2, 39.1)",18,"(15.0, 21.4)",74,"(68.0, 79.4)",14.3,"(12.5, 16.2)",29,"(24.7, 33.5)",12.2,"(10.5, 14.0)",27.9,"(24.5, 31.7)",3,"( 2.7,  3.5)",11.1,"( 9.2, 13.4)",7,"( 6.1,  8.0)",4.2,"( 3.7,  4.8)",11.6,"( 9.9, 13.3)",11.2,"( 9.4, 13.2)",3,"( 2.6,  3.5)",6.6,"( 5.7,  7.7)",26.5,"(23.1, 30.3)",32.4,"(28.6, 36.6)",8.1,"( 6.3, 10.1)",11,"( 8.9, 13.4)",9.9,"( 8.2, 11.8)",6.5,"( 5.5,  7.7)",6.5,"( 5.5,  7.6)",21.5,"(18.5, 24.8)",POINT (-106.5423989 35.1340916)
NM,New Mexico,Bernalillo,35001,35001003719,5383,"4,591",7.3,"( 5.8,  9.0)",27.7,"(24.8, 30.7)",13,"(10.9, 15.3)",33.8,"(30.5, 37.2)",76.3,"(73.2, 79.2)",11,"( 9.9, 12.2)",9.1,"( 8.0, 10.4)",6.7,"( 5.8,  7.8)",72.5,"(69.0, 75.7)",89.2,"(87.7, 90.7)",69,"(65.1, 72.8)",4.5,"( 3.6,  5.7)",6.9,"( 5.5,  8.4)",75.4,"(72.8, 77.9)",22.7,"(19.6, 25.9)",9.2,"( 7.8, 10.7)",14.4,"(12.1, 17.1)",36.8,"(33.3, 40.4)",16.4,"(13.3, 19.9)",75.9,"(70.2, 81.1)",12.5,"(10.9, 14.2)",26,"(21.9, 30.4)",11.3,"( 9.7, 13.1)",25.2,"(22.0, 28.7)",3.2,"( 2.8,  3.8)",9.9,"( 8.1, 12.0)",8.2,"( 7.1,  9.5)",3.9,"( 3.3,  4.6)",9.9,"( 8.4, 11.5)",11.3,"( 9.3, 13.6)",2.6,"( 2.2,  3.1)",6.1,"( 5.1,  7.3)",26.6,"(22.9, 30.6)",31.1,"(27.4, 34.8)",5.3,"( 4.1,  6.6)",7.9,"( 6.5,  9.6)",7.5,"( 6.2,  8.9)",4.9,"( 4.1,  5.7)",5.2,"( 4.4,  6.0)",19.3,"(16.5, 22.2)",POINT (-106.5128772 35.1346344)
NM,New Mexico,Bernalillo,35001,35001003722,7223,"5,334",8.1,"( 6.3, 10.2)",20.9,"(18.4, 23.4)",14.4,"(12.0, 16.9)",28.6,"(25.4, 31.9)",68.4,"(64.5, 71.9)",6.3,"( 5.7,  7.0)",9.2,"( 8.0, 10.4)",4.6,"( 4.0,  5.2)",67.7,"(63.8, 71.3)",86.6,"(84.5, 88.4)",58.3,"(54.1, 62.4)",3.8,"( 3.1,  4.5)",9.1,"( 7.2, 11.2)",72,"(69.3, 74.7)",23.4,"(20.2, 26.6)",9,"( 7.7, 10.4)",15.4,"(13.1, 18.0)",33.7,"(30.2, 37.1)",17.2,"(14.3, 20.6)",73,"(66.8, 78.5)",13.9,"(12.0, 16.0)",28,"(23.6, 32.4)",11.1,"( 9.5, 12.7)",28.9,"(25.3, 32.7)",2.4,"( 2.1,  2.7)",7.3,"( 5.9,  8.9)",5.3,"( 4.6,  6.0)",4,"( 3.5,  4.5)",10.9,"( 9.2, 12.8)",9.2,"( 7.7, 10.8)",2.7,"( 2.4,  3.2)",5.9,"( 5.0,  6.8)",23,"(19.6, 26.5)",32.6,"(28.6, 36.5)",8.1,"( 6.2, 10.2)",11.6,"( 9.2, 14.1)",10.3,"( 8.5, 12.3)",6.8,"( 5.6,  8.1)",6.6,"( 5.5,  7.8)",22.2,"(19.0, 25.5)",POINT (-106.5705592 35.1869783)
NM,New Mexico,Bernalillo,35001,35001003723,6743,"5,913",13.1,"(10.2, 16.1)",31.3,"(28.4, 34.5)",11.8,"( 9.7, 13.8)",39.3,"(35.9, 42.9)",76.7,"(73.7, 79.3)",10,"( 9.0, 11.1)",10,"( 8.8, 11.4)",8.9,"( 7.8, 10.2)",71.4,"(67.7, 74.5)",86.1,"(84.0, 87.9)",65.4,"(61.3, 69.3)",7.7,"( 6.3,  9.3)",12.4,"(10.1, 14.9)",63.9,"(60.9, 66.9)",24.6,"(21.4, 28.0)",13.5,"(11.7, 15.5)",23.9,"(20.5, 27.9)",39.8,"(36.1, 43.4)",25.3,"(21.4, 29.9)",71.2,"(64.7, 76.9)",15.1,"(13.3, 17.3)",31.9,"(27.4, 36.8)",16,"(13.8, 18.3)",28.6,"(25.1, 32.4)",4.6,"( 3.9,  5.3)",11.1,"( 9.1, 13.3)",10.1,"( 8.8, 11.5)",7,"( 6.0,  8.2)",14.3,"(12.2, 16.7)",17.4,"(14.8, 20.5)",4.8,"( 4.1,  5.8)",9.7,"( 8.1, 11.5)",35.2,"(31.0, 39.7)",33.3,"(29.5, 37.5)",14.3,"(11.6, 17.5)",17.3,"(14.3, 20.6)",13.1,"(11.0, 15.4)",8.9,"( 7.6, 10.4)",9.1,"( 7.8, 10.6)",22.6,"(19.7, 26.1)",POINT (-106.5725181 35.1669408)
NM,New Mexico,Bernalillo,35001,35001003724,3448,"2,891",8.4,"( 6.3, 10.9)",27.7,"(24.8, 30.7)",13.2,"(10.9, 15.5)",34.1,"(30.9, 37.6)",75.7,"(72.4, 78.8)",10.3,"( 9.2, 11.3)",9.4,"( 8.3, 10.6)",6.5,"( 5.6,  7.5)",72.2,"(68.6, 75.5)",89.4,"(87.6, 90.9)",70.3,"(66.6, 73.8)",4.8,"( 3.8,  6.0)",8,"( 6.3,  9.9)",74.5,"(71.9, 77.0)",23.2,"(20.3, 26.4)",9.9,"( 8.5, 11.6)",15.7,"(13.2, 18.4)",38.1,"(34.5, 41.7)",17.1,"(14.1, 20.5)",77.9,"(72.5, 82.7)",12.8,"(11.1, 14.6)",27.4,"(23.4, 31.7)",11.9,"(10.3, 13.8)",25.8,"(22.5, 29.3)",3.2,"( 2.8,  3.7)",5.5,"( 4.4,  6.8)",7.5,"( 6.6,  8.6)",4,"( 3.5,  4.7)",10.3,"( 8.8, 12.1)",11.5,"( 9.4, 13.7)",2.9,"( 2.4,  3.4)",6.1,"( 5.1,  7.2)",26.3,"(22.7, 30.2)",31.2,"(27.2, 35.4)",6.2,"( 4.6,  8.1)",9.1,"( 7.1, 11.5)",8.3,"( 6.7, 10.1)",5.2,"( 4.3,  6.2)",5.5,"( 4.5,  6.6)",20.1,"(17.1, 23.4)",POINT (-106.5649171 35.1510588)
NM,New Mexico,Bernalillo,35001,35001003725,4378,"3,590",12,"( 9.4, 14.6)",27.9,"(25.1, 30.8)",13,"(10.8, 15.3)",36.1,"(32.7, 39.4)",73.7,"(70.2, 76.7)",8.5,"( 7.7,  9.4)",10,"( 8.8, 11.3)",7.3,"( 6.5,  8.3)",69.6,"(65.9, 73.1)",85.5,"(83.4, 87.6)",62.4,"(58.2, 66.6)",6.4,"( 5.4,  7.6)",12.2,"(10.1, 14.6)",63.8,"(60.6, 67.0)",25.2,"(22.0, 28.5)",12.1,"(10.5, 14.0)",21.6,"(18.7, 24.7)",37.1,"(33.4, 40.5)",23.1,"(19.5, 27.0)",73.5,"(67.3, 79.1)",15.7,"(13.8, 17.7)",32.8,"(28.1, 37.5)",14.6,"(12.8, 16.6)",30.3,"(26.7, 34.3)",3.8,"( 3.4,  4.3)",9.2,"( 7.6, 11.3)",8.3,"( 7.3,  9.4)",6.1,"( 5.4,  6.9)",13.8,"(11.9, 15.9)",14.6,"(12.5, 16.9)",4.2,"( 3.7,  4.8)",8.6,"( 7.4,  9.9)",31.8,"(28.0, 35.8)",33.1,"(29.2, 37.3)",13.7,"(11.2, 16.5)",16.7,"(14.0, 19.8)",13.7,"(11.6, 16.0)",9.5,"( 8.1, 11.1)",9.2,"( 7.9, 10.7)",22.4,"(19.4, 25.7)",POINT (-106.5786656 35.1537734)
NM,New Mexico,Bernalillo,35001,35001003726,2397,"1,941",4.9,"( 3.9,  6.1)",26,"(23.3, 28.9)",13.5,"(11.2, 15.8)",32.3,"(29.1, 35.6)",75.1,"(71.5, 78.3)",10.4,"( 9.3, 11.4)",8.8,"( 7.7, 10.0)",5.6,"( 4.9,  6.4)",73,"(69.4, 76.2)",90.8,"(89.4, 92.2)",70.3,"(66.6, 73.8)",3.8,"( 3.1,  4.7)",6.3,"( 4.9,  8.0)",81,"(78.8, 83.1)",22,"(19.1, 25.1)",8.5,"( 7.3,  9.9)",11.8,"(10.0, 14.0)",37.8,"(34.0, 41.4)",13.4,"(11.0, 16.1)",79.5,"(74.2, 84.1)",11.2,"( 9.7, 12.9)",24.7,"(20.9, 28.8)",9.9,"( 8.6, 11.4)",23.9,"(20.7, 27.3)",2.6,"( 2.3,  3.1)",4.5,"( 3.6,  5.6)",6.4,"( 5.6,  7.4)",2.9,"( 2.5,  3.4)",8.1,"( 6.9,  9.5)",8.8,"( 7.3, 10.5)",2.1,"( 1.8,  2.5)",4.6,"( 3.9,  5.5)",21.3,"(18.4, 24.6)",29.1,"(25.4, 32.9)",3.7,"( 2.8,  4.9)",5.8,"( 4.6,  7.2)",5.5,"( 4.5,  6.7)",3.7,"( 3.1,  4.5)",3.9,"( 3.3,  4.6)",18.2,"(15.4, 21.0)",POINT (-106.5088635 35.1558336)
NM,New Mexico,Bernalillo,35001,35001003728,4351,"3,765",8.7,"( 6.9, 10.9)",23.8,"(21.4, 26.4)",15.1,"(12.5, 17.7)",30.3,"(27.3, 33.4)",71.1,"(67.7, 73.9)",8.1,"( 7.3,  9.0)",9.8,"( 8.7, 11.1)",5.5,"( 4.8,  6.2)",68.2,"(64.3, 71.8)",85.7,"(83.5, 87.7)",66.8,"(62.8, 70.5)",4.5,"( 3.7,  5.4)",9,"( 7.3, 11.1)",70.7,"(67.9, 73.5)",25.5,"(22.3, 28.9)",8.8,"( 7.6, 10.2)",15.8,"(13.6, 18.4)",33.8,"(30.4, 37.1)",17.2,"(14.3, 20.3)",76.7,"(71.0, 81.7)",14.9,"(13.1, 16.9)",28.9,"(24.6, 33.4)",11.7,"(10.2, 13.4)",27.9,"(24.4, 31.7)",2.8,"( 2.5,  3.2)",8,"( 6.5,  9.7)",6.5,"( 5.7,  7.4)",4.2,"( 3.7,  4.8)",11.9,"(10.2, 13.8)",10.4,"( 8.8, 12.2)",2.8,"( 2.5,  3.3)",6.6,"( 5.7,  7.8)",26.1,"(22.8, 29.7)",33,"(29.3, 37.0)",8.2,"( 6.5, 10.2)",11.2,"( 9.2, 13.5)",10.2,"( 8.6, 12.1)",6.8,"( 5.8,  7.9)",6.9,"( 5.9,  8.0)",20.9,"(18.1, 23.8)",POINT (-106.5249908 35.1409118)
NM,New Mexico,Bernalillo,35001,35001003729,2007,"1,634",5.9,"( 4.6,  7.8)",27.4,"(24.4, 30.6)",13.3,"(11.1, 15.8)",33.5,"(29.9, 37.0)",75.2,"(71.4, 78.6)",10.3,"( 9.2, 11.4)",9.3,"( 8.1, 10.6)",5.9,"( 5.1,  6.9)",72.8,"(69.1, 76.1)",90.6,"(88.8, 92.0)",71,"(67.2, 74.5)",4.6,"( 3.5,  5.9)",7.9,"( 5.7, 10.4)",77.2,"(74.8, 79.5)",23.3,"(20.2, 26.5)",9.3,"( 7.8, 10.8)",14,"(11.3, 17.1)",38.9,"(35.1, 42.6)",15.3,"(12.2, 18.7)",77.9,"(72.3, 82.8)",12.2,"(10.4, 14.1)",26.5,"(22.4, 30.8)",11.3,"( 9.5, 13.4)",25.3,"(22.1, 28.9)",2.9,"( 2.5,  3.4)",7.1,"( 5.8,  8.8)",6.6,"( 5.7,  7.6)",3.4,"( 2.8,  4.1)",9.4,"( 7.6, 11.3)",10.1,"( 8.1, 12.5)",2.6,"( 2.1,  3.2)",5.4,"( 4.4,  6.5)",23.4,"(19.7, 27.4)",30,"(26.1, 34.1)",4.9,"( 3.5,  6.8)",7.4,"( 5.5,  9.6)",6.6,"( 5.2,  8.3)",4.3,"( 3.5,  5.3)",4.5,"( 3.6,  5.5)",19.1,"(16.0, 22.4)",POINT (-106.510326 35.1671452)
NM,New Mexico,Bernalillo,35001,35001003730,4745,"3,699",5.6,"( 4.6,  6.9)",26.6,"(23.6, 29.6)",13.3,"(11.1, 15.6)",32.9,"(29.5, 36.4)",74.8,"(71.1, 78.1)",10.1,"( 9.1, 11.1)",9,"( 7.9, 10.2)",5.8,"( 5.1,  6.6)",72.7,"(69.2, 75.9)",90.7,"(89.3, 92.0)",70,"(66.1, 73.7)",4.2,"( 3.4,  5.0)",7.1,"( 5.7,  8.7)",76.7,"(74.2, 79.1)",22.6,"(19.7, 25.7)",9,"( 7.8, 10.5)",13.2,"(11.3, 15.4)",38,"(34.3, 41.7)",14.5,"(12.1, 17.5)",77.1,"(71.5, 82.2)",11.6,"(10.1, 13.3)",26.2,"(22.1, 30.6)",10.7,"( 9.3, 12.3)",25.7,"(22.4, 29.3)",2.8,"( 2.5,  3.1)",5.9,"( 4.8,  7.3)",6.6,"( 5.8,  7.6)",3.3,"( 2.9,  3.8)",8.7,"( 7.5, 10.1)",9.6,"( 8.1, 11.4)",2.5,"( 2.1,  2.8)",5.1,"( 4.4,  6.0)",22.6,"(19.6, 25.9)",29.1,"(25.4, 32.9)",4.6,"( 3.6,  5.9)",6.8,"( 5.5,  8.3)",6.4,"( 5.3,  7.7)",4.3,"( 3.6,  5.1)",4.3,"( 3.7,  5.1)",18.3,"(15.6, 21.2)",POINT (-106.53338 35.1674977)
NM,New Mexico,Bernalillo,35001,35001003731,3760,"2,941",4.7,"( 3.7,  5.9)",26.1,"(23.1, 29.1)",13.6,"(11.3, 16.0)",32.4,"(28.9, 35.9)",74.8,"(70.8, 78.4)",10.3,"( 9.2, 11.3)",8.8,"( 7.7, 10.0)",5.4,"( 4.7,  6.2)",73.5,"(69.9, 76.6)",91.9,"(90.6, 93.1)",71.2,"(67.6, 74.8)",3.7,"( 2.9,  4.7)",6.2,"( 4.8,  8.1)",81,"(78.9, 83.1)",21.9,"(18.9, 25.0)",8.7,"( 7.4, 10.2)",11.7,"( 9.8, 14.0)",38.8,"(34.9, 42.5)",12.8,"(10.4, 15.5)",76.8,"(71.1, 81.9)",10.9,"( 9.4, 12.5)",25.5,"(21.5, 29.8)",10,"( 8.6, 11.6)",24.3,"(21.1, 27.7)",2.6,"( 2.2,  2.9)",2.8,"( 2.2,  3.4)",6.1,"( 5.3,  6.9)",2.8,"( 2.4,  3.3)",7.8,"( 6.5,  9.2)",8.5,"( 7.0, 10.2)",2.2,"( 1.8,  2.6)",4.3,"( 3.6,  5.2)",20.3,"(17.3, 23.6)",28.2,"(24.7, 31.9)",3.4,"( 2.4,  4.6)",5.5,"( 4.2,  7.0)",5.4,"( 4.4,  6.7)",3.6,"( 3.0,  4.4)",3.7,"( 3.1,  4.4)",17.7,"(15.1, 20.6)",POINT (-106.5115726 35.1835853)
NM,New Mexico,Bernalillo,35001,35001003733,3535,"2,428",22,"(18.1, 26.4)",22.5,"(20.1, 24.9)",13.1,"(10.9, 15.5)",33.6,"(30.2, 36.8)",62.8,"(59.3, 66.0)",4.2,"( 3.8,  4.6)",12.1,"(10.7, 13.6)",6.6,"( 5.9,  7.4)",62.1,"(57.7, 66.1)",72.4,"(69.0, 75.9)",45,"(40.6, 49.4)",8.5,"( 7.4,  9.7)",22.6,"(19.3, 25.9)",41,"(37.7, 44.3)",30.6,"(27.1, 34.4)",13.6,"(11.9, 15.4)",35.2,"(31.1, 39.5)",31.7,"(28.6, 34.9)",34.5,"(29.9, 39.4)",62.1,"(55.0, 69.1)",23.6,"(21.1, 26.3)",40.8,"(35.5, 45.8)",19.6,"(17.3, 22.1)",37.8,"(33.6, 42.1)",4,"( 3.6,  4.4)",26,"(22.0, 30.3)",7.8,"( 6.9,  8.8)",12.2,"(10.8, 13.7)",24.5,"(21.6, 27.7)",18.5,"(16.1, 20.8)",7.5,"( 6.6,  8.5)",15.9,"(14.0, 18.0)",42.5,"(38.0, 47.1)",40.1,"(35.8, 44.7)",42.4,"(37.2, 47.9)",42.6,"(37.6, 47.9)",31.2,"(27.3, 35.4)",24.3,"(21.5, 27.3)",23,"(20.1, 26.2)",28.7,"(24.9, 32.8)",POINT (-106.5953771 35.1390834)
NM,New Mexico,Bernalillo,35001,35001003736,2589,"2,061",12.3,"(10.2, 14.9)",22.5,"(20.1, 24.9)",14.8,"(12.4, 17.4)",30.7,"(27.6, 33.8)",69,"(65.5, 72.2)",6.5,"( 5.9,  7.2)",9.8,"( 8.7, 11.0)",5.4,"( 4.8,  6.1)",66.5,"(62.5, 70.2)",84,"(81.6, 86.2)",59.8,"(55.5, 64.0)",4.7,"( 4.0,  5.4)",11.3,"( 9.5, 13.4)",63.5,"(60.3, 66.6)",25,"(22.0, 28.3)",10.2,"( 8.9, 11.7)",19.4,"(17.0, 22.1)",33.5,"(30.3, 36.7)",21.2,"(18.1, 24.7)",73.5,"(67.5, 79.0)",16.1,"(14.2, 18.1)",32.2,"(27.7, 36.8)",13.1,"(11.6, 14.8)",31.4,"(27.6, 35.3)",2.9,"( 2.6,  3.2)",10.6,"( 8.7, 12.8)",6.4,"( 5.7,  7.3)",5.4,"( 4.8,  6.0)",13.7,"(11.9, 15.6)",11.6,"(10.0, 13.3)",3.4,"( 3.0,  3.8)",7.6,"( 6.6,  8.6)",28.4,"(25.2, 32.1)",34.4,"(30.5, 38.4)",12.5,"(10.1, 15.0)",16.7,"(13.8, 19.6)",14.4,"(12.0, 16.8)",9.4,"( 7.9, 10.8)",9.1,"( 7.8, 10.5)",23.4,"(20.1, 26.6)",POINT (-106.5943037 35.174177)
NM,New Mexico,Bernalillo,35001,35001003737,2760,"2,232",5,"( 3.9,  6.4)",26.2,"(23.2, 29.2)",14.1,"(11.8, 16.7)",32.2,"(28.7, 35.5)",74.6,"(71.1, 77.9)",10.2,"( 9.2, 11.4)",9.1,"( 8.0, 10.4)",5.6,"( 4.8,  6.4)",72.5,"(69.0, 75.9)",90.7,"(89.2, 92.1)",73.1,"(69.6, 76.6)",3.9,"( 3.1,  4.8)",6.7,"( 5.0,  8.5)",79.1,"(76.8, 81.2)",23.2,"(20.1, 26.4)",8.5,"( 7.1,  9.8)",12.1,"( 9.9, 14.2)",37.6,"(33.9, 41.2)",13.2,"(10.6, 15.8)",79.7,"(74.4, 84.3)",11.8,"(10.1, 13.5)",25.8,"(21.6, 30.1)",10.2,"( 8.6, 11.8)",24.7,"(21.5, 28.2)",2.6,"( 2.3,  3.0)",4.9,"( 3.9,  6.0)",6.3,"( 5.5,  7.2)",2.9,"( 2.5,  3.4)",8.5,"( 7.1,  9.9)",8.8,"( 7.2, 10.5)",2.2,"( 1.9,  2.6)",4.8,"( 4.0,  5.6)",21.5,"(18.2, 24.8)",29.2,"(25.5, 33.0)",3.9,"( 2.9,  5.2)",5.9,"( 4.6,  7.4)",5.8,"( 4.7,  7.1)",4,"( 3.2,  4.7)",4,"( 3.4,  4.8)",18,"(15.3, 21.0)",POINT (-106.5052655 35.1450085)
NM,New Mexico,Bernalillo,35001,35001003738,4859,"4,018",8.3,"( 6.6, 10.1)",25.6,"(22.8, 28.4)",14.5,"(12.2, 17.1)",31.9,"(28.6, 35.2)",72.1,"(68.7, 75.1)",8.7,"( 7.8,  9.7)",9.9,"( 8.7, 11.3)",6,"( 5.2,  6.8)",68.9,"(65.3, 72.5)",86.3,"(84.2, 88.3)",65.8,"(61.7, 69.7)",5.1,"( 4.1,  6.1)",10,"( 8.0, 12.2)",68.9,"(66.0, 71.8)",25.8,"(22.5, 29.3)",9.2,"( 7.9, 10.6)",16.3,"(13.9, 19.0)",35,"(31.4, 38.4)",17.8,"(14.8, 21.3)",75.3,"(69.5, 80.6)",15.1,"(13.2, 17.2)",29.2,"(24.8, 33.8)",12.3,"(10.6, 14.1)",28.8,"(25.2, 32.7)",3,"( 2.6,  3.5)",10.4,"( 8.5, 12.7)",7,"( 6.1,  8.0)",4.2,"( 3.7,  4.9)",12.1,"(10.4, 14.1)",11.1,"( 9.3, 13.2)",3,"( 2.6,  3.5)",6.9,"( 5.9,  8.1)",27,"(23.4, 30.8)",32.8,"(28.8, 37.0)",8.5,"( 6.6, 10.6)",11.2,"( 9.1, 13.6)",10,"( 8.3, 12.0)",6.8,"( 5.7,  8.0)",6.8,"( 5.8,  8.0)",21.1,"(18.1, 24.4)",POINT (-106.5161586 35.1482073)
NM,New Mexico,Bernalillo,35001,35001003739,1873,"1,563",9.6,"( 7.3, 12.5)",25.5,"(22.9, 28.3)",14.2,"(11.9, 16.7)",32.2,"(29.1, 35.5)",73.4,"(70.4, 76.5)",8.9,"( 8.1,  9.8)",9.4,"( 8.3, 10.7)",6.1,"( 5.3,  6.9)",69.6,"(65.9, 73.2)",87.1,"(84.9, 89.0)",70.1,"(66.3, 73.8)",4.8,"( 3.8,  5.9)",8.9,"( 7.0, 11.0)",75.5,"(73.0, 77.9)",23.9,"(20.7, 27.1)",9.5,"( 8.2, 11.0)",16.5,"(14.0, 19.5)",36,"(32.5, 39.4)",18,"(15.0, 21.5)",77.4,"(72.1, 82.4)",13.8,"(12.0, 15.8)",28.3,"(24.1, 32.8)",12.1,"(10.5, 13.9)",25.8,"(22.5, 29.3)",3,"( 2.6,  3.5)",7.2,"( 5.9,  8.8)",7.1,"( 6.2,  8.1)",4.3,"( 3.7,  5.1)",11.5,"( 9.6, 13.6)",11.3,"( 9.4, 13.5)",3,"( 2.5,  3.5)",6.6,"( 5.5,  7.8)",26.9,"(23.2, 30.8)",32.5,"(28.6, 36.6)",7.7,"( 5.9,  9.9)",11,"( 8.7, 13.7)",9.7,"( 8.0, 11.8)",6.1,"( 5.2,  7.3)",6.5,"( 5.4,  7.7)",21,"(18.0, 24.4)",POINT (-106.5734854 35.1355979)
NM,New Mexico,Bernalillo,35001,35001003740,4980,"4,152",12.3,"( 9.8, 15.0)",19.8,"(17.7, 22.0)",16.1,"(13.4, 18.9)",27.1,"(24.4, 30.0)",64.8,"(61.7, 67.8)",5.6,"( 5.0,  6.2)",10.4,"( 9.2, 11.8)",4.6,"( 4.1,  5.2)",63.9,"(59.7, 67.8)",80.8,"(78.1, 83.3)",60.7,"(56.6, 64.8)",4.5,"( 3.8,  5.2)",11.4,"( 9.7, 13.4)",60.5,"(57.4, 63.7)",26.9,"(23.6, 30.4)",8.4,"( 7.3,  9.7)",18.6,"(16.1, 21.3)",30,"(27.0, 33.1)",19.8,"(16.7, 23.0)",71.4,"(65.0, 77.3)",18,"(16.0, 20.3)",31.2,"(26.8, 36.0)",12.5,"(11.0, 14.1)",32,"(28.3, 36.1)",2.5,"( 2.3,  2.8)",13.5,"(11.0, 16.2)",5.7,"( 5.0,  6.4)",5.1,"( 4.5,  5.7)",15.2,"(13.2, 17.5)",10.2,"( 8.8, 11.7)",3.2,"( 2.8,  3.6)",8,"( 6.9,  9.1)",28.5,"(25.0, 32.2)",37.2,"(33.1, 41.5)",12.8,"(10.4, 15.4)",17.5,"(14.6, 20.6)",15.3,"(12.9, 17.8)",9.8,"( 8.3, 11.3)",10.3,"( 8.8, 11.8)",24.9,"(21.5, 28.5)",POINT (-106.5820765 35.1377284)
NM,New Mexico,Bernalillo,35001,35001003741,1861,"1,613",3.5,"( 2.8,  4.2)",32.5,"(29.1, 36.0)",11.2,"( 9.2, 13.2)",38.7,"(35.0, 42.5)",79.8,"(76.3, 82.8)",14,"(12.7, 15.4)",8.8,"( 7.7, 10.0)",7.2,"( 6.4,  8.2)",78.2,"(75.1, 80.9)",94,"(93.1, 94.8)",76.5,"(73.2, 79.6)",4.5,"( 3.7,  5.4)",5.5,"( 4.4,  7.0)",82.9,"(80.9, 84.9)",21.1,"(18.3, 24.2)",10,"( 8.6, 11.7)",12,"(10.2, 14.1)",43.3,"(39.2, 47.2)",13,"(10.7, 15.7)",79.6,"(74.4, 84.1)",9.5,"( 8.3, 10.9)",25.1,"(21.2, 29.3)",10.5,"( 9.1, 12.1)",21.7,"(18.8, 24.9)",3.2,"( 2.9,  3.6)",2.7,"( 2.2,  3.4)",8,"( 7.0,  9.1)",2.9,"( 2.6,  3.3)",6.9,"( 5.9,  8.0)",10.1,"( 8.5, 12.0)",2.3,"( 2.0,  2.7)",4.5,"( 3.8,  5.2)",22.6,"(19.6, 26.0)",25.8,"(22.6, 29.2)",2.8,"( 2.2,  3.6)",4.2,"( 3.4,  5.2)",3.9,"( 3.2,  4.7)",2.9,"( 2.4,  3.4)",3,"( 2.6,  3.5)",15.4,"(13.2, 17.9)",POINT (-106.4440889 35.1797297)
NM,New Mexico,Bernalillo,35001,35001003742,4587,"3,852",5,"( 4.0,  6.1)",29.6,"(26.4, 32.7)",12.6,"(10.5, 14.8)",36.2,"(32.5, 39.7)",77,"(73.4, 80.1)",11.5,"(10.4, 12.7)",9.1,"( 8.0, 10.3)",6.7,"( 5.8,  7.6)",74.6,"(71.2, 77.7)",91.6,"(90.2, 92.8)",73.4,"(69.8, 76.8)",4.7,"( 3.8,  5.8)",7.2,"( 5.4,  9.2)",79.7,"(77.4, 81.8)",22.7,"(19.6, 25.8)",10,"( 8.5, 11.5)",13.6,"(11.5, 16.0)",40.3,"(36.4, 44.1)",14.8,"(12.1, 17.8)",77.8,"(72.2, 82.7)",11.3,"( 9.8, 13.0)",27.1,"(22.7, 31.3)",11.2,"( 9.6, 12.9)",24.1,"(20.9, 27.5)",3.1,"( 2.8,  3.6)",6.3,"( 5.0,  7.7)",7.4,"( 6.5,  8.4)",3.4,"( 2.9,  3.9)",8.5,"( 7.2,  9.9)",10.5,"( 8.8, 12.4)",2.6,"( 2.2,  3.1)",5.2,"( 4.4,  6.1)",23.6,"(20.4, 27.0)",27.9,"(24.2, 31.5)",4.6,"( 3.4,  6.0)",6.4,"( 5.0,  7.9)",5.9,"( 4.8,  7.2)",4.2,"( 3.5,  5.1)",4.2,"( 3.5,  4.9)",17.4,"(14.7, 20.1)",POINT (-106.4386039 35.1626368)
NM,New Mexico,Bernalillo,35001,35001003743,6197,"4,651",6.1,"( 5.0,  7.4)",23,"(20.5, 25.8)",14.2,"(11.8, 16.6)",29.9,"(26.8, 33.3)",71,"(67.1, 74.5)",7.9,"( 7.1,  8.8)",9.1,"( 8.0, 10.3)",4.8,"( 4.2,  5.5)",69.9,"(66.1, 73.4)",88.9,"(87.3, 90.5)",65.3,"(61.2, 69.1)",3.9,"( 3.2,  4.7)",8.2,"( 6.5, 10.2)",74.5,"(71.9, 77.1)",23.2,"(20.2, 26.4)",8.5,"( 7.3,  9.9)",13.4,"(11.4, 15.8)",35.6,"(32.0, 39.1)",15.1,"(12.6, 18.1)",75.6,"(69.7, 81.0)",12.9,"(11.3, 14.7)",26.8,"(22.7, 31.1)",10.5,"( 9.2, 12.1)",28.1,"(24.6, 31.9)",2.4,"( 2.2,  2.8)",5.2,"( 4.2,  6.3)",5.4,"( 4.7,  6.2)",3.3,"( 2.9,  3.8)",9.6,"( 8.2, 11.1)",8.7,"( 7.3, 10.3)",2.4,"( 2.1,  2.8)",5.2,"( 4.4,  6.0)",21.4,"(18.6, 24.6)",31,"(27.2, 34.9)",5.7,"( 4.4,  7.3)",8.4,"( 6.8, 10.4)",7.8,"( 6.5,  9.4)",5.2,"( 4.3,  6.2)",5.1,"( 4.4,  6.0)",20.6,"(17.7, 23.8)",POINT (-106.5498132 35.1816557)
NM,New Mexico,Bernalillo,35001,35001003744,1376,"1,073",4.7,"( 3.8,  6.0)",24.9,"(22.1, 27.8)",13.8,"(11.5, 16.3)",31.6,"(28.3, 35.1)",73.9,"(70.0, 77.4)",9.4,"( 8.5, 10.4)",8.8,"( 7.7,  9.9)",5.1,"( 4.4,  5.8)",72.7,"(69.2, 76.1)",91.5,"(90.1, 92.7)",69.6,"(65.9, 73.1)",3.5,"( 2.9,  4.3)",6.4,"( 5.0,  8.2)",80.6,"(78.4, 82.8)",21.5,"(18.6, 24.5)",8.6,"( 7.3, 10.0)",11.7,"( 9.9, 13.7)",38,"(34.2, 41.7)",13,"(10.7, 15.6)",78.4,"(73.0, 83.2)",11,"( 9.6, 12.6)",25.7,"(21.6, 29.9)",9.9,"( 8.5, 11.3)",24.9,"(21.5, 28.4)",2.4,"( 2.1,  2.8)",3.3,"( 2.7,  4.1)",5.6,"( 4.9,  6.4)",2.8,"( 2.4,  3.2)",7.9,"( 6.7,  9.2)",8.2,"( 6.8,  9.7)",2.1,"( 1.8,  2.5)",4.3,"( 3.6,  5.0)",19.8,"(17.0, 22.9)",28.7,"(25.2, 32.3)",3.5,"( 2.6,  4.5)",5.7,"( 4.6,  7.1)",5.7,"( 4.6,  6.8)",3.7,"( 3.1,  4.5)",3.8,"( 3.2,  4.4)",18.4,"(15.7, 21.2)",POINT (-106.5434941 35.1914531)
NM,New Mexico,Bernalillo,35001,35001003745,1361,"1,151",14.8,"(12.7, 17.3)",33.6,"(30.4, 36.7)",10.9,"( 9.1, 12.9)",42.1,"(38.5, 45.6)",77.9,"(74.7, 80.7)",10,"( 9.0, 11.0)",10,"( 8.8, 11.3)",9.5,"( 8.5, 10.6)",72.6,"(69.2, 75.8)",87.8,"(86.2, 89.3)",66,"(61.7, 70.1)",8.1,"( 7.1,  9.2)",13.2,"(11.4, 15.4)",65.7,"(62.5, 68.8)",24.3,"(21.1, 27.5)",15.6,"(13.6, 17.7)",26.1,"(23.2, 29.4)",41.6,"(37.7, 45.3)",28.2,"(24.3, 32.4)",72.9,"(66.8, 78.6)",15.3,"(13.6, 17.2)",34.7,"(29.9, 39.6)",17.5,"(15.6, 19.7)",29.7,"(26.0, 33.6)",4.9,"( 4.5,  5.4)",11.3,"( 9.2, 13.7)",10.5,"( 9.3, 11.8)",7.6,"( 6.9,  8.4)",14.6,"(12.9, 16.4)",19.2,"(16.9, 21.8)",5.3,"( 4.8,  5.9)",9.8,"( 8.7, 11.0)",37.2,"(33.4, 41.3)",33.4,"(29.5, 37.5)",14.9,"(12.7, 17.4)",18.8,"(16.4, 21.7)",14.8,"(12.9, 16.9)",9.7,"( 8.5, 11.1)",9.5,"( 8.4, 10.8)",23.8,"(20.7, 27.1)",POINT (-106.6116042 35.1463429)
NM,New Mexico,Bernalillo,35001,35001003746,4912,"3,892",8.9,"( 7.1, 11.0)",21.8,"(19.4, 24.3)",15,"(12.5, 17.6)",28.8,"(25.8, 31.9)",70.1,"(66.4, 73.7)",7.3,"( 6.6,  8.0)",9,"( 7.9, 10.1)",4.7,"( 4.1,  5.2)",68.7,"(65.0, 72.3)",88.4,"(86.7, 90.1)",64.1,"(60.0, 68.0)",3.5,"( 2.9,  4.1)",7.7,"( 6.2,  9.3)",72.5,"(69.9, 75.2)",22.7,"(19.7, 25.8)",8.7,"( 7.6, 10.0)",14.5,"(12.4, 16.6)",34.5,"(31.0, 38.0)",16.1,"(13.4, 18.8)",77,"(71.4, 81.9)",12.9,"(11.3, 14.6)",28.2,"(24.1, 32.6)",10.8,"( 9.4, 12.2)",28.1,"(24.6, 31.9)",2.4,"( 2.1,  2.6)",8.6,"( 7.0, 10.5)",5.5,"( 4.8,  6.1)",3.7,"( 3.2,  4.2)",10.1,"( 8.7, 11.6)",9,"( 7.6, 10.4)",2.5,"( 2.2,  2.9)",5.2,"( 4.5,  6.0)",22.5,"(19.5, 25.4)",31.6,"(27.8, 35.5)",6.2,"( 4.8,  7.8)",9.8,"( 7.8, 11.9)",9.6,"( 7.9, 11.4)",5.8,"( 4.8,  6.8)",5.7,"( 4.8,  6.7)",20.9,"(18.0, 23.9)",POINT (-106.6121351 35.1645854)
NM,New Mexico,Bernalillo,35001,35001003803,3400,"2,805",5.6,"( 4.7,  6.6)",29.9,"(26.7, 33.1)",13.4,"(11.2, 15.8)",35.8,"(32.3, 39.4)",75.9,"(72.2, 79.2)",11.3,"(10.2, 12.4)",9.5,"( 8.4, 10.7)",6.5,"( 5.8,  7.4)",73.7,"(70.1, 76.9)",91.5,"(90.3, 92.7)",71.4,"(67.6, 75.0)",5.1,"( 4.4,  6.0)",8.6,"( 7.1, 10.4)",77.8,"(75.4, 80.2)",23.8,"(20.7, 27.0)",9.8,"( 8.4, 11.3)",14.1,"(12.1, 16.3)",40.3,"(36.4, 44.1)",15.1,"(12.6, 17.9)",77.4,"(72.0, 82.3)",12.3,"(10.8, 14.0)",28,"(23.8, 32.5)",11.9,"(10.4, 13.6)",25.3,"(22.0, 28.8)",3.1,"( 2.8,  3.4)",5,"( 4.0,  6.2)",7.1,"( 6.3,  8.1)",3.3,"( 3.0,  3.7)",9.2,"( 8.0, 10.6)",10.6,"( 9.1, 12.3)",2.7,"( 2.4,  3.0)",5.4,"( 4.7,  6.2)",24,"(21.0, 27.4)",29,"(25.5, 32.8)",4.8,"( 3.9,  5.8)",6.8,"( 5.7,  8.1)",6.5,"( 5.5,  7.6)",4.4,"( 3.7,  5.1)",4.3,"( 3.8,  5.0)",18.8,"(16.2, 21.6)",POINT (-106.3135103 35.1856436)
NM,New Mexico,Bernalillo,35001,35001003804,5497,"4,424",7.4,"( 6.3,  8.8)",29.8,"(26.8, 32.9)",13.4,"(11.2, 15.8)",36.6,"(33.0, 40.0)",74.9,"(71.3, 78.3)",10.2,"( 9.2, 11.1)",9.9,"( 8.7, 11.2)",7.1,"( 6.3,  7.9)",71.9,"(68.3, 75.2)",89.3,"(87.8, 90.7)",68.4,"(64.4, 72.2)",6.1,"( 5.2,  7.0)",10.8,"( 9.1, 12.7)",71.7,"(69.0, 74.5)",25.3,"(22.1, 28.7)",11,"( 9.5, 12.5)",17.4,"(15.2, 19.7)",39.5,"(35.7, 43.3)",18,"(15.3, 21.0)",74.4,"(68.3, 79.7)",14,"(12.3, 15.7)",30.8,"(26.2, 35.4)",13.4,"(11.8, 15.1)",28,"(24.5, 31.7)",3.4,"( 3.1,  3.8)",7.7,"( 6.3,  9.5)",7.6,"( 6.7,  8.5)",4.3,"( 3.9,  4.8)",11.3,"( 9.8, 12.8)",12.4,"(10.7, 14.2)",3.5,"( 3.1,  3.9)",6.8,"( 5.9,  7.7)",27.1,"(23.8, 30.5)",30.2,"(26.5, 34.0)",8.1,"( 6.6,  9.6)",10.2,"( 8.6, 11.9)",9,"( 7.7, 10.4)",6.3,"( 5.4,  7.2)",6,"( 5.2,  6.8)",19.9,"(17.1, 22.7)",POINT (-106.3067493 35.1237696)
NM,New Mexico,Bernalillo,35001,35001003805,2223,"1,835",8.2,"( 6.8,  9.7)",30.8,"(27.7, 33.9)",12.7,"(10.5, 15.0)",38.6,"(35.0, 42.2)",76.5,"(73.0, 79.5)",10.6,"( 9.6, 11.6)",9.5,"( 8.4, 10.7)",7.9,"( 7.1,  8.8)",72.8,"(69.2, 76.0)",89.6,"(88.1, 91.0)",66.7,"(62.6, 70.7)",6.2,"( 5.4,  7.1)",10.4,"( 8.7, 12.2)",69.4,"(66.5, 72.2)",23.9,"(20.9, 27.1)",12,"(10.4, 13.7)",18.4,"(16.1, 20.8)",40.5,"(36.7, 44.2)",19.4,"(16.4, 22.6)",75.6,"(69.6, 80.8)",13.3,"(11.7, 15.0)",30.9,"(26.3, 35.6)",13.7,"(12.1, 15.4)",28.1,"(24.6, 31.9)",3.8,"( 3.4,  4.1)",8.5,"( 6.9, 10.2)",8.6,"( 7.6,  9.6)",4.9,"( 4.4,  5.4)",11.1,"( 9.7, 12.6)",13.6,"(11.7, 15.4)",3.7,"( 3.3,  4.1)",6.9,"( 6.1,  7.8)",28.8,"(25.4, 32.4)",29.8,"(26.2, 33.5)",8.3,"( 6.9,  9.8)",10.6,"( 9.0, 12.4)",9,"( 7.7, 10.4)",6.3,"( 5.4,  7.3)",6.2,"( 5.4,  7.0)",19.8,"(17.0, 22.5)",POINT (-106.405013 35.1223891)
NM,New Mexico,Bernalillo,35001,35001003806,3421,"2,848",7,"( 5.8,  8.2)",29.8,"(26.6, 32.9)",13.6,"(11.4, 16.1)",36.5,"(32.9, 40.1)",75,"(71.3, 78.3)",10.2,"( 9.3, 11.3)",9.8,"( 8.6, 11.1)",6.9,"( 6.1,  7.7)",72.1,"(68.6, 75.4)",90,"(88.6, 91.3)",69.2,"(65.2, 72.9)",5.7,"( 4.9,  6.6)",10.3,"( 8.5, 12.2)",72.6,"(69.9, 75.3)",24.9,"(21.7, 28.3)",10.8,"( 9.3, 12.5)",16.5,"(14.3, 18.8)",39.7,"(35.9, 43.4)",17.2,"(14.6, 20.4)",75.5,"(69.6, 80.7)",13.7,"(12.0, 15.5)",30.7,"(26.2, 35.4)",13.1,"(11.6, 14.9)",27.9,"(24.3, 31.7)",3.3,"( 3.0,  3.7)",6.5,"( 5.3,  8.0)",7.4,"( 6.5,  8.4)",4.1,"( 3.6,  4.5)",10.7,"( 9.4, 12.2)",11.9,"(10.2, 13.7)",3.3,"( 2.9,  3.7)",6.3,"( 5.5,  7.1)",26.3,"(23.0, 29.8)",29.9,"(26.4, 33.8)",6.9,"( 5.7,  8.3)",9.2,"( 7.8, 10.8)",8.5,"( 7.3,  9.9)",5.9,"( 5.1,  6.9)",5.6,"( 4.9,  6.4)",19.7,"(17.2, 22.8)",POINT (-106.3051786 35.0611656)
NM,New Mexico,Bernalillo,35001,35001003807,4369,"3,608",9.6,"( 8.0, 11.2)",31.6,"(28.4, 34.8)",12.9,"(10.7, 15.2)",39.5,"(35.9, 43.1)",75.6,"(72.1, 78.9)",9.8,"( 8.8, 10.7)",10.1,"( 8.9, 11.4)",8.1,"( 7.2,  9.0)",71.6,"(67.9, 75.0)",88.4,"(86.8, 89.9)",65.3,"(61.1, 69.3)",7.2,"( 6.2,  8.2)",13,"(11.1, 15.2)",68.6,"(65.6, 71.5)",25.5,"(22.3, 28.9)",13.2,"(11.5, 15.1)",21.2,"(18.7, 23.9)",40.7,"(36.8, 44.4)",21.9,"(18.6, 25.4)",72.7,"(66.5, 78.3)",14.9,"(13.2, 16.8)",33.9,"(29.1, 38.8)",15.5,"(13.7, 17.3)",28.9,"(25.3, 32.8)",4,"( 3.7,  4.4)",11,"( 9.0, 13.3)",8.6,"( 7.6,  9.7)",5.6,"( 5.1,  6.2)",12.8,"(11.3, 14.4)",15.1,"(13.2, 17.2)",4.4,"( 4.0,  4.9)",8.1,"( 7.1,  9.0)",31.1,"(27.5, 34.7)",30.9,"(27.1, 34.6)",11.4,"( 9.6, 13.4)",13.8,"(11.8, 15.9)",11.6,"(10.0, 13.3)",8.2,"( 7.1,  9.5)",7.6,"( 6.7,  8.7)",21.2,"(18.3, 24.2)",POINT (-106.3110805 34.959851)
NM,New Mexico,Bernalillo,35001,35001004001,5316,"4,053",20.7,"(16.5, 25.2)",24.2,"(21.6, 26.8)",13.4,"(11.1, 15.8)",34.3,"(30.9, 37.6)",69.7,"(66.1, 73.0)",5.8,"( 5.2,  6.4)",9.7,"( 8.5, 10.9)",6.8,"( 6.0,  7.6)",65.6,"(61.6, 69.5)",82.3,"(79.6, 85.0)",53,"(48.4, 57.4)",6,"( 5.1,  7.0)",14.3,"(11.9, 16.8)",53.9,"(50.6, 57.3)",24.2,"(21.0, 27.4)",13.7,"(11.9, 15.6)",27.7,"(24.1, 31.7)",36,"(32.3, 39.4)",29,"(24.7, 33.6)",68.1,"(61.5, 74.4)",16.8,"(14.7, 18.9)",36.6,"(31.6, 41.6)",16.6,"(14.6, 18.8)",33.2,"(29.3, 37.3)",3.6,"( 3.2,  4.0)",10.7,"( 8.8, 13.0)",7.7,"( 6.7,  8.7)",8.4,"( 7.2,  9.6)",16.8,"(14.5, 19.4)",16.1,"(13.8, 18.5)",5.4,"( 4.6,  6.2)",9.8,"( 8.4, 11.3)",34.7,"(30.6, 39.2)",35.4,"(31.2, 39.8)",20.4,"(16.3, 24.5)",26,"(21.3, 30.8)",20.9,"(17.2, 24.6)",13.3,"(11.0, 15.5)",12.7,"(10.6, 14.9)",26,"(22.2, 29.9)",POINT (-106.6331046 34.9935454)
NM,New Mexico,Bernalillo,35001,35001004300,4924,"3,768",25,"(19.9, 30.5)",27.2,"(24.5, 30.2)",11.7,"( 9.6, 13.9)",39.2,"(35.7, 42.8)",72.3,"(69.0, 75.3)",5.9,"( 5.3,  6.5)",9.7,"( 8.6, 11.1)",8.8,"( 7.8,  9.9)",66.8,"(62.7, 70.4)",80.7,"(77.9, 83.2)",50.3,"(45.8, 54.9)",7.7,"( 6.6,  9.1)",16.7,"(14.0, 19.8)",51.1,"(47.8, 54.5)",24.5,"(21.4, 28.0)",17.9,"(15.7, 20.2)",34.9,"(30.6, 39.7)",38.1,"(34.7, 41.7)",36.2,"(31.1, 41.7)",64.8,"(57.6, 71.7)",17.7,"(15.5, 20.1)",40.6,"(35.6, 46.0)",19.6,"(17.2, 22.3)",33.4,"(29.5, 37.7)",4.7,"( 4.2,  5.3)",19.1,"(15.8, 22.8)",9.7,"( 8.5, 11.0)",12.1,"(10.6, 13.9)",19.2,"(16.4, 22.3)",21.2,"(18.5, 24.4)",7.6,"( 6.6,  8.8)",12.5,"(10.8, 14.6)",41,"(36.3, 46.1)",35.3,"(31.2, 39.7)",31.8,"(26.8, 37.3)",35.4,"(30.2, 41.2)",26,"(22.2, 30.3)",18.3,"(15.7, 21.0)",16.9,"(14.5, 19.8)",26,"(22.4, 30.0)",POINT (-106.6697108 35.0583611)
NM,New Mexico,Bernalillo,35001,35001004401,2928,"2,249",29.8,"(23.9, 35.9)",25,"(22.2, 27.7)",12.3,"(10.1, 14.5)",36.5,"(33.1, 39.9)",70.6,"(67.2, 73.8)",5.2,"( 4.7,  5.8)",9.5,"( 8.2, 10.8)",8,"( 7.0,  9.1)",64.7,"(60.5, 68.5)",80.4,"(77.5, 83.2)",52.9,"(48.3, 57.5)",6.5,"( 5.5,  7.7)",15.5,"(12.8, 18.4)",51,"(47.5, 54.5)",23.1,"(19.9, 26.4)",16.9,"(14.7, 19.2)",35.1,"(30.5, 40.1)",37.9,"(34.2, 41.4)",36.2,"(31.2, 41.6)",64.3,"(57.2, 71.0)",17.2,"(15.1, 19.4)",38.5,"(33.4, 43.6)",19.4,"(16.9, 22.1)",33.6,"(29.7, 37.8)",4.3,"( 3.8,  4.8)",19,"(15.8, 22.6)",9,"( 7.9, 10.3)",11.5,"( 9.9, 13.2)",19.5,"(16.6, 22.6)",20.4,"(17.5, 23.5)",7.1,"( 6.0,  8.1)",11.7,"(10.0, 13.6)",40.8,"(35.9, 45.8)",37.7,"(33.4, 42.1)",27.2,"(22.5, 31.9)",34.9,"(29.4, 40.4)",26.5,"(22.7, 30.5)",16,"(13.8, 18.4)",16.1,"(13.7, 18.6)",29.1,"(25.2, 33.2)",POINT (-106.6972171 35.0594568)
NM,New Mexico,Bernalillo,35001,35001004402,3950,"3,060",22.5,"(17.8, 27.2)",25.7,"(23.0, 28.6)",12.3,"(10.1, 14.5)",36.8,"(33.4, 40.3)",72.5,"(68.8, 75.6)",6.1,"( 5.4,  6.8)",9.2,"( 8.1, 10.5)",7.7,"( 6.8,  8.6)",67.2,"(63.2, 70.8)",83.6,"(81.1, 85.8)",56.6,"(52.4, 60.7)",5.9,"( 5.1,  6.8)",13.4,"(11.3, 15.7)",57.2,"(53.8, 60.6)",22.7,"(19.7, 25.8)",15.7,"(13.7, 17.8)",29.6,"(26.0, 33.6)",37.9,"(34.3, 41.4)",31.8,"(27.6, 36.8)",69.7,"(63.2, 75.8)",16,"(14.1, 18.2)",37.1,"(32.1, 42.3)",17.4,"(15.4, 19.7)",32.5,"(28.7, 36.7)",4,"( 3.6,  4.4)",13.3,"(10.8, 16.0)",8.7,"( 7.7,  9.8)",9.2,"( 8.1, 10.5)",16.6,"(14.3, 19.1)",18,"(15.7, 20.6)",5.7,"( 5.0,  6.5)",9.9,"( 8.6, 11.3)",36.9,"(32.8, 41.4)",35.6,"(31.3, 39.6)",20.3,"(16.7, 24.2)",27.1,"(22.8, 31.6)",21.6,"(18.4, 24.8)",13.2,"(11.3, 15.1)",12.8,"(10.9, 14.8)",26.8,"(23.0, 30.5)",POINT (-106.7008413 35.0385048)
NM,New Mexico,Bernalillo,35001,35001004501,3199,"2,423",32.9,"(26.9, 39.0)",26.8,"(24.0, 29.5)",11.3,"( 9.2, 13.5)",39.8,"(36.4, 43.2)",70.9,"(67.6, 73.9)",5,"( 4.5,  5.6)",10.1,"( 8.8, 11.4)",9.6,"( 8.5, 10.7)",64.5,"(60.3, 68.5)",76.8,"(73.6, 79.9)",44.7,"(40.4, 49.3)",8.8,"( 7.6, 10.1)",20,"(17.2, 23.3)",43.3,"(39.9, 46.8)",25.2,"(21.9, 28.6)",19.7,"(17.4, 22.1)",42.1,"(37.8, 46.9)",38.2,"(34.7, 41.6)",42.8,"(38.0, 48.2)",66.9,"(59.9, 73.4)",19.7,"(17.4, 22.0)",43,"(37.8, 48.2)",22.4,"(19.9, 25.2)",36,"(31.9, 40.5)",5.3,"( 4.7,  5.9)",27.8,"(23.5, 32.3)",10.5,"( 9.3, 11.7)",15.7,"(13.9, 17.8)",23.3,"(20.4, 26.7)",24.7,"(21.7, 27.7)",9.6,"( 8.4, 11.0)",15.5,"(13.6, 17.8)",46.6,"(42.1, 51.5)",38.2,"(33.6, 42.9)",42.4,"(36.4, 48.3)",46.2,"(40.0, 52.4)",33.2,"(28.6, 37.9)",23.1,"(19.9, 26.3)",21.9,"(18.8, 25.5)",29.2,"(25.1, 33.5)",POINT (-106.6727718 35.0442118)
NM,New Mexico,Bernalillo,35001,35001004502,3290,"2,570",24.3,"(19.2, 30.0)",23.9,"(21.4, 26.5)",12.9,"(10.7, 15.2)",34.3,"(31.0, 37.6)",70.7,"(67.4, 73.9)",5.6,"( 5.0,  6.2)",9.3,"( 8.2, 10.6)",7.1,"( 6.3,  8.1)",65.5,"(61.6, 69.2)",82.2,"(79.3, 84.9)",53.8,"(49.5, 58.2)",5.5,"( 4.7,  6.5)",12.9,"(10.8, 15.4)",58,"(54.7, 61.3)",22.7,"(19.7, 26.0)",14.5,"(12.7, 16.6)",29.3,"(25.4, 33.8)",36.7,"(33.2, 40.3)",31.1,"(26.5, 36.0)",73,"(66.8, 78.6)",16.3,"(14.2, 18.4)",35.7,"(30.8, 40.6)",17,"(15.0, 19.4)",32,"(28.1, 36.0)",3.7,"( 3.3,  4.2)",18.8,"(15.6, 22.4)",8.2,"( 7.2,  9.3)",9,"( 7.8, 10.3)",17.1,"(14.5, 20.0)",17.1,"(14.7, 19.9)",5.5,"( 4.7,  6.4)",9.8,"( 8.4, 11.4)",36.4,"(32.1, 41.4)",37,"(32.8, 41.6)",19.5,"(15.7, 23.3)",27.4,"(22.5, 32.4)",21.8,"(18.2, 25.5)",12.6,"(10.6, 14.7)",13,"(10.9, 15.2)",27.8,"(24.0, 32.0)",POINT (-106.6820138 35.0389372)
NM,New Mexico,Bernalillo,35001,35001004602,4151,"3,338",19,"(15.2, 23.5)",26.4,"(23.6, 29.2)",12.6,"(10.5, 14.9)",36.2,"(32.7, 39.6)",73.4,"(70.0, 76.5)",7,"( 6.3,  7.7)",9.2,"( 8.1, 10.4)",7.4,"( 6.5,  8.3)",68.3,"(64.6, 71.8)",85.1,"(82.9, 87.3)",61.7,"(57.4, 65.9)",5.8,"( 4.9,  6.8)",12,"( 9.8, 14.2)",65.6,"(62.5, 68.7)",22.7,"(19.6, 25.9)",14.4,"(12.5, 16.4)",26,"(22.1, 29.6)",38.3,"(34.6, 41.9)",27.9,"(23.3, 32.4)",73.4,"(67.3, 79.1)",15.1,"(13.1, 17.2)",35,"(30.0, 40.0)",16.1,"(13.9, 18.2)",29.4,"(25.7, 33.3)",3.8,"( 3.4,  4.2)",10.5,"( 8.6, 12.7)",8.3,"( 7.2,  9.3)",7.7,"( 6.6,  8.7)",14.9,"(12.5, 17.2)",16.3,"(13.8, 18.8)",4.9,"( 4.2,  5.6)",8.8,"( 7.4, 10.1)",34.1,"(29.5, 38.3)",34.4,"(30.2, 38.8)",15.6,"(12.5, 18.9)",21.7,"(18.1, 25.9)",17.7,"(15.0, 20.8)",10.6,"( 9.0, 12.4)",10.6,"( 9.0, 12.4)",25.1,"(21.7, 29.0)",POINT (-106.6989346 34.9664882)
NM,New Mexico,Bernalillo,35001,35001004603,3455,"2,678",18.6,"(14.7, 22.8)",25.1,"(22.4, 27.7)",12.6,"(10.4, 15.0)",35,"(31.7, 38.2)",73.6,"(70.2, 76.8)",6.9,"( 6.2,  7.6)",8.7,"( 7.6,  9.9)",6.9,"( 6.1,  7.8)",68.5,"(64.6, 72.2)",85.9,"(83.6, 88.0)",56.8,"(52.4, 61.2)",4.9,"( 4.2,  5.6)",10.3,"( 8.5, 12.2)",63.7,"(60.5, 66.9)",21.1,"(18.3, 24.1)",13.5,"(11.8, 15.4)",24,"(20.7, 27.4)",37.5,"(33.9, 41.0)",27,"(23.0, 31.4)",71.7,"(65.4, 77.4)",14.1,"(12.3, 16.0)",33.2,"(28.4, 37.9)",14.9,"(13.1, 16.8)",30,"(26.3, 34.0)",3.6,"( 3.2,  4.0)",13.9,"(11.4, 16.7)",8.1,"( 7.2,  9.1)",7.1,"( 6.1,  8.0)",13.7,"(11.7, 15.9)",15.2,"(13.1, 17.5)",4.3,"( 3.7,  4.9)",7.9,"( 6.8,  9.1)",32.5,"(28.6, 36.5)",34.4,"(30.3, 38.5)",13,"(10.3, 15.7)",19.4,"(15.9, 23.0)",16.2,"(13.5, 19.0)",9.3,"( 7.8, 10.8)",9.4,"( 7.9, 10.9)",25.1,"(21.6, 28.7)",POINT (-106.6975789 35.0202564)
NM,New Mexico,Bernalillo,35001,35001004604,5202,"3,961",19.5,"(16.1, 23.1)",23.1,"(20.7, 25.7)",13.5,"(11.2, 15.9)",32.4,"(29.2, 35.5)",71,"(67.6, 74.3)",6.2,"( 5.6,  6.8)",8.9,"( 7.9, 10.1)",6.1,"( 5.5,  6.7)",66.7,"(62.8, 70.6)",84.9,"(82.7, 87.1)",56.4,"(52.0, 60.7)",4.6,"( 4.0,  5.3)",10.6,"( 9.0, 12.4)",60.5,"(57.2, 63.7)",21.9,"(19.1, 25.1)",12.4,"(10.8, 14.1)",23.5,"(20.7, 26.6)",36.1,"(32.7, 39.6)",26.1,"(22.6, 30.0)",71.3,"(65.0, 77.2)",14.8,"(13.1, 16.7)",33.2,"(28.6, 38.0)",14.6,"(12.9, 16.5)",31.4,"(27.6, 35.5)",3.2,"( 2.9,  3.5)",16.8,"(13.9, 20.1)",7.1,"( 6.3,  8.0)",6.6,"( 5.9,  7.4)",14.3,"(12.5, 16.3)",13.9,"(12.1, 15.8)",4.1,"( 3.6,  4.6)",7.7,"( 6.8,  8.7)",31.4,"(27.9, 35.2)",35.4,"(31.3, 39.5)",12.9,"(10.6, 15.5)",20,"(16.9, 23.4)",17.2,"(14.7, 19.9)",9.5,"( 8.1, 11.0)",9.7,"( 8.3, 11.2)",25.9,"(22.5, 29.6)",POINT (-106.6989635 35.0003401)
NM,New Mexico,Bernalillo,35001,35001004712,6754,"4,809",23.7,"(19.2, 28.4)",19.5,"(17.2, 21.7)",14.4,"(12.0, 17.0)",29.4,"(26.3, 32.5)",63.8,"(60.2, 67.4)",4,"( 3.6,  4.4)",9.8,"( 8.5, 11.0)",5,"( 4.4,  5.6)",62.2,"(58.0, 66.4)",79.2,"(76.3, 82.3)",48.1,"(43.8, 52.4)",4.7,"( 4.0,  5.4)",14.2,"(11.6, 16.6)",52.2,"(48.8, 55.6)",24.8,"(21.4, 28.1)",11.9,"(10.3, 13.5)",27.6,"(23.5, 31.5)",31.9,"(28.5, 35.2)",29.5,"(24.8, 34.2)",69.5,"(62.9, 75.8)",18.3,"(15.9, 20.7)",37.2,"(32.1, 42.2)",15.9,"(13.8, 18.0)",34.4,"(30.5, 38.8)",2.9,"( 2.6,  3.2)",13.7,"(11.3, 16.5)",5.9,"( 5.2,  6.7)",8.2,"( 7.0,  9.4)",18.3,"(15.4, 21.1)",13.8,"(11.7, 15.9)",4.9,"( 4.2,  5.6)",9.7,"( 8.2, 11.2)",33.8,"(29.2, 38.3)",38.2,"(33.8, 42.4)",22.7,"(18.2, 26.9)",30,"(24.9, 35.0)",25,"(21.3, 28.7)",15.1,"(13.0, 17.3)",14.6,"(12.4, 16.9)",28.3,"(24.5, 32.1)",POINT (-106.7571916 35.0687417)
NM,New Mexico,Bernalillo,35001,35001004713,6907,"4,889",24.1,"(19.2, 29.1)",20.5,"(18.2, 22.8)",14.1,"(11.7, 16.7)",30.6,"(27.5, 33.7)",66.3,"(62.8, 69.6)",4.4,"( 4.0,  5.0)",9.5,"( 8.3, 10.7)",5.5,"( 4.9,  6.2)",63,"(59.0, 67.0)",80,"(77.0, 82.8)",55,"(50.6, 59.3)",4.7,"( 4.1,  5.4)",13.4,"(11.2, 15.8)",57.2,"(53.8, 60.6)",23.9,"(20.8, 27.2)",12.5,"(10.8, 14.2)",27.5,"(23.7, 31.4)",33.1,"(29.7, 36.5)",30,"(25.5, 34.7)",71.7,"(65.3, 77.7)",17.6,"(15.5, 19.9)",36.5,"(31.5, 41.5)",15.9,"(13.9, 18.0)",33.4,"(29.4, 37.7)",3.1,"( 2.8,  3.4)",14.8,"(12.3, 17.8)",6.6,"( 5.8,  7.4)",8.2,"( 7.1,  9.3)",17.7,"(15.2, 20.3)",14.5,"(12.5, 16.5)",4.8,"( 4.2,  5.5)",9.5,"( 8.2, 10.9)",34.3,"(30.1, 38.8)",38,"(33.8, 42.4)",20.9,"(17.3, 25.1)",28.7,"(24.0, 33.6)",23.7,"(20.2, 27.2)",14,"(12.0, 16.1)",13.7,"(11.7, 16.0)",28.3,"(24.6, 32.4)",POINT (-106.7488572 35.0486381)
NM,New Mexico,Bernalillo,35001,35001004715,4526,"3,302",29.4,"(23.8, 35.2)",23.2,"(20.7, 25.8)",13,"(10.8, 15.5)",34.1,"(30.9, 37.4)",68.1,"(64.6, 71.4)",4.9,"( 4.3,  5.4)",9.8,"( 8.6, 11.1)",7.2,"( 6.3,  8.0)",62.9,"(58.8, 66.9)",78.4,"(75.3, 81.3)",49.3,"(44.9, 53.7)",6.5,"( 5.6,  7.5)",16.2,"(13.6, 19.0)",48.1,"(44.8, 51.6)",24.4,"(21.2, 27.8)",15.1,"(13.2, 17.2)",34,"(29.5, 38.4)",36,"(32.6, 39.6)",34.8,"(30.1, 39.7)",64.2,"(56.5, 71.3)",18.4,"(16.3, 20.7)",38.2,"(33.2, 43.3)",18.9,"(16.5, 21.4)",34.3,"(30.2, 38.5)",3.9,"( 3.5,  4.3)",19.6,"(16.4, 23.1)",8.1,"( 7.1,  9.2)",10.7,"( 9.3, 12.2)",20.4,"(17.6, 23.2)",18.6,"(15.9, 21.3)",6.6,"( 5.7,  7.5)",11.7,"(10.1, 13.4)",39.8,"(35.2, 44.5)",38.9,"(34.4, 43.2)",27.6,"(22.6, 32.5)",35.4,"(30.0, 40.6)",27.2,"(23.1, 31.1)",16.4,"(14.0, 18.7)",16.6,"(14.1, 19.2)",29.7,"(25.7, 33.7)",POINT (-106.7562106 34.9842508)
NM,New Mexico,Bernalillo,35001,35001004716,2298,"2,024",9.8,"( 8.1, 11.9)",22.6,"(20.1, 25.0)",15.3,"(12.8, 18.0)",29.4,"(26.3, 32.4)",70,"(66.9, 72.8)",7.3,"( 6.5,  8.0)",9.8,"( 8.5, 11.0)",5.2,"( 4.6,  5.8)",67,"(63.3, 70.7)",84.2,"(81.9, 86.3)",65.8,"(61.8, 69.8)",4.4,"( 3.8,  5.1)",9.2,"( 7.6, 10.8)",68.2,"(65.3, 71.1)",25.5,"(22.2, 28.9)",8.9,"( 7.6, 10.2)",16.3,"(14.1, 18.7)",32.9,"(29.6, 36.1)",17.9,"(15.0, 21.1)",73,"(66.8, 78.6)",15.6,"(13.6, 17.7)",29.3,"(24.8, 33.9)",11.7,"(10.2, 13.3)",28.5,"(25.0, 32.3)",2.7,"( 2.4,  3.0)",8.7,"( 7.1, 10.6)",6.1,"( 5.3,  6.9)",4.4,"( 3.9,  4.9)",12.6,"(10.8, 14.4)",10.3,"( 8.8, 11.8)",2.9,"( 2.6,  3.2)",6.8,"( 5.9,  7.7)",26.5,"(23.1, 30.0)",34.3,"(30.5, 38.2)",9,"( 7.3, 10.8)",12.5,"(10.4, 14.8)",11.2,"( 9.4, 13.2)",7.3,"( 6.2,  8.4)",7.6,"( 6.5,  8.7)",21.9,"(19.0, 24.9)",POINT (-106.6521468 35.2004468)
NM,New Mexico,Bernalillo,35001,35001004720,3823,"3,012",10.9,"( 9.0, 12.7)",28.5,"(25.6, 31.3)",12.8,"(10.7, 15.1)",36.1,"(32.8, 39.4)",74.8,"(71.6, 77.7)",9.3,"( 8.4, 10.2)",9.9,"( 8.7, 11.1)",7.4,"( 6.6,  8.2)",70.8,"(67.2, 74.1)",87,"(85.3, 88.7)",63.7,"(59.5, 67.6)",6.1,"( 5.2,  6.9)",10.8,"( 9.2, 12.6)",67.8,"(64.9, 70.7)",24.6,"(21.4, 27.8)",11.6,"(10.1, 13.3)",20.1,"(17.7, 22.6)",37.5,"(34.0, 41.1)",21.7,"(18.5, 25.0)",73.8,"(67.7, 79.4)",14.8,"(13.1, 16.6)",31.4,"(26.9, 35.9)",14.1,"(12.5, 15.8)",28.6,"(25.1, 32.4)",3.8,"( 3.4,  4.1)",11.6,"( 9.5, 13.9)",8.5,"( 7.6,  9.5)",5.6,"( 5.1,  6.2)",12.9,"(11.3, 14.6)",14.2,"(12.4, 16.1)",3.9,"( 3.5,  4.4)",8.1,"( 7.1,  9.1)",30.9,"(27.3, 34.4)",32.5,"(28.8, 36.4)",11,"( 9.2, 12.9)",14.2,"(12.2, 16.4)",12,"(10.4, 13.8)",8.1,"( 7.0,  9.3)",8,"( 7.0,  9.0)",21.6,"(18.7, 24.6)",POINT (-106.6886557 35.1999184)
NM,New Mexico,Bernalillo,35001,35001004722,4896,"4,152",9.6,"( 7.5, 11.9)",20.2,"(17.9, 22.5)",16,"(13.4, 18.7)",27.1,"(24.1, 29.9)",67.6,"(64.3, 70.7)",6.4,"( 5.7,  7.0)",9.7,"( 8.6, 11.0)",4.4,"( 3.8,  4.9)",66.3,"(62.4, 70.1)",84.8,"(82.6, 86.8)",64.7,"(60.7, 68.6)",3.6,"( 3.0,  4.3)",8.7,"( 7.0, 10.4)",70.5,"(67.7, 73.2)",24.7,"(21.4, 27.9)",8.1,"( 7.0,  9.3)",15.2,"(12.9, 17.6)",31.7,"(28.5, 34.8)",16.6,"(13.7, 19.7)",76.8,"(71.2, 81.9)",15.3,"(13.4, 17.4)",28.9,"(24.5, 33.3)",11.1,"( 9.6, 12.6)",28.7,"(25.2, 32.5)",2.3,"( 2.0,  2.5)",6.6,"( 5.3,  8.1)",5.3,"( 4.6,  6.0)",4,"( 3.4,  4.5)",12.1,"(10.3, 14.0)",8.8,"( 7.4, 10.3)",2.5,"( 2.2,  2.9)",6.1,"( 5.2,  7.0)",24.4,"(21.0, 27.9)",34.4,"(30.4, 38.7)",7.7,"( 6.1,  9.6)",12,"( 9.7, 14.5)",11.3,"( 9.3, 13.4)",6.9,"( 5.9,  8.2)",7.4,"( 6.3,  8.6)",22.6,"(19.4, 26.1)",POINT (-106.6717549 35.1678662)
NM,New Mexico,Bernalillo,35001,35001004723,6756,"5,362",10.8,"( 8.7, 13.2)",24.1,"(21.4, 26.8)",14.4,"(12.0, 16.9)",31.6,"(28.4, 34.9)",71.3,"(67.6, 74.6)",7.5,"( 6.7,  8.3)",9.4,"( 8.3, 10.7)",5.5,"( 4.9,  6.2)",68.6,"(64.7, 72.2)",87.3,"(85.4, 89.0)",66.7,"(62.7, 70.7)",4.6,"( 3.9,  5.3)",9.8,"( 8.2, 11.6)",71.1,"(68.3, 73.8)",23.8,"(20.7, 27.1)",10.2,"( 8.8, 11.7)",17.7,"(15.2, 20.1)",36,"(32.5, 39.5)",19,"(15.9, 22.2)",76,"(70.3, 81.3)",14.2,"(12.4, 16.1)",30.5,"(26.1, 35.2)",12.7,"(11.0, 14.3)",28.3,"(24.8, 32.1)",2.8,"( 2.6,  3.1)",7.5,"( 6.1,  9.1)",6.2,"( 5.5,  7.1)",4.6,"( 4.0,  5.1)",11.9,"(10.2, 13.6)",11.1,"( 9.5, 12.8)",3.2,"( 2.8,  3.6)",6.5,"( 5.6,  7.4)",26.1,"(22.7, 29.6)",32.6,"(28.7, 36.7)",8.6,"( 6.9, 10.6)",12.7,"(10.4, 15.1)",11.6,"( 9.6, 13.6)",7.1,"( 6.0,  8.3)",7,"( 6.0,  8.1)",22.3,"(19.2, 25.6)",POINT (-106.6838892 35.1722852)
NM,New Mexico,Bernalillo,35001,35001004724,2969,"2,418",10.7,"( 8.3, 13.2)",26.2,"(23.3, 29.1)",13.5,"(11.2, 16.0)",34.1,"(30.7, 37.5)",73.3,"(69.6, 76.5)",8.1,"( 7.2,  9.0)",9.4,"( 8.2, 10.6)",6.2,"( 5.4,  7.0)",70.1,"(66.3, 73.5)",87.9,"(86.1, 89.6)",67.1,"(63.1, 71.0)",5,"( 4.1,  6.0)",9.9,"( 7.9, 12.1)",69.7,"(66.9, 72.5)",23.5,"(20.3, 26.7)",11.4,"( 9.8, 13.1)",18.7,"(16.0, 21.5)",37.6,"(34.0, 41.2)",20.1,"(16.7, 23.6)",76.3,"(70.7, 81.5)",13.9,"(12.0, 15.7)",31.8,"(27.1, 36.5)",13.3,"(11.5, 15.1)",28.5,"(24.9, 32.3)",3.1,"( 2.8,  3.5)",8.4,"( 6.8, 10.1)",6.9,"( 6.0,  7.8)",5,"( 4.4,  5.8)",11.7,"( 9.9, 13.4)",12.3,"(10.4, 14.3)",3.5,"( 3.0,  4.1)",6.7,"( 5.8,  7.8)",27.4,"(23.7, 31.1)",31.4,"(27.5, 35.4)",9.5,"( 7.2, 11.9)",13.2,"(10.4, 16.1)",11.7,"( 9.5, 14.1)",7.5,"( 6.2,  9.0)",7.3,"( 6.0,  8.6)",21.3,"(18.2, 24.6)",POINT (-106.704694 35.1647693)
NM,New Mexico,Bernalillo,35001,35001004725,3458,"2,772",14,"(10.7, 17.9)",25.2,"(22.4, 28.0)",13.6,"(11.2, 16.0)",33.2,"(29.8, 36.6)",71.7,"(68.1, 75.0)",7.2,"( 6.5,  7.9)",9.8,"( 8.6, 11.1)",6.2,"( 5.4,  7.0)",68.3,"(64.5, 71.9)",86,"(83.7, 88.1)",60.8,"(56.6, 64.9)",5.4,"( 4.4,  6.5)",11.4,"( 9.1, 13.9)",67,"(64.1, 69.9)",24.3,"(21.1, 27.6)",11.7,"(10.1, 13.6)",21.7,"(18.4, 25.4)",36.6,"(32.9, 40.1)",22.7,"(18.9, 27.0)",73.5,"(67.5, 79.0)",15.1,"(13.1, 17.3)",32.6,"(27.9, 37.6)",14.4,"(12.4, 16.6)",29.3,"(25.7, 33.1)",3.3,"( 2.9,  3.7)",11.4,"( 9.4, 13.7)",6.9,"( 6.0,  7.9)",6,"( 5.1,  7.1)",13.7,"(11.5, 16.1)",13.6,"(11.3, 16.2)",4.1,"( 3.5,  4.9)",7.9,"( 6.7,  9.3)",30,"(25.8, 34.2)",33.7,"(29.7, 37.8)",12.5,"( 9.5, 15.9)",17.2,"(13.5, 21.1)",14.6,"(11.8, 17.7)",9.1,"( 7.5, 10.7)",9,"( 7.4, 10.7)",23.4,"(20.0, 27.0)",POINT (-106.7041864 35.1565602)
NM,New Mexico,Bernalillo,35001,35001004726,2297,"1,853",11.5,"( 9.0, 14.2)",23.6,"(21.0, 26.2)",14.5,"(12.1, 17.1)",31.1,"(27.9, 34.2)",70.7,"(67.1, 74.1)",7.1,"( 6.3,  7.8)",9.5,"( 8.4, 10.8)",5.3,"( 4.7,  5.9)",68.3,"(64.3, 72.0)",87.1,"(85.0, 89.0)",67.5,"(63.4, 71.3)",4.3,"( 3.6,  5.1)",9.5,"( 7.8, 11.5)",71.7,"(68.9, 74.3)",24.1,"(21.0, 27.4)",10.4,"( 9.0, 11.9)",17.8,"(15.3, 20.7)",35.4,"(31.8, 38.9)",19.4,"(16.4, 22.9)",73.8,"(67.7, 79.4)",14.6,"(12.9, 16.6)",31.7,"(27.2, 36.5)",12.7,"(11.1, 14.4)",28.7,"(25.1, 32.5)",2.8,"( 2.5,  3.1)",4.1,"( 3.3,  5.0)",6,"( 5.3,  6.8)",4.7,"( 4.1,  5.4)",12.1,"(10.4, 14.0)",11,"( 9.4, 12.9)",3.2,"( 2.8,  3.7)",6.5,"( 5.6,  7.5)",26.3,"(22.9, 29.9)",32.8,"(28.8, 36.6)",8.9,"( 7.0, 11.1)",13.3,"(10.8, 16.0)",12.6,"(10.4, 14.9)",7.7,"( 6.5,  9.0)",7.4,"( 6.3,  8.6)",22.2,"(19.2, 25.3)",POINT (-106.7184235 35.1466881)
NM,New Mexico,Bernalillo,35001,35001004727,2024,"1,625",12.9,"(10.3, 15.6)",27.2,"(24.4, 30.1)",13.3,"(11.0, 15.7)",35.5,"(32.1, 38.9)",73.5,"(70.0, 76.5)",8,"( 7.2,  8.9)",9.7,"( 8.5, 11.0)",6.8,"( 6.0,  7.6)",69.6,"(65.7, 73.0)",86.8,"(84.8, 88.6)",61.3,"(57.1, 65.5)",5.8,"( 4.9,  6.7)",11.6,"( 9.5, 13.9)",64.6,"(61.5, 67.8)",24.3,"(21.1, 27.7)",12.3,"(10.6, 14.1)",21.1,"(18.3, 24.1)",37.6,"(34.0, 41.1)",22.8,"(19.2, 26.7)",72,"(65.6, 77.7)",15.1,"(13.1, 17.1)",33.5,"(28.7, 38.5)",14.4,"(12.6, 16.4)",31,"(27.2, 35.0)",3.5,"( 3.1,  3.9)",10.2,"( 8.2, 12.4)",7.5,"( 6.6,  8.4)",5.7,"( 5.1,  6.5)",13.2,"(11.3, 15.1)",13.7,"(11.7, 15.8)",4,"( 3.5,  4.5)",7.7,"( 6.7,  8.8)",30.1,"(26.4, 34.1)",32.7,"(28.9, 36.6)",12,"( 9.6, 14.3)",16,"(13.2, 18.7)",13.8,"(11.6, 15.9)",8.9,"( 7.5, 10.2)",8.5,"( 7.2,  9.7)",22.6,"(19.5, 25.8)",POINT (-106.7087511 35.1496294)
NM,New Mexico,Bernalillo,35001,35001004728,5010,"3,942",12.2,"( 9.8, 15.1)",25.4,"(22.8, 28.1)",13.5,"(11.2, 16.0)",33.9,"(30.6, 37.2)",72.3,"(69.1, 75.4)",7.5,"( 6.7,  8.3)",9.6,"( 8.4, 10.8)",6.3,"( 5.5,  7.1)",69.2,"(65.5, 72.7)",86.5,"(84.5, 88.4)",61.4,"(57.1, 65.4)",5.1,"( 4.3,  6.0)",10.5,"( 8.7, 12.6)",67.5,"(64.6, 70.5)",24,"(21.0, 27.2)",11.8,"(10.2, 13.5)",20.1,"(17.5, 22.9)",36.3,"(32.8, 39.8)",21.7,"(18.3, 25.4)",73.6,"(67.5, 79.1)",14.8,"(13.0, 16.8)",33,"(28.4, 37.8)",13.7,"(12.0, 15.5)",29.9,"(26.2, 33.8)",3.3,"( 2.9,  3.6)",9.3,"( 7.6, 11.3)",7.1,"( 6.2,  7.9)",5.6,"( 4.9,  6.3)",12.7,"(11.1, 14.6)",12.9,"(11.0, 14.8)",3.8,"( 3.4,  4.3)",7.4,"( 6.4,  8.4)",28.9,"(25.3, 32.6)",32.5,"(28.6, 36.6)",11.7,"( 9.4, 14.5)",15.6,"(12.7, 18.9)",13.8,"(11.5, 16.2)",9.1,"( 7.7, 10.6)",8.5,"( 7.2, 10.0)",22.1,"(19.0, 25.5)",POINT (-106.7010254 35.1424169)
NM,New Mexico,Bernalillo,35001,35001004729,4562,"3,790",12.4,"( 9.5, 15.9)",26.4,"(23.7, 29.3)",13,"(10.8, 15.3)",34.5,"(31.3, 37.8)",74.3,"(71.0, 77.2)",8.5,"( 7.7,  9.4)",9.3,"( 8.2, 10.5)",6.7,"( 5.9,  7.5)",70.2,"(66.4, 73.6)",87.2,"(85.2, 89.1)",65.7,"(61.8, 69.5)",5.2,"( 4.3,  6.2)",9.7,"( 7.9, 11.7)",67.8,"(64.8, 70.8)",22.9,"(20.0, 26.2)",11.5,"( 9.9, 13.3)",19.6,"(16.7, 22.4)",37.4,"(33.8, 40.9)",21.4,"(17.9, 25.0)",75.8,"(69.8, 81.1)",13.9,"(12.1, 15.7)",30.9,"(26.6, 35.5)",13.4,"(11.6, 15.2)",28.6,"(25.1, 32.4)",3.4,"( 3.0,  3.8)",10.6,"( 8.7, 12.8)",7.7,"( 6.7,  8.6)",5.4,"( 4.7,  6.2)",12.2,"(10.4, 14.0)",13.1,"(11.1, 15.2)",3.6,"( 3.1,  4.1)",7.2,"( 6.1,  8.3)",29.1,"(25.4, 32.8)",32.4,"(28.5, 36.4)",10.1,"( 8.0, 12.6)",14.2,"(11.5, 17.2)",12.2,"(10.1, 14.5)",7.6,"( 6.4,  9.0)",7.7,"( 6.5,  9.0)",22,"(18.8, 25.3)",POINT (-106.6940958 35.1295408)
NM,New Mexico,Bernalillo,35001,35001004733,6717,"4,782",26.8,"(21.6, 32.5)",20.7,"(18.3, 23.1)",13.7,"(11.3, 16.2)",31.4,"(28.1, 34.7)",65.3,"(61.5, 68.8)",4,"( 3.6,  4.4)",9.7,"( 8.5, 11.0)",5.7,"( 5.1,  6.4)",62.4,"(58.0, 66.4)",78.6,"(75.3, 81.7)",49.3,"(44.7, 53.7)",5.2,"( 4.4,  6.1)",15.2,"(12.7, 17.9)",51.4,"(48.1, 54.8)",24.6,"(21.3, 28.0)",13.6,"(11.8, 15.4)",31,"(27.0, 35.7)",33.3,"(29.9, 36.7)",32.8,"(28.1, 37.8)",67.8,"(61.0, 74.1)",18.6,"(16.4, 21.0)",38.7,"(33.6, 43.9)",17.3,"(15.2, 19.6)",34.6,"(30.6, 38.7)",3.2,"( 2.9,  3.6)",19.2,"(16.0, 23.0)",6.7,"( 5.9,  7.6)",9.6,"( 8.4, 11.2)",19.4,"(16.7, 22.4)",15.9,"(13.8, 18.4)",5.7,"( 4.9,  6.6)",10.7,"( 9.2, 12.6)",36.7,"(32.3, 41.4)",38.5,"(34.2, 43.1)",26.8,"(21.9, 31.8)",34.3,"(28.9, 39.8)",27.6,"(23.8, 31.7)",17,"(14.7, 19.4)",16.3,"(14.0, 18.9)",29,"(25.1, 33.1)",POINT (-106.7309168 35.049759)
NM,New Mexico,Bernalillo,35001,35001004734,7094,"4,926",27.2,"(21.4, 33.3)",18,"(15.9, 20.2)",14.6,"(12.2, 17.3)",27.9,"(24.9, 31.0)",61.8,"(57.9, 65.3)",3.4,"( 3.0,  3.8)",9.7,"( 8.5, 11.0)",4.6,"( 4.1,  5.3)",60.5,"(56.2, 64.6)",77.3,"(73.6, 80.6)",43.4,"(39.2, 47.8)",4.4,"( 3.7,  5.1)",14,"(11.6, 16.7)",57.2,"(53.8, 60.4)",24.7,"(21.5, 28.1)",11.7,"(10.1, 13.4)",29.2,"(25.0, 33.7)",31.1,"(27.9, 34.4)",30.9,"(26.5, 36.0)",70.7,"(64.2, 76.8)",18.7,"(16.5, 21.2)",37.1,"(32.2, 42.1)",16.2,"(14.1, 18.5)",33.2,"(29.2, 37.5)",2.7,"( 2.4,  3.0)",14.5,"(11.8, 17.5)",5.7,"( 5.0,  6.5)",8.8,"( 7.6, 10.2)",19.5,"(16.6, 22.7)",13.8,"(11.7, 16.2)",5.1,"( 4.3,  5.9)",10.1,"( 8.6, 11.8)",34.9,"(30.4, 39.9)",39.7,"(35.1, 44.1)",24.3,"(19.4, 28.9)",33.1,"(27.4, 38.6)",27.1,"(22.9, 31.2)",15.8,"(13.5, 18.2)",15.9,"(13.2, 18.4)",29.5,"(25.4, 33.7)",POINT (-106.7205001 35.0482633)
NM,New Mexico,Bernalillo,35001,35001004735,2226,"1,517",28,"(23.2, 33.0)",18.3,"(16.2, 20.5)",14.4,"(11.9, 17.0)",29.1,"(26.1, 32.2)",62.4,"(58.4, 66.0)",3.5,"( 3.1,  3.8)",9.4,"( 8.2, 10.6)",5,"( 4.4,  5.6)",60.8,"(56.3, 64.9)",77.7,"(74.4, 80.7)",43.3,"(39.1, 47.5)",4.5,"( 3.8,  5.1)",14.3,"(12.0, 16.8)",46.4,"(43.0, 49.9)",24.1,"(21.0, 27.4)",12.5,"(10.8, 14.1)",30.2,"(26.4, 34.2)",31.7,"(28.4, 35.0)",32,"(27.6, 36.8)",64.9,"(57.7, 71.6)",18.4,"(16.2, 20.7)",38.3,"(33.3, 43.3)",16.6,"(14.5, 18.7)",35.9,"(31.8, 40.3)",2.8,"( 2.5,  3.1)",20.5,"(17.0, 24.2)",6,"( 5.3,  6.8)",9.3,"( 8.2, 10.6)",19.4,"(16.7, 22.2)",14.4,"(12.4, 16.5)",5.4,"( 4.7,  6.1)",10.2,"( 8.8, 11.7)",35.4,"(31.1, 39.8)",38.7,"(34.5, 42.9)",25.7,"(21.7, 30.2)",34.1,"(29.3, 39.1)",27.9,"(24.2, 31.8)",16.8,"(14.6, 19.1)",16.2,"(14.0, 18.6)",29.1,"(25.4, 32.9)",POINT (-106.7121864 35.0488898)
NM,New Mexico,Bernalillo,35001,35001004736,1768,"1,083",32.3,"(25.7, 39.3)",18.4,"(16.3, 20.6)",14,"(11.6, 16.7)",29,"(26.0, 32.1)",59.1,"(54.9, 63.0)",3.1,"( 2.8,  3.5)",10.5,"( 9.1, 11.9)",5.1,"( 4.5,  5.8)",58.9,"(54.1, 63.5)",73.7,"(69.2, 77.8)",37.6,"(33.4, 41.8)",5.6,"( 4.8,  6.6)",18.5,"(15.3, 22.0)",39.3,"(35.9, 42.7)",26.7,"(23.3, 30.4)",12.5,"(10.9, 14.4)",35.2,"(30.0, 40.6)",30.6,"(27.3, 33.9)",35.6,"(30.2, 41.2)",61.9,"(54.3, 69.1)",21.1,"(18.4, 23.9)",40,"(34.9, 45.2)",18.6,"(16.1, 21.3)",37.8,"(33.5, 42.1)",3.1,"( 2.7,  3.5)",23.4,"(19.8, 27.3)",6.4,"( 5.6,  7.3)",11.4,"( 9.7, 13.2)",23.3,"(19.7, 27.1)",16.3,"(13.8, 19.0)",6.5,"( 5.6,  7.6)",13,"(10.9, 15.3)",39.8,"(34.6, 45.3)",41,"(36.2, 45.8)",35.6,"(29.0, 42.3)",42.7,"(35.6, 49.6)",33.6,"(28.4, 38.8)",21.4,"(18.2, 24.8)",20.9,"(17.4, 24.5)",30.8,"(26.4, 35.3)",POINT (-106.7783495 35.0512374)
NM,New Mexico,Bernalillo,35001,35001004737,8660,"5,794",18.5,"(14.8, 22.8)",16.4,"(14.4, 18.5)",16,"(13.2, 18.9)",25.2,"(22.4, 28.1)",59.5,"(55.6, 63.2)",3.7,"( 3.3,  4.1)",9.6,"( 8.3, 10.8)",3.7,"( 3.3,  4.2)",61.5,"(57.1, 65.7)",80.1,"(77.1, 83.1)",51.2,"(46.7, 55.6)",3.5,"( 3.0,  4.0)",11.8,"( 9.7, 13.9)",60.1,"(56.9, 63.4)",25.1,"(21.8, 28.6)",8.8,"( 7.6, 10.1)",21.3,"(18.1, 24.6)",28.4,"(25.3, 31.4)",23.5,"(19.4, 27.5)",69.8,"(63.2, 75.8)",17.8,"(15.5, 20.1)",34.7,"(29.8, 39.5)",12.9,"(11.2, 14.7)",33.8,"(29.8, 38.1)",2.2,"( 2.0,  2.4)",13,"(10.7, 15.8)",4.8,"( 4.2,  5.4)",5.9,"( 5.1,  6.8)",16,"(13.6, 18.6)",9.8,"( 8.4, 11.4)",3.5,"( 3.0,  3.9)",7.9,"( 6.7,  9.1)",28.4,"(24.4, 32.3)",37.3,"(33.0, 41.8)",17,"(13.5, 21.0)",23.2,"(18.9, 27.8)",21,"(17.5, 24.8)",12.9,"(10.8, 15.1)",12.1,"(10.1, 14.3)",26.5,"(22.8, 30.6)",POINT (-106.7464415 35.0339138)
NM,New Mexico,Bernalillo,35001,35001004738,6932,"4,715",24,"(19.9, 28.4)",18.6,"(16.6, 20.9)",14.5,"(12.0, 17.1)",28.9,"(26.0, 32.1)",61.7,"(58.0, 65.2)",3.6,"( 3.3,  4.0)",9.9,"( 8.7, 11.2)",4.8,"( 4.3,  5.4)",61.4,"(57.0, 65.4)",77.2,"(74.0, 80.1)",47.6,"(43.3, 52.0)",4.8,"( 4.2,  5.6)",15,"(12.7, 17.6)",50.1,"(46.7, 53.6)",25.7,"(22.4, 29.1)",11.5,"(10.1, 13.1)",28.3,"(24.8, 32.1)",30.5,"(27.4, 33.8)",30.1,"(25.7, 34.8)",67,"(60.3, 73.4)",19.3,"(17.0, 21.7)",38.1,"(33.1, 43.2)",15.9,"(14.0, 18.0)",35.6,"(31.5, 39.9)",2.8,"( 2.6,  3.1)",17.4,"(14.4, 20.7)",5.9,"( 5.2,  6.7)",8.7,"( 7.7,  9.8)",19.3,"(16.8, 21.9)",13.6,"(11.9, 15.7)",5.1,"( 4.5,  5.7)",10.5,"( 9.2, 12.0)",34.6,"(30.5, 39.0)",38.5,"(34.1, 42.8)",26.7,"(22.3, 30.9)",32.8,"(27.9, 37.4)",26.7,"(22.8, 30.4)",17.2,"(14.8, 19.6)",16.3,"(14.0, 18.6)",28,"(24.3, 31.9)",POINT (-106.7274096 35.0318747)
NM,New Mexico,Bernalillo,35001,35001004739,6554,"4,602",24.7,"(19.8, 30.4)",19,"(16.9, 21.3)",14.5,"(12.1, 17.1)",28.9,"(26.0, 32.1)",63.1,"(59.5, 66.7)",3.9,"( 3.5,  4.3)",9.7,"( 8.5, 11.0)",4.9,"( 4.3,  5.5)",61.7,"(57.6, 66.0)",79,"(75.7, 82.3)",47.6,"(43.3, 51.9)",4.5,"( 3.8,  5.3)",13.9,"(11.5, 16.8)",50.3,"(47.0, 53.8)",24.4,"(21.2, 27.8)",11.7,"(10.2, 13.4)",27.9,"(24.1, 32.4)",31.7,"(28.4, 35.1)",29.6,"(25.3, 34.9)",65.3,"(58.2, 72.1)",18.2,"(16.0, 20.6)",37,"(32.1, 41.9)",15.9,"(13.9, 18.2)",34.8,"(30.8, 39.1)",2.8,"( 2.5,  3.1)",20.7,"(17.3, 24.5)",6,"( 5.3,  6.8)",8.3,"( 7.2,  9.6)",18.4,"(15.6, 21.5)",13.8,"(11.7, 16.1)",4.9,"( 4.2,  5.7)",9.7,"( 8.3, 11.3)",34,"(29.8, 38.9)",38.4,"(33.9, 43.1)",22.5,"(17.7, 27.6)",30.3,"(24.8, 36.1)",25.3,"(21.2, 29.6)",15.1,"(12.8, 17.7)",14.7,"(12.2, 17.3)",28.6,"(24.6, 33.1)",POINT (-106.7360794 35.0655339)
NM,New Mexico,Bernalillo,35001,35001004742,6119,"4,784",16.8,"(13.7, 20.2)",23.9,"(21.4, 26.5)",13.8,"(11.5, 16.3)",32.6,"(29.4, 35.8)",69.5,"(65.9, 72.8)",6.1,"( 5.5,  6.8)",10,"( 8.8, 11.3)",6,"( 5.4,  6.7)",66.4,"(62.4, 70.1)",83.5,"(81.1, 85.6)",58.4,"(54.2, 62.7)",5.5,"( 4.7,  6.3)",12.8,"(10.8, 14.9)",62.4,"(59.1, 65.6)",25,"(21.9, 28.4)",12.1,"(10.6, 13.8)",24,"(21.0, 27.1)",34.9,"(31.5, 38.3)",25.4,"(21.8, 29.4)",70.2,"(63.9, 76.1)",16.7,"(14.8, 18.8)",34.9,"(30.2, 39.9)",15.2,"(13.5, 17.2)",31.6,"(27.9, 35.7)",3.3,"( 3.0,  3.6)",8.8,"( 7.2, 10.6)",6.9,"( 6.1,  7.8)",6.9,"( 6.2,  7.8)",15.5,"(13.6, 17.7)",14.2,"(12.4, 16.3)",4.5,"( 4.0,  5.1)",8.9,"( 7.8, 10.0)",32.1,"(28.4, 36.1)",35.3,"(31.2, 39.0)",16.6,"(13.7, 19.4)",21.8,"(18.5, 25.1)",18.4,"(15.8, 21.1)",11.6,"(10.1, 13.3)",11.2,"( 9.7, 12.7)",25,"(21.7, 28.2)",POINT (-106.718017 35.1202961)
NM,New Mexico,Bernalillo,35001,35001004743,4027,"2,890",15.4,"(11.8, 19.1)",19.3,"(17.0, 21.6)",15.1,"(12.6, 17.9)",28,"(24.9, 31.1)",64.2,"(60.2, 67.7)",4.7,"( 4.2,  5.2)",9.7,"( 8.5, 11.0)",4.3,"( 3.8,  4.9)",64.2,"(59.8, 68.0)",82.8,"(80.2, 85.2)",53.8,"(49.6, 58.1)",4,"( 3.4,  4.7)",11.8,"( 9.7, 14.1)",62.8,"(59.6, 66.0)",24.7,"(21.6, 28.1)",9.8,"( 8.4, 11.3)",20.7,"(17.7, 23.7)",31.2,"(28.0, 34.5)",22.5,"(18.8, 26.4)",73.2,"(67.0, 78.8)",16.7,"(14.6, 18.8)",33.8,"(29.0, 38.8)",13.2,"(11.4, 15.0)",32.5,"(28.6, 36.6)",2.5,"( 2.2,  2.7)",12.8,"(10.5, 15.5)",5.2,"( 4.6,  5.9)",5.7,"( 5.0,  6.5)",14.6,"(12.5, 16.8)",10.8,"( 9.2, 12.5)",3.6,"( 3.1,  4.1)",7.6,"( 6.6,  8.7)",27.8,"(24.0, 31.6)",35.6,"(31.5, 39.8)",14.8,"(11.9, 17.9)",20.2,"(16.5, 23.9)",18,"(15.0, 20.9)",11.3,"( 9.6, 13.2)",10.6,"( 8.9, 12.2)",25.1,"(21.8, 28.7)",POINT (-106.7383145 35.0944263)
NM,New Mexico,Bernalillo,35001,35001004744,7711,"5,909",11.3,"( 8.7, 14.3)",22.4,"(19.7, 25.0)",14.6,"(12.1, 17.1)",30,"(26.7, 33.2)",70.2,"(66.3, 73.5)",7,"( 6.3,  7.7)",9.2,"( 8.0, 10.4)",4.9,"( 4.3,  5.6)",68.2,"(64.4, 71.8)",87.5,"(85.6, 89.2)",64,"(59.7, 68.0)",3.9,"( 3.2,  4.6)",9,"( 7.2, 10.8)",68.4,"(65.5, 71.3)",22.8,"(19.7, 26.1)",9.5,"( 8.0, 10.9)",16.4,"(13.8, 19.0)",34.5,"(30.9, 37.9)",18.3,"(15.0, 21.8)",75.5,"(69.7, 80.7)",13.9,"(12.0, 15.9)",30.2,"(25.5, 34.8)",11.7,"(10.0, 13.4)",29.8,"(26.2, 33.7)",2.6,"( 2.3,  2.9)",7.3,"( 6.0,  8.9)",5.7,"( 4.9,  6.5)",4.2,"( 3.6,  4.8)",11.3,"( 9.5, 13.1)",9.9,"( 8.3, 11.6)",2.8,"( 2.4,  3.2)",5.9,"( 5.0,  6.8)",24.6,"(20.8, 28.2)",32.9,"(28.8, 36.9)",8,"( 6.3, 10.1)",12.3,"( 9.9, 15.2)",11.9,"( 9.8, 14.3)",7.1,"( 5.9,  8.5)",6.9,"( 5.8,  8.1)",22.7,"(19.5, 26.0)",POINT (-106.7831442 35.0926123)
NM,New Mexico,Bernalillo,35001,35001004745,6425,"4,909",11.8,"( 9.1, 14.6)",23.1,"(20.6, 25.7)",14.7,"(12.3, 17.3)",30.6,"(27.5, 33.9)",69.4,"(65.8, 72.8)",6.8,"( 6.1,  7.5)",9.9,"( 8.6, 11.2)",5.3,"( 4.7,  6.0)",67.4,"(63.4, 71.1)",85.7,"(83.3, 87.8)",57.6,"(53.4, 61.8)",4.6,"( 3.9,  5.5)",10.7,"( 8.7, 13.0)",69.7,"(66.7, 72.4)",24.7,"(21.4, 28.1)",9.9,"( 8.6, 11.5)",18.7,"(16.0, 21.9)",34.1,"(30.6, 37.5)",20.1,"(16.8, 23.8)",74.8,"(68.9, 80.3)",15.4,"(13.5, 17.5)",31.5,"(26.9, 36.2)",13,"(11.3, 14.8)",29.9,"(26.3, 33.8)",2.8,"( 2.5,  3.2)",7.8,"( 6.3,  9.4)",6.1,"( 5.4,  7.0)",5,"( 4.3,  5.8)",13.1,"(11.2, 15.1)",11.4,"( 9.7, 13.5)",3.4,"( 2.9,  4.0)",7.2,"( 6.2,  8.4)",27.4,"(23.8, 31.3)",34,"(29.9, 38.1)",10.6,"( 8.3, 13.1)",14.9,"(11.9, 18.0)",13.4,"(11.0, 15.8)",8.5,"( 7.0,  9.9)",8.3,"( 6.9,  9.6)",23.3,"(19.9, 26.8)",POINT (-106.6884014 35.2110558)
NM,New Mexico,Bernalillo,35001,35001004747,4825,"3,600",15.5,"(12.9, 18.3)",25.5,"(22.9, 28.2)",13.7,"(11.4, 16.1)",34.3,"(31.0, 37.6)",70.2,"(66.9, 73.2)",6.7,"( 6.0,  7.3)",10.4,"( 9.1, 11.7)",6.7,"( 6.0,  7.5)",66.8,"(62.8, 70.4)",82.8,"(80.5, 84.9)",60.2,"(56.1, 64.1)",6.5,"( 5.7,  7.4)",14.3,"(12.2, 16.7)",64.1,"(61.0, 67.2)",26.6,"(23.2, 30.1)",12.5,"(10.9, 14.2)",24.5,"(21.6, 27.6)",35.1,"(31.5, 38.5)",25.7,"(22.0, 29.8)",70.7,"(64.3, 76.8)",17.6,"(15.6, 19.9)",36.1,"(31.1, 41.0)",15.7,"(13.9, 17.7)",31,"(27.3, 35.0)",3.6,"( 3.3,  4.0)",9.9,"( 8.0, 12.0)",7.5,"( 6.6,  8.4)",7.2,"( 6.4,  7.9)",16.1,"(14.2, 18.2)",14.9,"(13.1, 17.0)",4.8,"( 4.3,  5.4)",9.7,"( 8.6, 10.9)",33.3,"(29.5, 37.4)",34.8,"(30.9, 38.7)",19.1,"(16.4, 22.1)",22.4,"(19.4, 25.5)",18.4,"(16.0, 20.9)",12.8,"(11.1, 14.6)",11.8,"(10.3, 13.4)",24,"(20.8, 27.3)",POINT (-106.7157376 35.1992236)
NM,New Mexico,Bernalillo,35001,35001004749,4319,"3,414",20.2,"(16.6, 24.1)",25.2,"(22.7, 27.9)",12.9,"(10.6, 15.2)",35.6,"(32.2, 38.9)",69.2,"(66.2, 72.1)",5.7,"( 5.1,  6.3)",10.8,"( 9.5, 12.3)",7.3,"( 6.6,  8.2)",65.6,"(61.5, 69.3)",78.8,"(75.9, 81.6)",54.5,"(50.0, 58.9)",7.5,"( 6.4,  8.5)",17,"(14.4, 19.7)",52.4,"(49.1, 55.7)",27.5,"(23.8, 31.1)",14.6,"(12.8, 16.5)",30.9,"(27.1, 34.7)",34.9,"(31.6, 38.2)",31.8,"(27.2, 36.4)",67,"(60.1, 73.4)",19.7,"(17.2, 22.2)",39,"(33.7, 44.2)",18,"(15.8, 20.3)",34.1,"(30.3, 38.2)",4.1,"( 3.7,  4.6)",24.5,"(20.8, 29.0)",8.3,"( 7.4,  9.4)",10.2,"( 9.0, 11.5)",19.7,"(17.1, 22.5)",18.1,"(15.9, 20.5)",6.4,"( 5.7,  7.2)",12.5,"(10.9, 14.1)",39,"(34.5, 43.5)",36.9,"(32.8, 41.1)",29.9,"(25.5, 34.5)",32.5,"(28.0, 37.2)",24.5,"(21.1, 28.0)",17.7,"(15.4, 20.1)",16.7,"(14.5, 19.1)",25.9,"(22.5, 29.5)",POINT (-106.7057458 35.1197965)
NM,New Mexico,Bernalillo,35001,35001004750,6347,"4,802",14.9,"(12.1, 18.2)",21.2,"(18.9, 23.7)",14.7,"(12.3, 17.3)",29.9,"(26.9, 33.1)",67.7,"(64.0, 71.1)",5.5,"( 4.9,  6.1)",9.5,"( 8.4, 10.7)",4.9,"( 4.3,  5.5)",65.7,"(61.8, 69.5)",84,"(81.7, 86.1)",59.7,"(55.6, 63.7)",4.2,"( 3.6,  4.9)",11.2,"( 9.2, 13.3)",66.4,"(63.3, 69.4)",23.9,"(20.9, 27.2)",10.5,"( 9.1, 12.0)",20.4,"(17.6, 23.6)",32.9,"(29.6, 36.3)",22.7,"(19.2, 26.8)",75.3,"(69.5, 80.5)",15.9,"(13.9, 18.1)",33.6,"(29.0, 38.5)",13.3,"(11.6, 15.1)",30.6,"(26.8, 34.5)",2.7,"( 2.4,  3.0)",9,"( 7.3, 11.0)",5.8,"( 5.1,  6.6)",5.7,"( 5.0,  6.4)",13.9,"(12.0, 16.1)",11.5,"( 9.9, 13.3)",3.6,"( 3.1,  4.0)",7.4,"( 6.4,  8.4)",28.2,"(24.8, 32.1)",35,"(30.9, 39.2)",13.3,"(10.5, 16.3)",18.7,"(15.1, 22.3)",16.6,"(13.6, 19.5)",10.2,"( 8.6, 11.9)",9.7,"( 8.1, 11.3)",24.7,"(21.2, 28.3)",POINT (-106.717359 35.1052653)
NM,New Mexico,Bernalillo,35001,35001004752,3850,"3,000",13.3,"(10.5, 16.6)",24,"(21.4, 26.6)",14.4,"(12.0, 16.9)",32,"(28.9, 35.2)",69.9,"(66.4, 73.0)",6.7,"( 6.1,  7.4)",10.2,"( 8.9, 11.5)",5.9,"( 5.2,  6.7)",66.6,"(62.7, 70.3)",83.5,"(81.1, 85.8)",63.8,"(59.5, 67.8)",5.6,"( 4.7,  6.6)",12.6,"(10.5, 14.9)",66.1,"(63.0, 69.2)",25.9,"(22.6, 29.3)",10.8,"( 9.4, 12.4)",21.3,"(18.4, 24.3)",34.6,"(31.3, 38.0)",22.5,"(19.1, 26.2)",72.2,"(65.9, 78.0)",16.8,"(14.8, 18.9)",32.7,"(28.1, 37.5)",14.1,"(12.4, 16.0)",30.6,"(26.8, 34.6)",3.2,"( 2.8,  3.5)",9.8,"( 8.0, 11.9)",6.7,"( 5.9,  7.6)",5.8,"( 5.1,  6.6)",14.8,"(12.9, 17.0)",12.8,"(11.0, 14.8)",3.9,"( 3.4,  4.5)",8.3,"( 7.2,  9.6)",30.3,"(26.7, 34.0)",35.2,"(31.2, 39.5)",14.1,"(11.5, 17.0)",18.2,"(15.3, 21.6)",15.3,"(12.9, 17.9)",9.9,"( 8.4, 11.5)",9.8,"( 8.5, 11.4)",24.2,"(21.0, 27.8)",POINT (-106.6759363 35.1856426)
NM,New Mexico,Bernalillo,35001,35001004753,4043,"3,230",10.3,"( 8.4, 12.6)",22.1,"(19.5, 24.6)",15,"(12.5, 17.6)",29.4,"(26.2, 32.5)",69.8,"(66.2, 73.1)",6.9,"( 6.2,  7.6)",9.5,"( 8.3, 10.7)",4.9,"( 4.3,  5.5)",67.8,"(63.9, 71.4)",86.7,"(84.7, 88.5)",62.6,"(58.7, 66.4)",3.9,"( 3.3,  4.4)",8.9,"( 7.4, 10.5)",71.8,"(69.1, 74.5)",23.7,"(20.5, 27.0)",9.2,"( 7.9, 10.6)",16.1,"(13.9, 18.4)",33.8,"(30.3, 37.1)",17.8,"(15.0, 21.0)",74.2,"(68.2, 79.8)",14.5,"(12.7, 16.4)",29.6,"(25.1, 34.3)",11.7,"(10.2, 13.2)",28.7,"(25.1, 32.5)",2.6,"( 2.3,  2.8)",6.8,"( 5.5,  8.2)",5.8,"( 5.1,  6.5)",4.2,"( 3.7,  4.7)",11.7,"(10.0, 13.4)",9.9,"( 8.5, 11.4)",2.8,"( 2.5,  3.2)",6.1,"( 5.3,  7.0)",25,"(21.7, 28.4)",33.7,"(29.7, 37.7)",7.7,"( 6.2,  9.4)",12,"( 9.9, 14.6)",11.5,"( 9.7, 13.6)",7,"( 6.0,  8.1)",7,"( 6.0,  8.1)",22.8,"(19.7, 26.1)",POINT (-106.6662451 35.1910419)
NM,New Mexico,Bernalillo,35001,35001004754,4554,"3,299",12.1,"( 9.6, 15.1)",19.7,"(17.5, 21.9)",16,"(13.4, 18.8)",27.2,"(24.3, 30.1)",65.1,"(61.3, 68.5)",5.5,"( 5.0,  6.1)",9.6,"( 8.5, 10.9)",4.2,"( 3.7,  4.7)",65.1,"(61.0, 68.9)",84.6,"(82.2, 86.8)",59.8,"(55.8, 63.8)",3.7,"( 3.1,  4.3)",10.4,"( 8.5, 12.4)",70.7,"(67.7, 73.5)",25,"(21.8, 28.3)",8.4,"( 7.3,  9.7)",17,"(14.7, 19.7)",30.9,"(27.7, 34.2)",19,"(15.9, 22.4)",77.1,"(71.5, 82.2)",16,"(14.1, 18.2)",31.7,"(27.2, 36.4)",11.8,"(10.3, 13.4)",30,"(26.3, 33.9)",2.3,"( 2.1,  2.6)",6.4,"( 5.1,  7.9)",5.1,"( 4.5,  5.7)",4.4,"( 3.9,  5.0)",13,"(11.2, 15.1)",9.4,"( 8.0, 10.8)",2.9,"( 2.5,  3.3)",6.5,"( 5.7,  7.5)",25.2,"(21.9, 28.8)",34.8,"(30.8, 38.9)",10.3,"( 8.1, 12.5)",14.8,"(12.0, 17.7)",14.3,"(11.8, 16.7)",8.8,"( 7.3, 10.2)",8.3,"( 7.0,  9.6)",23.9,"(20.5, 27.3)",POINT (-106.7145283 35.211213)
NM,New Mexico,Bernalillo,35001,35001004755,3907,"2,942",11.1,"( 8.9, 13.6)",19.6,"(17.4, 21.9)",16.4,"(13.7, 19.3)",26.1,"(23.3, 29.0)",65.7,"(61.9, 69.2)",6,"( 5.4,  6.6)",9.6,"( 8.4, 10.8)",4,"( 3.6,  4.5)",65.5,"(61.4, 69.3)",85.9,"(83.8, 87.8)",63.8,"(60.0, 67.5)",3.4,"( 3.0,  4.0)",9.1,"( 7.6, 10.8)",71.9,"(69.0, 74.6)",24.7,"(21.5, 28.1)",7.8,"( 6.7,  8.9)",15.1,"(13.1, 17.3)",31.2,"(28.0, 34.5)",16.7,"(14.1, 19.6)",76.7,"(71.1, 81.7)",15.2,"(13.5, 17.2)",29.9,"(25.5, 34.6)",11.1,"( 9.7, 12.5)",29.4,"(25.8, 33.3)",2.1,"( 2.0,  2.4)",6.7,"( 5.4,  8.1)",4.8,"( 4.3,  5.4)",3.7,"( 3.3,  4.2)",11.9,"(10.4, 13.7)",8.4,"( 7.2,  9.6)",2.5,"( 2.2,  2.8)",5.8,"( 5.1,  6.5)",23.2,"(20.3, 26.5)",34.2,"(30.3, 38.4)",7.7,"( 6.2,  9.6)",12.1,"( 9.9, 14.6)",12.4,"(10.4, 14.7)",7.3,"( 6.2,  8.6)",7.1,"( 6.1,  8.3)",23.2,"(20.0, 26.6)",POINT (-106.7457766 35.2101705)
NM,New Mexico,Bernalillo,35001,35001004756,4303,"3,140",11,"( 8.8, 13.6)",21.7,"(19.3, 24.1)",15.3,"(12.8, 18.0)",29.1,"(26.0, 32.2)",68.3,"(64.7, 71.8)",6.6,"( 6.0,  7.3)",9.4,"( 8.2, 10.6)",4.7,"( 4.2,  5.3)",66.9,"(63.1, 70.6)",86.3,"(84.3, 88.3)",61.1,"(56.8, 65.3)",4,"( 3.4,  4.6)",9.8,"( 8.1, 11.6)",68.7,"(65.8, 71.6)",24.1,"(21.0, 27.4)",9,"( 7.8, 10.3)",16.4,"(14.3, 18.8)",33.2,"(29.8, 36.7)",18.3,"(15.4, 21.3)",76.9,"(71.2, 82.0)",14.8,"(12.9, 16.7)",30.7,"(26.3, 35.3)",11.8,"(10.3, 13.3)",30.2,"(26.6, 34.1)",2.5,"( 2.3,  2.8)",6.6,"( 5.3,  8.0)",5.6,"( 4.9,  6.3)",4.2,"( 3.7,  4.7)",11.8,"(10.2, 13.5)",9.7,"( 8.3, 11.1)",2.8,"( 2.5,  3.2)",6.2,"( 5.4,  7.0)",24.7,"(21.5, 27.9)",33.1,"(29.1, 37.1)",8.9,"( 7.1, 10.9)",12.9,"(10.5, 15.3)",12.4,"(10.3, 14.6)",7.7,"( 6.5,  9.0)",7.2,"( 6.2,  8.3)",22.7,"(19.5, 26.0)",POINT (-106.7167793 35.1839118)
NM,New Mexico,Bernalillo,35001,35001004757,5035,"3,545",11,"( 8.9, 13.4)",19.7,"(17.4, 22.2)",16.3,"(13.6, 19.2)",27.1,"(24.0, 30.2)",64.2,"(60.3, 67.9)",5.5,"( 5.0,  6.1)",9.8,"( 8.6, 11.1)",4.1,"( 3.6,  4.6)",65.1,"(61.0, 68.9)",84.8,"(82.7, 86.8)",55.7,"(51.7, 59.7)",3.8,"( 3.2,  4.4)",10.6,"( 8.6, 12.7)",70,"(67.1, 72.8)",25.7,"(22.3, 29.1)",8.3,"( 7.1,  9.5)",16.6,"(14.2, 19.1)",30.8,"(27.4, 34.1)",18.2,"(15.0, 21.5)",73.9,"(67.7, 79.4)",16.2,"(14.0, 18.3)",32.1,"(27.4, 36.9)",11.8,"(10.2, 13.5)",30.3,"(26.6, 34.2)",2.3,"( 2.0,  2.5)",6.6,"( 5.3,  8.1)",5,"( 4.3,  5.6)",4.3,"( 3.8,  4.8)",12.9,"(10.9, 14.8)",9.1,"( 7.8, 10.6)",2.9,"( 2.6,  3.3)",6.5,"( 5.6,  7.5)",24.6,"(21.2, 28.1)",34,"(30.1, 38.2)",10.4,"( 8.2, 12.7)",14.3,"(11.8, 17.1)",13.9,"(11.6, 16.5)",9,"( 7.6, 10.6)",8.2,"( 7.1,  9.6)",23,"(20.0, 26.5)",POINT (-106.7437006 35.1973401)
NM,New Mexico,Bernalillo,35001,35001004758,4019,"2,838",10.3,"( 8.2, 12.9)",20,"(17.7, 22.4)",16.2,"(13.5, 19.0)",26.7,"(23.8, 29.8)",65.7,"(62.0, 69.4)",6,"( 5.4,  6.7)",9.5,"( 8.3, 10.7)",4.1,"( 3.6,  4.6)",66,"(61.9, 69.8)",86.2,"(84.0, 88.2)",57.4,"(53.2, 61.4)",3.5,"( 2.9,  4.1)",9.3,"( 7.5, 11.2)",69.8,"(66.9, 72.6)",24.7,"(21.4, 28.0)",8,"( 6.9,  9.3)",15.4,"(13.1, 17.9)",31.5,"(28.2, 34.9)",17,"(14.1, 20.1)",74.5,"(68.7, 79.8)",15,"(13.1, 17.1)",30.4,"(25.8, 35.1)",11.2,"( 9.8, 12.8)",30.1,"(26.4, 34.0)",2.2,"( 2.0,  2.5)",7.7,"( 6.2,  9.4)",4.9,"( 4.3,  5.6)",3.9,"( 3.3,  4.4)",11.8,"(10.1, 13.7)",8.7,"( 7.4, 10.1)",2.6,"( 2.3,  3.0)",5.9,"( 5.0,  6.8)",23.3,"(20.0, 26.7)",33.4,"(29.3, 37.5)",8,"( 6.2, 10.2)",12,"( 9.6, 14.8)",12.1,"( 9.9, 14.5)",7.5,"( 6.2,  8.8)",7,"( 5.8,  8.3)",22.4,"(19.1, 25.9)",POINT (-106.7319002 35.1984904)
NM,New Mexico,Bernalillo,35001,35001004759,4166,"2,830",25.9,"(19.6, 32.1)",19.1,"(16.9, 21.2)",13.9,"(11.5, 16.6)",29.5,"(26.3, 32.5)",62.5,"(58.8, 66.0)",3.7,"( 3.3,  4.1)",10.2,"( 8.9, 11.5)",5.3,"( 4.6,  5.9)",61.4,"(57.1, 65.8)",76.2,"(72.4, 79.8)",46.2,"(41.8, 50.5)",5.3,"( 4.5,  6.2)",15.8,"(13.0, 19.0)",51,"(47.6, 54.4)",26,"(22.5, 29.3)",12.3,"(10.7, 14.0)",30.8,"(26.3, 35.7)",31.3,"(28.0, 34.5)",31.7,"(26.7, 36.8)",71.4,"(65.0, 77.4)",19.6,"(16.9, 22.2)",38,"(33.0, 42.9)",16.9,"(14.6, 19.3)",34.5,"(30.4, 38.7)",3,"( 2.7,  3.4)",21,"(17.8, 24.4)",6.3,"( 5.5,  7.2)",9.9,"( 8.5, 11.4)",20.5,"(17.3, 24.1)",15,"(12.8, 17.4)",5.7,"( 4.9,  6.6)",11.5,"( 9.8, 13.6)",36.7,"(31.7, 41.5)",39,"(34.2, 43.6)",29.5,"(23.4, 35.7)",35.6,"(28.9, 42.4)",27.9,"(22.9, 32.8)",18.1,"(15.1, 21.2)",17.8,"(14.6, 21.1)",28.2,"(23.9, 32.5)",POINT (-106.7368925 35.0844093)
NM,New Mexico,Bernalillo,35001,35001004760,3839,"2,738",25.5,"(20.2, 30.9)",24,"(21.6, 26.5)",12.5,"(10.3, 14.8)",34.9,"(31.7, 38.2)",67.9,"(64.8, 70.8)",4.9,"( 4.4,  5.4)",10.9,"( 9.5, 12.3)",7.4,"( 6.6,  8.2)",64.1,"(60.0, 68.0)",76.3,"(73.0, 79.5)",50.9,"(46.5, 55.6)",7.5,"( 6.5,  8.6)",17.9,"(15.2, 20.8)",50.4,"(47.0, 53.8)",27,"(23.6, 30.5)",15.2,"(13.3, 17.2)",34.7,"(30.4, 38.9)",34.3,"(31.0, 37.6)",35.5,"(30.5, 40.4)",66.9,"(59.9, 73.2)",20.5,"(18.1, 23.0)",39.9,"(34.7, 45.0)",19.2,"(16.9, 21.5)",34.5,"(30.5, 38.7)",4.3,"( 3.8,  4.7)",16.1,"(13.3, 19.3)",8.5,"( 7.5,  9.5)",12.1,"(10.5, 13.6)",21.9,"(18.9, 25.1)",19.5,"(17.1, 22.0)",7.2,"( 6.3,  8.1)",13.9,"(12.0, 15.9)",41.8,"(37.1, 46.5)",38.7,"(34.5, 43.0)",35.4,"(30.0, 41.2)",39,"(33.5, 45.0)",28.9,"(24.8, 33.2)",20.3,"(17.5, 23.2)",19.8,"(16.9, 22.9)",27.9,"(24.2, 31.8)",POINT (-106.7203467 35.092081)
NM,New Mexico,Bernalillo,35001,35001004761,2012,"1,432",18.1,"(14.4, 22.1)",19,"(16.8, 21.2)",15.2,"(12.6, 18.0)",27.9,"(24.9, 30.8)",65.1,"(61.3, 68.8)",4.6,"( 4.1,  5.1)",9.1,"( 8.0, 10.3)",4.5,"( 4.0,  5.0)",64.1,"(60.1, 68.2)",83.6,"(81.1, 86.1)",57.2,"(53.0, 61.5)",3.5,"( 3.0,  4.1)",10.5,"( 8.7, 12.3)",65.1,"(62.1, 68.2)",22.9,"(19.9, 25.9)",10.3,"( 8.9, 11.7)",21.1,"(18.2, 24.2)",32.1,"(28.8, 35.4)",23.3,"(19.6, 27.0)",73.6,"(67.4, 79.0)",15.7,"(13.8, 17.7)",33.7,"(29.0, 38.4)",13.2,"(11.6, 14.9)",31.2,"(27.4, 35.2)",2.4,"( 2.2,  2.7)",8.1,"( 6.6,  9.9)",5.4,"( 4.7,  6.1)",5.8,"( 5.1,  6.6)",14.2,"(12.2, 16.3)",11,"( 9.5, 12.7)",3.5,"( 3.1,  4.0)",7.1,"( 6.1,  8.1)",28,"(24.3, 31.6)",35.9,"(31.8, 40.0)",13,"(10.3, 15.7)",19.9,"(16.3, 23.5)",18.5,"(15.5, 21.3)",10.5,"( 8.9, 12.1)",10.1,"( 8.6, 11.6)",26.2,"(22.7, 29.9)",POINT (-106.7139971 35.064885)
NM,New Mexico,Bernalillo,35001,35001004762,5281,"3,829",23.2,"(18.8, 28.2)",20.7,"(18.5, 23.1)",13.9,"(11.5, 16.4)",30.9,"(27.9, 34.1)",66,"(62.4, 69.4)",4.3,"( 3.9,  4.8)",9.6,"( 8.5, 10.9)",5.3,"( 4.8,  6.0)",63.4,"(59.1, 67.3)",80,"(76.8, 82.7)",52.2,"(47.7, 56.6)",4.8,"( 4.2,  5.5)",13.8,"(11.7, 16.3)",58.3,"(55.1, 61.6)",24.3,"(21.1, 27.6)",12.5,"(11.0, 14.2)",27.6,"(24.2, 31.5)",32.7,"(29.4, 36.0)",30.1,"(26.0, 34.9)",72.5,"(66.2, 78.1)",18,"(15.9, 20.2)",37.3,"(32.6, 42.5)",15.9,"(14.1, 18.1)",32.5,"(28.7, 36.5)",3.1,"( 2.8,  3.4)",14,"(11.5, 16.8)",6.4,"( 5.6,  7.2)",8.3,"( 7.4,  9.5)",17.8,"(15.5, 20.4)",14.5,"(12.6, 16.7)",4.9,"( 4.4,  5.6)",9.7,"( 8.5, 11.2)",34.3,"(30.4, 38.7)",37.9,"(33.6, 42.3)",22.6,"(18.7, 26.7)",29.7,"(25.4, 34.3)",24.4,"(21.0, 28.0)",15,"(12.8, 17.2)",14.2,"(12.3, 16.5)",28.1,"(24.4, 32.0)",POINT (-106.7134785 35.0743603)
NM,New Mexico,Bernalillo,35001,35001004763,4807,"3,765",11.4,"( 8.8, 14.4)",20.2,"(18.0, 22.7)",15.9,"(13.3, 18.6)",27.4,"(24.4, 30.5)",66.1,"(62.4, 69.6)",5.8,"( 5.2,  6.5)",10,"( 8.8, 11.3)",4.4,"( 3.8,  5.0)",65.1,"(61.0, 68.9)",83.8,"(81.3, 86.0)",58.8,"(54.5, 63.0)",4.1,"( 3.4,  4.9)",10.7,"( 8.7, 12.9)",66,"(62.9, 68.9)",25.4,"(22.1, 28.8)",8.5,"( 7.2,  9.9)",17.3,"(14.6, 20.1)",31.6,"(28.3, 35.0)",18.5,"(15.2, 22.1)",74.1,"(67.9, 79.5)",16.2,"(14.1, 18.5)",30.4,"(25.9, 35.2)",12,"(10.4, 13.8)",30.9,"(27.1, 34.9)",2.4,"( 2.1,  2.7)",7.4,"( 6.0,  9.0)",5.2,"( 4.5,  5.9)",4.4,"( 3.9,  5.1)",13.4,"(11.4, 15.6)",9.6,"( 8.1, 11.4)",3,"( 2.5,  3.4)",6.8,"( 5.8,  7.9)",25.8,"(22.1, 29.6)",35.4,"(31.3, 39.6)",10.2,"( 8.1, 12.6)",14.8,"(12.0, 17.8)",13.4,"(11.2, 16.0)",8.3,"( 7.0,  9.7)",8.4,"( 7.1,  9.8)",24.1,"(20.8, 27.5)",POINT (-106.6683711 35.2115872)
NM,New Mexico,Bernalillo,35001,35001004764,3529,"2,810",10.8,"( 8.7, 13.1)",19.8,"(17.6, 22.2)",16,"(13.4, 18.8)",27,"(24.1, 29.9)",65.8,"(62.2, 69.0)",5.8,"( 5.2,  6.4)",9.8,"( 8.6, 11.1)",4.4,"( 3.8,  5.0)",65,"(60.9, 68.7)",83.1,"(80.7, 85.4)",61.2,"(57.1, 65.3)",4,"( 3.3,  4.7)",10.2,"( 8.3, 12.1)",66.1,"(63.1, 69.1)",25.7,"(22.4, 29.2)",8.2,"( 7.1,  9.5)",16.6,"(14.1, 19.1)",30.8,"(27.7, 34.1)",18.2,"(15.2, 21.4)",73.3,"(67.0, 78.9)",16.3,"(14.3, 18.4)",30.1,"(25.7, 34.8)",11.6,"(10.1, 13.2)",29.9,"(26.2, 33.8)",2.3,"( 2.1,  2.6)",8.2,"( 6.7, 10.0)",5.3,"( 4.6,  6.0)",4.4,"( 3.8,  4.9)",13.2,"(11.3, 15.2)",9.2,"( 7.8, 10.8)",2.8,"( 2.4,  3.2)",6.7,"( 5.7,  7.8)",25.5,"(22.1, 29.0)",35.2,"(31.2, 39.3)",10.1,"( 8.2, 12.4)",14.2,"(11.8, 17.2)",12.9,"(10.8, 15.3)",8.2,"( 7.0,  9.6)",8.3,"( 7.1,  9.7)",23.3,"(20.2, 26.7)",POINT (-106.6657021 35.2003933)
NM,New Mexico,Bernalillo,35001,35001004800,3851,"3,062",15,"(11.4, 19.4)",26.4,"(23.7, 29.2)",12.7,"(10.5, 15.0)",35.5,"(32.1, 38.9)",72.9,"(69.5, 76.0)",7.3,"( 6.6,  8.1)",9.8,"( 8.6, 11.1)",7.1,"( 6.3,  8.0)",68.9,"(65.1, 72.6)",84.9,"(82.4, 87.2)",62.3,"(58.2, 66.3)",6.1,"( 5.0,  7.2)",11.8,"( 9.5, 14.2)",62.1,"(59.0, 65.3)",24.8,"(21.5, 28.2)",13.3,"(11.6, 15.2)",24.1,"(20.7, 27.7)",36.9,"(33.5, 40.4)",25,"(21.0, 29.4)",71.2,"(64.9, 76.9)",15.5,"(13.5, 17.6)",34.9,"(30.0, 39.9)",15.2,"(13.2, 17.4)",30.6,"(26.9, 34.5)",3.7,"( 3.3,  4.1)",9.3,"( 7.6, 11.3)",7.9,"( 6.9,  9.0)",7.3,"( 6.3,  8.4)",14.5,"(12.2, 16.8)",15.3,"(13.1, 17.7)",4.8,"( 4.1,  5.6)",9,"( 7.7, 10.5)",32.4,"(28.4, 36.6)",32.8,"(28.9, 36.9)",16.8,"(13.1, 20.7)",20.3,"(16.3, 24.4)",16.3,"(13.3, 19.4)",11.2,"( 9.3, 13.1)",10.6,"( 8.8, 12.5)",22,"(18.8, 25.4)",POINT (-106.6736347 35.0998175)
NM,New Mexico,Bernalillo,35001,35001004900,3506,"3,195",11.7,"( 9.2, 15.1)",18.8,"(16.8, 21.0)",16,"(13.3, 18.8)",27.4,"(24.6, 30.3)",63,"(60.0, 66.0)",5.3,"( 4.8,  5.8)",9.9,"( 8.7, 11.3)",5.1,"( 4.5,  5.8)",62.9,"(58.8, 66.9)",78.1,"(74.9, 81.0)",60.3,"(56.1, 64.5)",4.9,"( 4.1,  5.7)",11.7,"( 9.5, 14.1)",59.7,"(56.5, 62.9)",27.4,"(24.0, 30.9)",8.5,"( 7.4,  9.8)",19.3,"(16.7, 22.1)",29.4,"(26.4, 32.5)",19.8,"(16.6, 23.2)",70.1,"(63.5, 76.3)",17.9,"(15.7, 20.4)",31.5,"(27.0, 36.2)",12.4,"(10.8, 14.0)",31.2,"(27.5, 35.2)",2.6,"( 2.3,  2.9)",11.1,"( 9.3, 13.2)",6.1,"( 5.4,  7.0)",5.5,"( 4.9,  6.3)",15.5,"(13.2, 18.0)",10,"( 8.6, 11.5)",3.4,"( 3.0,  3.9)",8.4,"( 7.2,  9.7)",28.8,"(25.2, 32.7)",35.7,"(31.7, 40.0)",15.5,"(12.4, 19.2)",18.6,"(15.1, 22.6)",14.9,"(12.3, 18.0)",10.9,"( 9.2, 12.9)",11.1,"( 9.4, 13.2)",22.8,"(19.6, 26.3)",POINT (-106.6306197 35.0833595)
NM,New Mexico,Bernalillo,35001,35001940500,2958,"2,528",4.7,"( 3.7,  6.0)",33.2,"(29.8, 36.6)",11.2,"( 9.3, 13.2)",39.1,"(35.4, 42.8)",79.6,"(76.2, 82.6)",13.9,"(12.6, 15.2)",9.2,"( 8.1, 10.4)",7.8,"( 6.7,  8.9)",77.2,"(73.9, 80.0)",92.9,"(91.7, 93.9)",72.6,"(69.0, 76.0)",5.3,"( 4.2,  6.6)",6.9,"( 5.4,  8.8)",79.1,"(76.8, 81.3)",22.4,"(19.4, 25.4)",10.3,"( 8.7, 12.0)",13.8,"(11.5, 16.6)",42.6,"(38.6, 46.4)",14.9,"(12.0, 18.1)",77,"(71.1, 82.1)",10.7,"( 9.3, 12.3)",25.9,"(21.7, 30.2)",11.6,"( 9.9, 13.5)",23.2,"(20.1, 26.5)",3.6,"( 3.1,  4.1)",4.4,"( 3.5,  5.4)",8.7,"( 7.5, 10.0)",3.4,"( 2.9,  4.0)",8.2,"( 6.9,  9.8)",11.6,"( 9.6, 14.0)",2.7,"( 2.3,  3.2)",5.4,"( 4.5,  6.5)",25.4,"(21.7, 29.2)",27.6,"(24.1, 31.4)",4,"( 3.1,  5.4)",5.6,"( 4.5,  7.2)",5,"( 4.1,  6.1)",3.5,"( 3.0,  4.3)",3.7,"( 3.1,  4.5)",16.8,"(14.3, 19.7)",POINT (-106.542514 35.2095972)
NM,New Mexico,Bernalillo,35001,35001940601,10658,"7,356",9.5,"( 7.8, 11.6)",18.1,"(16.0, 20.4)",16.7,"(13.9, 19.6)",25.1,"(22.3, 28.0)",63.7,"(59.7, 67.4)",5.4,"( 4.8,  5.9)",9.3,"( 8.2, 10.5)",3.5,"( 3.1,  4.0)",65.4,"(61.2, 69.2)",86.4,"(84.5, 88.3)",60.4,"(56.4, 64.3)",3,"( 2.6,  3.4)",8.5,"( 7.1, 10.1)",72.1,"(69.4, 74.8)",24.1,"(21.0, 27.5)",7.4,"( 6.4,  8.6)",13.9,"(12.2, 16.1)",30.2,"(27.0, 33.5)",15.5,"(13.2, 18.4)",77.9,"(72.5, 82.8)",14.6,"(12.8, 16.5)",29.9,"(25.5, 34.4)",10.3,"( 9.0, 11.7)",29.5,"(25.9, 33.4)",1.9,"( 1.7,  2.1)",5.1,"( 4.1,  6.2)",4.3,"( 3.8,  4.9)",3.5,"( 3.1,  3.9)",11,"( 9.6, 12.7)",7.5,"( 6.5,  8.7)",2.3,"( 2.1,  2.6)",5.3,"( 4.7,  6.0)",21.2,"(18.5, 24.3)",33,"(29.2, 37.0)",7.3,"( 5.9,  9.0)",11.2,"( 9.4, 13.5)",11.7,"( 9.9, 13.7)",7.2,"( 6.1,  8.4)",6.7,"( 5.8,  7.7)",22.1,"(19.3, 25.3)",POINT (-106.7389615 35.175479)
NM,New Mexico,Bernalillo,35001,35001940602,2099,"1,627",16.4,"(13.2, 19.8)",31.3,"(28.3, 34.3)",12.8,"(10.5, 15.1)",42.9,"(39.2, 46.4)",69.4,"(65.8, 72.6)",6,"( 5.4,  6.7)",14.7,"(12.9, 16.5)",10.5,"( 9.3, 11.6)",65.4,"(61.3, 69.3)",76.2,"(72.9, 79.3)",47.1,"(42.6, 51.6)",12.9,"(11.1, 14.7)",33.3,"(28.8, 37.6)",43.4,"(40.1, 46.8)",31.1,"(27.3, 34.9)",19.6,"(17.2, 22.0)",40.5,"(35.7, 44.9)",36.4,"(33.0, 40.0)",35.4,"(30.4, 40.3)",58.7,"(51.2, 66.1)",25.2,"(22.3, 28.1)",44.2,"(38.8, 49.3)",24.6,"(21.7, 27.5)",39.4,"(35.1, 44.0)",6.4,"( 5.7,  7.1)",36.1,"(31.0, 41.5)",12.1,"(10.7, 13.6)",14.2,"(12.4, 15.9)",25.6,"(22.2, 29.0)",25.7,"(22.6, 28.8)",9.4,"( 8.1, 10.6)",18.5,"(16.0, 21.0)",49.1,"(44.0, 53.9)",39.9,"(35.7, 44.3)",44.5,"(39.2, 50.1)",45.6,"(40.3, 51.1)",32.2,"(28.2, 36.5)",26.5,"(23.4, 29.8)",25.8,"(22.7, 29.3)",32.5,"(28.5, 36.6)",POINT (-106.975683 35.1038429)
NM,New Mexico,Bernalillo,35001,35001940700,2372,"1,805",11,"( 9.1, 13.3)",31,"(28.0, 34.1)",12.7,"(10.5, 15.0)",39.9,"(36.4, 43.3)",72.7,"(69.3, 75.7)",7.4,"( 6.6,  8.1)",13.9,"(12.2, 15.6)",9,"( 8.0, 10.1)",69.3,"(65.7, 72.8)",83.5,"(81.2, 85.6)",57.8,"(53.6, 62.1)",8.6,"( 7.4, 10.0)",22.2,"(18.7, 25.8)",55.8,"(52.5, 59.2)",27.5,"(23.9, 30.9)",16.9,"(14.7, 19.1)",29.8,"(26.1, 33.7)",36,"(32.4, 39.6)",26.9,"(22.7, 31.2)",64.1,"(56.9, 71.0)",20.5,"(18.1, 22.9)",37.9,"(32.8, 43.0)",19.9,"(17.5, 22.5)",36.6,"(32.5, 40.8)",5.4,"( 4.8,  6.0)",21.7,"(18.2, 25.6)",11.3,"(10.0, 12.7)",9.5,"( 8.3, 10.7)",18.5,"(16.0, 21.3)",20.8,"(18.1, 23.6)",5.8,"( 5.1,  6.6)",12.7,"(11.0, 14.6)",41.2,"(36.7, 45.8)",37.7,"(33.6, 42.1)",23.2,"(19.4, 27.1)",28.9,"(24.7, 33.1)",21.7,"(18.6, 24.8)",16,"(13.8, 18.3)",16.5,"(14.4, 18.7)",29.8,"(26.0, 33.7)",POINT (-106.7073513 34.9167148)
NM,New Mexico,Bernalillo,35001,35001980000,4578,"3,239",8.9,"( 7.3, 10.8)",10.7,"( 9.3, 12.2)",21.2,"(17.9, 24.7)",17.5,"(15.2, 19.8)",44.5,"(41.2, 48.1)",2.6,"( 2.4,  2.9)",10.1,"( 8.8, 11.3)",2.1,"( 1.8,  2.3)",57.2,"(52.9, 61.5)",74.4,"(71.0, 77.9)",54.6,"(50.6, 58.8)",2.6,"( 2.2,  3.0)",10.1,"( 8.2, 12.3)",65.5,"(62.4, 68.5)",29.2,"(25.5, 32.8)",3.9,"( 3.3,  4.5)",13.2,"(11.2, 15.3)",20.7,"(18.1, 23.3)",14.3,"(11.6, 16.9)",71.4,"(65.1, 77.3)",20.1,"(17.4, 22.7)",27.8,"(23.5, 32.0)",9.2,"( 7.9, 10.5)",31.3,"(27.6, 35.4)",1.2,"( 1.1,  1.3)",11.2,"( 9.2, 13.4)",3.2,"( 2.8,  3.7)",3.3,"( 2.9,  3.7)",15.7,"(13.2, 18.1)",4.9,"( 4.2,  5.7)",1.9,"( 1.7,  2.1)",6.8,"( 5.7,  7.8)",23.2,"(19.6, 26.6)",39.8,"(35.4, 44.3)",10.4,"( 8.4, 12.7)",13.9,"(11.4, 16.7)",13,"(10.9, 15.4)",8.7,"( 7.4, 10.1)",9.4,"( 7.9, 10.9)",25.1,"(21.6, 29.0)",POINT (-106.5361241 35.0044887)
NM,New Mexico,Bernalillo,35001,35001980500,1297,"1,296",31.5,"(25.1, 37.3)",13,"(11.2, 14.8)",18.8,"(15.7, 22.2)",27.6,"(24.3, 30.9)",43.1,"(38.4, 47.6)",1.9,"( 1.7,  2.2)",9.6,"( 8.4, 10.9)",4.1,"( 3.5,  4.7)",50.8,"(45.9, 55.6)",62.1,"(57.1, 66.9)",32.7,"(29.0, 36.5)",5.8,"( 4.9,  6.8)",26,"(22.1, 30.1)",37.9,"(34.6, 41.3)",27.3,"(23.8, 31.2)",8.6,"( 7.4,  9.9)",34.4,"(29.4, 39.6)",25,"(21.9, 28.2)",32.6,"(27.6, 37.8)",50.5,"(42.4, 58.4)",23.8,"(20.9, 26.7)",41.2,"(36.0, 46.5)",17.1,"(14.8, 19.5)",38.7,"(34.4, 43.2)",2.3,"( 2.1,  2.6)",20.9,"(17.5, 24.5)",6.1,"( 5.2,  7.0)",10.1,"( 8.6, 11.7)",26.2,"(22.6, 30.0)",11.6,"( 9.8, 13.7)",5.7,"( 4.9,  6.6)",13.4,"(11.4, 15.5)",40.5,"(35.3, 45.8)",42,"(37.2, 46.6)",41.1,"(34.6, 47.7)",44.1,"(37.4, 50.5)",34.4,"(29.5, 39.3)",24.8,"(21.5, 28.0)",23.6,"(20.1, 27.4)",34,"(29.5, 38.6)",POINT (-106.8603406 35.0076895)
NM,New Mexico,Catron,35003,35003976401,1612,"1,437",13.2,"(11.4, 15.2)",39.7,"(35.5, 44.0)",10.4,"( 8.3, 12.7)",48.9,"(44.0, 53.7)",83.2,"(80.2, 85.8)",12.5,"(11.3, 13.7)",10.2,"( 8.9, 11.6)",13.7,"(12.4, 15.1)",75.7,"(71.6, 79.4)",87.5,"(85.8, 89.1)",59.7,"(53.5, 65.5)",13.3,"(11.8, 14.7)",17.3,"(15.0, 19.8)",53.2,"(49.0, 57.3)",22.4,"(18.8, 26.2)",19.6,"(17.0, 22.3)",30,"(26.6, 33.4)",43.9,"(38.9, 48.9)",31.4,"(26.3, 36.5)",63.1,"(53.3, 72.1)",15.1,"(13.2, 17.0)",33.9,"(26.1, 42.3)",20,"(17.7, 22.3)",33.3,"(26.7, 40.3)",6.9,"( 6.3,  7.4)",22.1,"(18.1, 26.2)",14.6,"(13.1, 16.2)",9.4,"( 8.5, 10.2)",15.9,"(14.0, 17.8)",25.1,"(22.2, 28.1)",7.2,"( 6.6,  7.9)",12.3,"(11.0, 13.6)",42.6,"(37.5, 47.5)",30.4,"(25.5, 35.9)",20.4,"(17.9, 23.3)",20.1,"(17.5, 22.9)",13,"(11.3, 14.9)",10.5,"( 9.2, 12.0)",10,"( 8.9, 11.3)",21.6,"(18.4, 25.3)",POINT (-108.7293566 33.5839051)
NM,New Mexico,Catron,35003,35003976402,1967,"1,779",7.5,"( 6.3,  8.8)",38.2,"(34.1, 42.7)",11.1,"( 8.9, 13.5)",45.7,"(41.0, 50.8)",83.1,"(79.8, 85.9)",13.5,"(12.2, 14.8)",9.9,"( 8.7, 11.3)",11.3,"(10.2, 12.6)",77.1,"(73.1, 80.7)",90.6,"(89.3, 91.9)",66.2,"(60.3, 71.7)",10,"( 8.8, 11.4)",13.3,"(11.3, 15.6)",62.8,"(58.7, 66.6)",21.5,"(18.1, 25.3)",16,"(13.8, 18.5)",22.1,"(19.3, 25.3)",43.8,"(38.8, 49.0)",23.5,"(19.5, 28.4)",66.1,"(56.8, 74.4)",13.3,"(11.7, 15.2)",30,"(23.0, 38.1)",16.7,"(14.7, 18.9)",31.1,"(24.7, 37.9)",5.4,"( 5.0,  6.0)",13.6,"(10.8, 16.5)",12.2,"(10.9, 13.8)",6.1,"( 5.5,  6.7)",12.4,"(10.9, 14.1)",19.2,"(16.8, 22.0)",5,"( 4.5,  5.5)",8.8,"( 7.9,  9.9)",35.5,"(31.0, 40.5)",28.9,"(24.2, 34.1)",10.4,"( 8.8, 12.3)",11.7,"(10.0, 13.8)",8.5,"( 7.3,  9.9)",6.6,"( 5.7,  7.6)",6.5,"( 5.7,  7.4)",20.1,"(17.0, 23.8)",POINT (-108.2713684 34.0512434)
NM,New Mexico,Chaves,35005,35005000201,3501,"2,548",19,"(15.4, 23.3)",24.7,"(21.8, 27.7)",15.1,"(12.3, 18.4)",34.4,"(30.6, 38.4)",71.1,"(67.7, 74.4)",6.2,"( 5.6,  6.9)",10,"( 8.8, 11.3)",6.5,"( 5.7,  7.2)",68.3,"(63.9, 72.9)",81.7,"(79.1, 84.5)",54.3,"(49.5, 59.1)",6.5,"( 5.6,  7.5)",14.5,"(12.2, 17.0)",53.7,"(50.2, 57.2)",24.1,"(20.5, 27.9)",12.7,"(11.0, 14.6)",25.7,"(22.3, 29.2)",33.9,"(29.8, 38.0)",28.6,"(24.0, 33.3)",64.3,"(56.4, 72.3)",17.4,"(15.3, 19.7)",39.1,"(32.3, 46.4)",16.1,"(14.1, 18.2)",37,"(31.6, 42.7)",3.5,"( 3.2,  3.9)",18.7,"(15.7, 22.0)",7.6,"( 6.6,  8.5)",7.4,"( 6.6,  8.3)",17.6,"(15.3, 19.9)",15.9,"(13.7, 18.1)",5,"( 4.4,  5.6)",9.8,"( 8.6, 11.1)",36.4,"(31.7, 41.3)",34.7,"(29.8, 40.2)",18.7,"(15.4, 22.3)",23.5,"(19.3, 27.6)",19,"(16.0, 22.2)",12.3,"(10.5, 14.3)",11.9,"(10.1, 13.7)",25.8,"(22.0, 30.1)",POINT (-104.532486 33.3914504)
NM,New Mexico,Chaves,35005,35005000202,3779,"2,681",28.7,"(23.7, 33.8)",30.3,"(27.0, 33.7)",12.3,"(10.1, 15.2)",42.5,"(38.4, 46.8)",72.5,"(69.5, 75.6)",6,"( 5.5,  6.7)",11.6,"(10.2, 13.2)",10.3,"( 9.2, 11.5)",67.8,"(63.4, 72.3)",75.1,"(72.0, 78.1)",48,"(42.9, 53.2)",12.8,"(11.2, 14.6)",25.1,"(21.4, 28.8)",44.6,"(41.0, 48.1)",27.9,"(24.0, 32.2)",19.6,"(17.2, 22.1)",42.3,"(37.5, 46.7)",37.2,"(33.0, 41.5)",43.2,"(37.5, 49.2)",62,"(53.6, 70.0)",22.1,"(19.6, 25.0)",47.3,"(40.0, 54.8)",23.8,"(21.0, 26.7)",39.3,"(33.8, 45.3)",5.9,"( 5.4,  6.6)",22.7,"(19.0, 26.5)",11.2,"( 9.9, 12.6)",15.5,"(13.8, 17.3)",26.4,"(23.1, 29.8)",27,"(23.9, 30.2)",10.7,"( 9.5, 11.9)",18.2,"(16.0, 20.5)",50.9,"(45.5, 56.2)",37,"(31.7, 42.3)",47.1,"(41.6, 52.5)",45.5,"(39.9, 50.8)",31.8,"(27.6, 35.9)",24.8,"(21.8, 28.0)",23,"(20.1, 26.0)",28.2,"(24.0, 32.5)",POINT (-104.5503396 33.388551)
NM,New Mexico,Chaves,35005,35005000301,3587,"2,658",18.1,"(14.5, 22.2)",25.6,"(22.7, 28.8)",14.8,"(12.0, 17.9)",35,"(31.2, 39.3)",72.4,"(69.1, 75.7)",6.5,"( 5.9,  7.3)",10,"( 8.8, 11.4)",6.8,"( 6.0,  7.7)",69,"(64.7, 73.4)",82.2,"(79.4, 84.6)",53.9,"(48.9, 58.9)",6.7,"( 5.6,  7.8)",14.3,"(11.9, 17.1)",51.8,"(48.1, 55.5)",24.1,"(20.6, 28.1)",13,"(11.3, 15.0)",25.4,"(21.9, 29.6)",34.6,"(30.6, 39.0)",28.5,"(23.9, 34.0)",69.8,"(62.0, 76.8)",17.3,"(15.1, 19.7)",38.2,"(31.5, 45.6)",16.1,"(14.1, 18.5)",37.8,"(32.4, 43.6)",3.6,"( 3.3,  4.1)",18.6,"(15.4, 22.1)",7.9,"( 6.9,  8.9)",7.3,"( 6.4,  8.3)",17.3,"(15.0, 20.1)",16.2,"(13.8, 18.8)",4.9,"( 4.3,  5.6)",9.8,"( 8.5, 11.3)",36.7,"(32.1, 41.9)",34.8,"(29.8, 40.1)",17.6,"(14.4, 21.1)",22.4,"(18.8, 26.6)",18,"(15.3, 21.2)",11.5,"( 9.8, 13.4)",11.4,"( 9.7, 13.3)",25.8,"(22.0, 30.1)",POINT (-104.5448899 33.4045243)
NM,New Mexico,Chaves,35005,35005000302,2668,"2,068",15.2,"(12.2, 18.8)",27.3,"(24.3, 30.5)",14.7,"(12.0, 17.9)",36.5,"(32.6, 40.5)",73.7,"(70.8, 76.6)",7.6,"( 6.8,  8.5)",10.3,"( 9.0, 11.7)",7.6,"( 6.7,  8.6)",69.9,"(65.6, 74.2)",81.1,"(78.0, 83.8)",58.2,"(53.2, 63.2)",7.7,"( 6.5,  9.1)",14.2,"(11.8, 17.0)",57.9,"(54.5, 61.4)",25.1,"(21.3, 29.0)",13,"(11.3, 15.1)",24.9,"(21.5, 28.8)",35.2,"(31.2, 39.4)",27.2,"(22.8, 32.4)",67.4,"(59.6, 74.6)",17.5,"(15.4, 19.9)",37.4,"(30.7, 44.4)",16.1,"(14.1, 18.5)",34.8,"(29.6, 40.2)",4,"( 3.5,  4.5)",14.4,"(11.8, 17.3)",8.7,"( 7.7,  9.9)",7.3,"( 6.4,  8.4)",17.4,"(15.0, 20.1)",16.7,"(14.2, 19.3)",5.1,"( 4.4,  5.9)",10.4,"( 8.9, 12.1)",37.5,"(32.7, 42.6)",33.8,"(28.9, 38.9)",18.1,"(15.0, 21.8)",21.1,"(17.3, 25.0)",16.1,"(13.5, 18.8)",11.4,"( 9.8, 13.3)",11.5,"( 9.8, 13.3)",23.8,"(20.2, 27.8)",POINT (-104.5495007 33.4159511)
NM,New Mexico,Chaves,35005,35005000400,4521,"3,235",27.2,"(22.6, 31.8)",28.5,"(25.6, 31.8)",12.8,"(10.4, 15.7)",41,"(37.0, 45.1)",72.9,"(69.8, 75.9)",6,"( 5.3,  6.6)",10.6,"( 9.3, 12.1)",9.5,"( 8.5, 10.5)",68,"(63.5, 72.6)",76.5,"(73.5, 79.6)",46.8,"(41.7, 52.1)",10.6,"( 9.3, 12.0)",21.3,"(18.3, 24.5)",43.5,"(39.9, 47.1)",25.8,"(22.1, 29.8)",18.4,"(16.3, 20.8)",38.4,"(34.2, 42.7)",36.7,"(32.7, 40.9)",40.6,"(35.2, 46.2)",64.1,"(55.8, 71.7)",20.2,"(17.8, 22.9)",45.4,"(38.2, 52.8)",21.6,"(19.2, 24.3)",39.3,"(33.8, 45.2)",5.2,"( 4.8,  5.8)",26.5,"(22.6, 30.7)",10.5,"( 9.4, 11.7)",13.6,"(12.2, 15.1)",23.6,"(20.8, 26.7)",24.2,"(21.5, 27.3)",8.9,"( 8.0, 10.0)",15.5,"(13.7, 17.5)",47.5,"(42.4, 52.7)",35.9,"(31.0, 41.3)",39.5,"(34.4, 44.8)",40.3,"(35.4, 45.4)",28.3,"(24.6, 32.2)",21.1,"(18.4, 24.1)",19.8,"(17.2, 22.6)",27.2,"(23.2, 31.6)",POINT (-104.4936395 33.4086413)
NM,New Mexico,Chaves,35005,35005000500,1941,"1,335",24.1,"(19.5, 29.5)",26.9,"(23.9, 30.3)",13.4,"(10.8, 16.4)",38.9,"(35.0, 43.2)",72.4,"(69.0, 75.7)",5.6,"( 5.0,  6.2)",10.5,"( 9.2, 12.0)",8.1,"( 7.2,  9.2)",68.6,"(63.9, 73.1)",79.5,"(76.2, 82.4)",50.3,"(45.2, 55.2)",8.4,"( 7.3,  9.7)",18.4,"(15.5, 21.6)",52.2,"(48.6, 55.8)",25.2,"(21.6, 29.3)",17.2,"(15.1, 19.7)",34.3,"(30.1, 39.0)",35.9,"(32.0, 40.2)",36.7,"(31.5, 42.5)",67.1,"(59.0, 74.5)",19.2,"(16.9, 21.8)",44.6,"(37.6, 52.2)",19.8,"(17.5, 22.5)",37.5,"(32.0, 43.3)",4.5,"( 4.0,  5.0)",18.4,"(15.5, 21.8)",9,"( 8.0, 10.2)",11.5,"(10.1, 13.1)",21.3,"(18.4, 24.5)",21.4,"(18.6, 24.3)",7.7,"( 6.7,  8.8)",13.2,"(11.5, 15.2)",43.3,"(38.4, 48.7)",35.1,"(30.0, 40.3)",32.2,"(27.1, 37.4)",35.1,"(29.9, 40.5)",26.2,"(22.4, 30.2)",18.7,"(16.1, 21.5)",17.2,"(14.8, 19.8)",26.5,"(22.4, 30.8)",POINT (-104.5245677 33.3828564)
NM,New Mexico,Chaves,35005,35005000600,4510,"3,377",32.8,"(27.2, 39.1)",28.8,"(25.5, 32.1)",12.1,"( 9.8, 14.9)",43.1,"(38.9, 47.5)",73.2,"(70.1, 76.4)",5.2,"( 4.7,  5.8)",10.3,"( 9.0, 11.8)",10.3,"( 9.2, 11.6)",68.1,"(63.5, 72.5)",76,"(72.7, 79.2)",47.1,"(42.0, 52.5)",10.5,"( 9.1, 12.1)",22,"(18.7, 25.6)",42.3,"(38.7, 45.9)",24.3,"(20.6, 28.3)",21.9,"(19.2, 24.6)",43.7,"(39.1, 48.7)",37.9,"(33.7, 42.2)",45.5,"(39.8, 51.6)",63.1,"(54.8, 71.0)",20,"(17.6, 22.7)",48.3,"(40.9, 55.9)",23.5,"(20.9, 26.5)",39.2,"(33.7, 45.0)",5.7,"( 5.2,  6.4)",24.6,"(20.6, 28.8)",11.3,"(10.0, 12.8)",16.8,"(14.9, 19.0)",24.9,"(21.7, 28.3)",27.4,"(24.2, 30.9)",10.9,"( 9.6, 12.3)",16.8,"(14.8, 19.0)",50.8,"(45.7, 56.3)",36,"(30.7, 41.3)",46.2,"(40.2, 52.3)",47.4,"(41.5, 53.6)",33.4,"(28.9, 38.0)",25.2,"(21.8, 28.4)",23.2,"(20.0, 26.6)",28.4,"(24.2, 32.9)",POINT (-104.4955418 33.3640736)
NM,New Mexico,Chaves,35005,35005000700,4671,"3,308",20.7,"(16.9, 24.7)",26.6,"(23.6, 29.9)",13.9,"(11.3, 16.9)",37.5,"(33.4, 41.7)",73.6,"(70.4, 76.6)",6.5,"( 5.9,  7.3)",9.8,"( 8.6, 11.2)",7.5,"( 6.7,  8.4)",69.5,"(65.2, 73.8)",81.8,"(79.4, 84.4)",56,"(51.1, 60.9)",7.1,"( 6.2,  8.2)",14.9,"(12.7, 17.4)",52.7,"(49.0, 56.3)",23.3,"(19.9, 27.2)",14.7,"(12.9, 16.9)",28.2,"(24.7, 32.0)",35.5,"(31.5, 39.8)",32.1,"(27.2, 37.4)",67.1,"(59.3, 74.6)",17.3,"(15.2, 19.6)",40.5,"(33.6, 48.1)",17.2,"(15.2, 19.4)",37,"(31.6, 42.8)",4.1,"( 3.7,  4.5)",16,"(13.2, 19.2)",8.7,"( 7.7,  9.9)",8.6,"( 7.7,  9.6)",18,"(15.7, 20.5)",18.2,"(15.9, 20.7)",5.6,"( 5.0,  6.3)",10.6,"( 9.3, 12.0)",39.3,"(34.6, 44.2)",34.5,"(29.6, 39.8)",21.5,"(18.1, 25.4)",26,"(22.1, 30.3)",20.4,"(17.4, 23.6)",13.5,"(11.6, 15.6)",12.8,"(11.0, 14.7)",26.1,"(22.3, 30.3)",POINT (-104.5271626 33.353918)
NM,New Mexico,Chaves,35005,35005000800,6063,"4,354",19,"(15.2, 23.4)",23.7,"(20.8, 26.7)",15.4,"(12.5, 18.7)",32.9,"(29.1, 36.7)",71.3,"(68.1, 74.6)",6.4,"( 5.8,  7.1)",9.6,"( 8.5, 11.0)",6.1,"( 5.3,  6.8)",68.2,"(63.8, 72.7)",82.3,"(79.6, 85.0)",56.1,"(51.3, 60.8)",5.7,"( 4.8,  6.6)",12.7,"(10.6, 15.1)",60.6,"(57.1, 63.9)",23,"(19.5, 26.9)",11.5,"(10.0, 13.4)",23.4,"(20.1, 27.1)",33.2,"(29.2, 37.5)",27.2,"(22.5, 32.3)",71.9,"(64.5, 78.6)",16.7,"(14.6, 19.0)",36.8,"(30.1, 44.0)",14.9,"(13.0, 17.0)",34.5,"(29.4, 40.0)",3.3,"( 2.9,  3.6)",14.7,"(12.1, 17.5)",7.3,"( 6.4,  8.3)",6.5,"( 5.6,  7.4)",16.5,"(14.2, 19.0)",14.5,"(12.4, 16.7)",4.2,"( 3.7,  4.8)",8.8,"( 7.6, 10.1)",34.8,"(30.2, 39.9)",35.3,"(30.3, 40.5)",14.9,"(12.2, 18.1)",20.6,"(17.1, 24.3)",17.4,"(14.7, 20.2)",10.4,"( 8.9, 12.0)",10.4,"( 8.9, 12.1)",26.3,"(22.5, 30.4)",POINT (-104.5476192 33.363188)
NM,New Mexico,Chaves,35005,35005000900,3185,"2,354",11.8,"( 9.8, 14.0)",26.8,"(23.6, 30.1)",14.8,"(12.1, 18.0)",35.2,"(31.3, 39.5)",74.8,"(71.5, 77.9)",8.3,"( 7.5,  9.2)",9.7,"( 8.5, 11.1)",6.7,"( 5.9,  7.5)",72.2,"(68.1, 76.1)",86.5,"(84.6, 88.5)",58.7,"(53.8, 63.5)",5.7,"( 4.9,  6.8)",10.7,"( 8.9, 12.7)",62.4,"(59.0, 65.6)",23.2,"(19.7, 27.2)",11.6,"(10.0, 13.4)",19.4,"(16.8, 22.5)",35.3,"(31.1, 39.7)",22,"(18.3, 26.4)",70.5,"(63.0, 77.3)",14.8,"(13.0, 16.9)",35.3,"(28.8, 42.5)",13.7,"(12.0, 15.6)",33.7,"(28.6, 39.2)",3.4,"( 3.0,  3.8)",15.8,"(13.3, 18.5)",7.7,"( 6.8,  8.8)",5.3,"( 4.7,  6.0)",13.4,"(11.7, 15.4)",13.7,"(11.7, 15.8)",3.8,"( 3.4,  4.3)",7.6,"( 6.7,  8.7)",31.4,"(27.3, 36.1)",31.1,"(26.6, 36.2)",10.8,"( 9.0, 13.0)",14,"(11.8, 16.5)",12.3,"(10.5, 14.3)",8.3,"( 7.1,  9.6)",7.9,"( 6.9,  9.0)",21.5,"(18.5, 25.2)",POINT (-104.5817903 33.4040701)
NM,New Mexico,Chaves,35005,35005001001,5344,"3,948",10.8,"( 8.9, 12.9)",26.4,"(23.2, 29.6)",15.3,"(12.5, 18.5)",33.8,"(29.9, 37.9)",74.8,"(71.5, 78.0)",8.7,"( 7.8,  9.6)",9.5,"( 8.3, 10.8)",6,"( 5.3,  6.8)",72.2,"(68.2, 76.2)",87.3,"(85.5, 89.1)",64.4,"(59.9, 68.8)",5.2,"( 4.3,  6.1)",9.9,"( 8.2, 11.8)",69.9,"(66.8, 72.8)",22.7,"(19.4, 26.6)",10.2,"( 8.7, 11.9)",17.1,"(14.5, 19.9)",34.9,"(30.7, 39.2)",20.5,"(16.7, 24.6)",71.3,"(63.9, 78.0)",14.4,"(12.6, 16.4)",33.1,"(26.9, 40.0)",12.7,"(11.0, 14.6)",32.4,"(27.4, 37.8)",3.1,"( 2.8,  3.5)",7.2,"( 5.9,  8.7)",7.3,"( 6.4,  8.2)",4.4,"( 3.9,  4.9)",12.5,"(10.7, 14.3)",12.3,"(10.3, 14.4)",3.1,"( 2.7,  3.6)",6.8,"( 5.8,  7.8)",29.6,"(25.4, 34.0)",31.6,"(26.8, 36.5)",7.9,"( 6.4,  9.7)",11.4,"( 9.4, 13.6)",10.6,"( 8.9, 12.4)",6.6,"( 5.6,  7.7)",6.5,"( 5.6,  7.5)",22.1,"(18.8, 25.8)",POINT (-104.5071056 33.4387843)
NM,New Mexico,Chaves,35005,35005001002,4708,"3,610",11.5,"( 9.3, 13.9)",30.8,"(27.3, 34.5)",13.6,"(11.1, 16.6)",39.1,"(34.8, 43.4)",77.3,"(74.2, 80.3)",9.8,"( 8.8, 10.9)",9.9,"( 8.7, 11.4)",8,"( 7.0,  9.2)",73.7,"(69.7, 77.6)",86.8,"(84.9, 88.6)",63.3,"(58.8, 67.7)",7.2,"( 5.9,  8.6)",11.9,"( 9.8, 14.5)",69.5,"(66.4, 72.5)",23.5,"(20.0, 27.5)",12.8,"(10.9, 15.0)",21.3,"(18.0, 24.8)",37.5,"(33.2, 41.9)",24.3,"(19.9, 29.1)",73.7,"(66.8, 80.0)",15.1,"(13.2, 17.4)",35.6,"(28.8, 42.7)",15.1,"(13.1, 17.3)",31.6,"(26.8, 36.9)",4.1,"( 3.6,  4.7)",9.8,"( 7.9, 11.9)",9.3,"( 8.1, 10.7)",5.9,"( 5.1,  6.8)",14,"(12.1, 16.3)",16.3,"(13.7, 19.1)",4.4,"( 3.8,  5.1)",8.8,"( 7.5, 10.3)",34.9,"(30.2, 39.9)",31.2,"(26.5, 35.8)",11.9,"( 9.6, 14.1)",14.6,"(12.0, 17.1)",12,"(10.1, 14.0)",8.5,"( 7.2,  9.8)",8.1,"( 6.9,  9.3)",21.9,"(18.4, 25.2)",POINT (-104.5396715 33.4371593)
NM,New Mexico,Chaves,35005,35005001101,5390,"3,824",25.4,"(21.7, 29.2)",23.5,"(20.8, 26.6)",14.3,"(11.5, 17.5)",35.4,"(31.6, 39.5)",70,"(66.8, 73.2)",4.9,"( 4.4,  5.4)",9.9,"( 8.7, 11.3)",7,"( 6.3,  7.8)",66.8,"(62.2, 71.4)",77.9,"(75.0, 80.5)",49.9,"(44.9, 54.9)",6.9,"( 6.1,  7.7)",16.3,"(14.0, 18.9)",53,"(49.4, 56.5)",23.9,"(20.4, 27.9)",15.2,"(13.3, 17.4)",32,"(28.5, 36.1)",33.8,"(30.0, 38.0)",35,"(30.1, 40.7)",67.7,"(59.9, 75.1)",18.8,"(16.7, 21.2)",42.4,"(35.3, 50.0)",18.2,"(16.1, 20.5)",37.1,"(31.7, 42.8)",3.8,"( 3.5,  4.2)",16.1,"(13.4, 19.1)",8.1,"( 7.2,  9.2)",10.4,"( 9.4, 11.5)",20.8,"(18.4, 23.6)",18.6,"(16.3, 21.0)",6.5,"( 5.9,  7.2)",11.9,"(10.6, 13.5)",41.4,"(36.7, 46.6)",36.2,"(31.2, 41.4)",28.3,"(24.6, 32.3)",33.5,"(29.0, 37.8)",25.5,"(22.2, 29.0)",17.1,"(15.0, 19.4)",16.4,"(14.4, 18.5)",27.6,"(23.7, 31.8)",POINT (-104.525207 33.3006245)
NM,New Mexico,Chaves,35005,35005001102,3856,"2,969",11.7,"( 9.8, 13.8)",30.3,"(26.8, 33.9)",14.5,"(11.8, 17.6)",38.8,"(34.6, 43.3)",75.7,"(72.4, 79.0)",9,"( 8.0,  9.9)",10.2,"( 9.0, 11.7)",7.6,"( 6.8,  8.6)",72.1,"(67.9, 76.1)",85.9,"(84.0, 87.9)",63,"(58.4, 67.5)",7.7,"( 6.6,  8.8)",14.6,"(12.3, 17.3)",66.4,"(63.2, 69.6)",24.7,"(21.1, 28.8)",12.7,"(10.9, 14.7)",22.1,"(19.2, 25.4)",37.4,"(33.2, 41.9)",24.9,"(20.8, 29.7)",71.4,"(63.9, 78.1)",16.3,"(14.3, 18.5)",37,"(30.3, 44.4)",15.8,"(13.9, 17.9)",32.9,"(27.8, 38.3)",3.9,"( 3.5,  4.4)",12.3,"(10.1, 14.9)",8.6,"( 7.6,  9.8)",5.8,"( 5.2,  6.4)",15.1,"(13.2, 17.2)",15.9,"(13.8, 18.4)",4.5,"( 4.0,  5.0)",8.9,"( 7.8, 10.1)",34.8,"(30.4, 39.6)",32,"(27.3, 37.1)",12.9,"(10.7, 15.3)",15.5,"(13.1, 18.1)",12.7,"(10.8, 14.6)",8.7,"( 7.5, 10.1)",8.3,"( 7.3,  9.5)",23.3,"(19.8, 27.0)",POINT (-104.8152413 33.2836221)
NM,New Mexico,Chaves,35005,35005001200,1447,"1,071",17.2,"(14.4, 20.4)",25,"(22.0, 28.2)",16,"(13.1, 19.3)",33.6,"(29.7, 37.8)",71.8,"(68.3, 75.2)",7,"( 6.3,  7.8)",9.7,"( 8.5, 11.1)",6.3,"( 5.6,  7.1)",68.2,"(63.9, 72.6)",83.3,"(80.9, 85.5)",57.4,"(52.5, 62.1)",6.2,"( 5.4,  7.2)",13.6,"(11.5, 16.0)",57.4,"(53.9, 60.9)",23.6,"(20.0, 27.5)",11.4,"( 9.8, 13.2)",22.7,"(19.6, 26.0)",34.9,"(30.8, 39.3)",25.3,"(21.3, 30.0)",67,"(59.3, 74.6)",16.4,"(14.5, 18.7)",35.8,"(29.2, 43.2)",15.1,"(13.2, 17.2)",35.1,"(29.9, 40.8)",3.3,"( 3.0,  3.6)",17.7,"(14.7, 21.1)",7.3,"( 6.4,  8.3)",5.8,"( 5.2,  6.5)",16,"(14.0, 18.3)",14.2,"(12.3, 16.5)",4.1,"( 3.6,  4.6)",8.4,"( 7.3,  9.5)",33.9,"(29.6, 38.7)",34.7,"(29.9, 39.9)",12.6,"(10.5, 14.9)",17.9,"(15.2, 20.9)",15,"(12.9, 17.4)",8.8,"( 7.6, 10.1)",9.1,"( 7.9, 10.4)",26.1,"(22.3, 30.1)",POINT (-104.0411724 33.5791684)
NM,New Mexico,Chaves,35005,35005001300,3430,"2,739",25.6,"(21.8, 29.9)",21,"(18.4, 23.8)",16.7,"(13.6, 20.2)",33.2,"(29.4, 37.3)",64.1,"(60.6, 67.6)",4.3,"( 3.9,  4.8)",9.8,"( 8.6, 11.2)",6.2,"( 5.5,  6.9)",63.1,"(58.2, 67.9)",74,"(70.7, 77.1)",46.3,"(41.5, 51.2)",6.9,"( 6.0,  7.8)",19.1,"(16.3, 22.1)",46.9,"(43.3, 50.5)",24.5,"(20.9, 28.6)",12.9,"(11.3, 14.7)",31.3,"(27.6, 35.4)",31.5,"(27.7, 35.5)",33.2,"(28.3, 38.6)",63.3,"(55.0, 71.2)",19.8,"(17.5, 22.5)",42,"(34.9, 49.5)",17.6,"(15.5, 19.8)",38.6,"(33.1, 44.4)",3.4,"( 3.1,  3.7)",20.3,"(17.0, 24.0)",7.6,"( 6.7,  8.6)",9.6,"( 8.6, 10.6)",21.8,"(19.1, 24.8)",16.5,"(14.5, 18.8)",6.1,"( 5.5,  6.7)",11.9,"(10.5, 13.5)",40.8,"(35.9, 46.2)",37.1,"(31.8, 42.3)",29,"(24.9, 32.9)",33.3,"(28.9, 37.5)",25.5,"(22.1, 28.8)",17.4,"(15.1, 19.7)",16.7,"(14.5, 18.9)",29.2,"(25.1, 33.4)",POINT (-104.3968082 33.1759645)
NM,New Mexico,Chaves,35005,35005001400,2556,"1,892",21.7,"(18.3, 25.1)",24.6,"(21.7, 27.8)",14.7,"(11.9, 18.0)",35.2,"(31.3, 39.5)",71.7,"(68.3, 75.0)",5.8,"( 5.2,  6.4)",9.7,"( 8.5, 11.1)",6.9,"( 6.1,  7.7)",67.8,"(63.3, 72.3)",81.2,"(78.8, 83.6)",52,"(46.9, 57.0)",6.4,"( 5.6,  7.3)",14.8,"(12.7, 17.2)",53.2,"(49.6, 56.8)",23.2,"(19.8, 27.1)",14.1,"(12.2, 16.1)",28.2,"(24.9, 31.7)",35,"(31.1, 39.3)",31.4,"(26.8, 36.4)",67.3,"(59.5, 74.7)",17.4,"(15.3, 19.6)",39.3,"(32.4, 46.8)",17.1,"(15.1, 19.2)",37,"(31.6, 42.7)",3.7,"( 3.4,  4.0)",17.3,"(14.5, 20.6)",8,"( 7.1,  9.1)",8.3,"( 7.6,  9.2)",18.4,"(16.2, 20.7)",17.3,"(15.1, 19.7)",5.5,"( 4.9,  6.0)",10.2,"( 9.0, 11.5)",38.5,"(34.0, 43.3)",35.6,"(30.5, 40.8)",19.5,"(16.7, 22.6)",25.7,"(22.2, 29.3)",20.3,"(17.7, 23.1)",12.5,"(10.9, 14.2)",12.4,"(11.0, 14.1)",27.3,"(23.5, 31.4)",POINT (-104.2358218 33.0295684)
NM,New Mexico,Cibola,35006,35006941500,3224,"2,331",9.8,"( 8.1, 11.9)",28.7,"(25.6, 32.1)",14,"(11.4, 17.0)",37.3,"(33.4, 41.5)",72.7,"(69.4, 75.8)",6.4,"( 5.8,  7.1)",14.3,"(12.7, 16.2)",8.3,"( 7.4,  9.2)",69.1,"(64.7, 73.5)",80.5,"(78.1, 82.9)",53.3,"(47.9, 58.5)",8.9,"( 7.9, 10.1)",24.7,"(21.3, 28.3)",50.8,"(47.0, 54.8)",26.1,"(22.4, 30.2)",17.4,"(15.3, 19.8)",29.4,"(25.9, 33.0)",31.8,"(27.9, 35.8)",28,"(23.4, 33.0)",63.4,"(54.6, 71.0)",22.3,"(19.8, 25.0)",40.7,"(33.5, 48.7)",19.8,"(17.5, 22.2)",44.4,"(38.2, 50.5)",5.2,"( 4.7,  5.7)",26.7,"(22.5, 31.1)",11.1,"( 9.9, 12.3)",9.8,"( 8.9, 10.9)",20.7,"(18.2, 23.2)",20.6,"(18.1, 23.2)",5.9,"( 5.3,  6.5)",13.6,"(12.1, 15.3)",42.9,"(38.0, 48.1)",37.6,"(32.8, 42.9)",27,"(23.2, 30.9)",32.2,"(28.3, 36.3)",23.5,"(20.4, 26.8)",18.4,"(16.1, 20.9)",18.7,"(16.5, 21.0)",31.1,"(27.1, 35.6)",POINT (-107.5475409 34.8366529)
NM,New Mexico,Cibola,35006,35006945800,2588,"1,852",12.8,"(10.6, 15.5)",32.3,"(28.9, 35.8)",12.5,"(10.0, 15.3)",41.5,"(37.4, 45.7)",74.7,"(71.6, 77.7)",7.4,"( 6.6,  8.2)",14.4,"(12.7, 16.1)",10.6,"( 9.5, 11.8)",69.6,"(65.0, 73.8)",79.1,"(76.5, 81.7)",51,"(45.5, 56.2)",12.4,"(10.8, 13.9)",28.2,"(24.5, 32.0)",46.7,"(42.9, 50.6)",26.7,"(22.9, 30.8)",20.1,"(17.7, 22.6)",35.4,"(31.4, 39.4)",34.9,"(30.9, 39.1)",33.1,"(28.2, 38.2)",63,"(54.3, 71.0)",22.6,"(20.0, 25.2)",42.1,"(34.7, 49.9)",22.6,"(20.1, 25.2)",44,"(37.9, 50.0)",6.5,"( 5.8,  7.0)",31.5,"(27.1, 36.0)",13.2,"(11.8, 14.7)",12.7,"(11.4, 14.0)",23.2,"(20.4, 26.0)",25.4,"(22.4, 28.3)",8,"( 7.1,  8.9)",16.8,"(14.8, 18.7)",48,"(43.1, 52.9)",37.4,"(32.6, 42.6)",35.3,"(30.9, 40.0)",37.9,"(33.4, 42.5)",25.8,"(22.6, 29.4)",21.2,"(18.6, 23.9)",21.6,"(19.1, 24.3)",30.8,"(26.9, 35.3)",POINT (-108.395221 34.9037442)
NM,New Mexico,Cibola,35006,35006946100,4040,"3,034",11.5,"( 9.7, 13.5)",31.5,"(28.2, 35.0)",12.7,"(10.3, 15.6)",40.8,"(36.8, 45.1)",74.8,"(71.7, 77.8)",7,"( 6.3,  7.7)",14.3,"(12.6, 16.1)",10.1,"( 9.1, 11.1)",70,"(65.6, 74.3)",80,"(77.6, 82.3)",52.9,"(47.5, 58.0)",10.9,"( 9.7, 12.2)",26.8,"(23.6, 30.2)",50.2,"(46.4, 54.3)",25.8,"(22.1, 29.9)",20.1,"(17.7, 22.6)",33.5,"(29.9, 37.3)",33.6,"(29.7, 37.8)",31.8,"(27.0, 37.0)",63.8,"(55.2, 71.7)",22.3,"(19.8, 24.9)",41.9,"(34.7, 49.7)",21.8,"(19.4, 24.3)",44.7,"(38.6, 50.8)",6.3,"( 5.8,  6.8)",30.2,"(25.6, 35.1)",13.1,"(11.8, 14.6)",12.1,"(11.0, 13.2)",22,"(19.6, 24.5)",24.4,"(21.7, 27.2)",7.3,"( 6.6,  8.0)",15.7,"(14.1, 17.5)",46.9,"(42.0, 52.0)",37.3,"(32.5, 42.5)",32.6,"(28.9, 36.5)",36.5,"(32.7, 40.5)",25.1,"(22.2, 28.4)",20.5,"(18.3, 23.1)",20.7,"(18.6, 23.1)",31.3,"(27.3, 35.7)",POINT (-107.3259333 35.0051329)
NM,New Mexico,Cibola,35006,35006974201,5278,"3,976",18.4,"(14.8, 22.3)",22.8,"(20.1, 25.7)",15.1,"(12.3, 18.3)",32.5,"(28.8, 36.4)",70,"(66.5, 73.3)",5.7,"( 5.1,  6.3)",10.3,"( 9.1, 11.6)",6.6,"( 5.9,  7.4)",65.9,"(61.2, 70.5)",79.7,"(76.7, 82.4)",52.9,"(47.8, 57.8)",6.5,"( 5.7,  7.5)",16,"(13.4, 18.8)",53.4,"(49.6, 57.2)",22.5,"(19.1, 26.1)",14,"(12.2, 16.0)",26.2,"(22.7, 29.7)",32.2,"(28.4, 36.2)",27.6,"(23.2, 32.4)",70,"(61.8, 77.1)",17.7,"(15.5, 19.9)",37.7,"(30.8, 45.2)",16.1,"(14.2, 18.2)",40.3,"(34.3, 46.2)",3.6,"( 3.3,  4.0)",17.2,"(14.3, 20.6)",8,"( 7.1,  9.1)",8.2,"( 7.3,  9.2)",17.9,"(15.5, 20.2)",15.7,"(13.7, 18.0)",5.2,"( 4.6,  5.9)",10.3,"( 9.0, 11.7)",36,"(31.3, 40.6)",34.7,"(30.1, 40.2)",21.1,"(17.7, 25.4)",26.2,"(22.3, 30.8)",20.4,"(17.5, 24.0)",14.2,"(12.2, 16.5)",13.9,"(12.0, 16.3)",27.1,"(23.3, 31.5)",POINT (-107.8132282 35.134442)
NM,New Mexico,Cibola,35006,35006974202,2784,"2,014",17.3,"(14.3, 20.8)",27.8,"(24.6, 31.2)",12.6,"(10.2, 15.3)",37.5,"(33.5, 41.8)",75.9,"(72.9, 78.8)",7.1,"( 6.4,  7.9)",10.4,"( 9.2, 11.8)",8.5,"( 7.5,  9.6)",69.8,"(65.4, 74.0)",82.3,"(79.9, 84.7)",58.7,"(53.4, 63.6)",7.9,"( 6.8,  9.2)",16,"(13.6, 18.8)",58.3,"(54.6, 62.0)",22.5,"(19.1, 26.2)",17,"(14.9, 19.6)",28.5,"(24.9, 32.5)",35.8,"(31.8, 40.1)",31.2,"(26.2, 36.8)",70.2,"(62.3, 77.0)",17.1,"(15.1, 19.5)",38.2,"(31.2, 45.9)",17.6,"(15.5, 20.1)",37.5,"(31.8, 43.3)",4.6,"( 4.1,  5.1)",18.6,"(15.2, 22.1)",9.9,"( 8.8, 11.3)",9.5,"( 8.4, 10.7)",17.7,"(15.4, 20.2)",19.5,"(17.0, 22.4)",6.1,"( 5.3,  6.9)",11.3,"( 9.9, 12.9)",39.2,"(34.4, 44.6)",33.8,"(29.2, 39.0)",22.9,"(19.5, 27.0)",26.7,"(23.0, 30.9)",19.5,"(16.8, 22.6)",13.9,"(12.1, 16.0)",13.6,"(11.9, 15.5)",25.7,"(22.2, 30.0)",POINT (-107.8357215 35.1549688)
NM,New Mexico,Cibola,35006,35006974401,949,739,20.6,"(16.8, 24.9)",29.1,"(25.7, 32.6)",12,"( 9.7, 14.6)",39.3,"(35.1, 43.7)",76.9,"(73.8, 79.9)",7.2,"( 6.4,  8.0)",10,"( 8.7, 11.3)",9.2,"( 8.2, 10.3)",70,"(65.6, 74.2)",82.5,"(80.0, 84.9)",56.6,"(51.3, 61.7)",8.4,"( 7.3,  9.7)",16.1,"(13.7, 18.9)",55.6,"(51.7, 59.4)",21.5,"(18.2, 25.2)",18.6,"(16.2, 21.2)",31.5,"(27.8, 35.8)",37.3,"(33.1, 41.8)",34.6,"(29.6, 40.4)",70.6,"(62.7, 77.5)",16.6,"(14.6, 18.7)",39,"(31.8, 47.0)",19,"(16.7, 21.5)",37.7,"(31.9, 43.5)",5,"( 4.5,  5.6)",18.6,"(15.2, 22.1)",10.7,"( 9.5, 12.0)",10.9,"( 9.6, 12.3)",18.4,"(16.0, 20.9)",21.9,"(19.0, 25.1)",7,"( 6.1,  7.9)",12.1,"(10.6, 13.7)",41.7,"(36.8, 46.9)",33.9,"(29.4, 39.0)",24.3,"(20.8, 28.3)",28.8,"(24.6, 33.0)",20.6,"(17.7, 23.5)",14.2,"(12.3, 16.2)",14,"(12.2, 15.9)",26.3,"(22.6, 30.2)",POINT (-107.8594022 35.1638413)
NM,New Mexico,Cibola,35006,35006974402,2155,"1,601",21,"(17.5, 24.7)",29,"(25.7, 32.5)",12.5,"(10.1, 15.2)",39.2,"(35.1, 43.6)",75.3,"(72.0, 78.3)",6.8,"( 6.1,  7.5)",10.8,"( 9.5, 12.3)",9.4,"( 8.4, 10.5)",68.5,"(64.0, 72.7)",80.3,"(77.8, 82.8)",59.7,"(54.4, 64.7)",9.7,"( 8.6, 11.0)",20.1,"(17.3, 23.0)",55.3,"(51.5, 59.2)",23.4,"(20.0, 27.3)",18.8,"(16.4, 21.3)",33.5,"(29.9, 37.6)",36.5,"(32.3, 40.9)",35.2,"(30.3, 40.7)",68.3,"(60.0, 75.4)",18.6,"(16.4, 21.0)",41,"(33.8, 48.8)",20.1,"(17.9, 22.5)",38.6,"(32.7, 44.5)",5.2,"( 4.7,  5.6)",17.3,"(14.2, 20.6)",10.7,"( 9.6, 12.1)",11.4,"(10.3, 12.6)",20.4,"(18.1, 23.1)",22.4,"(19.9, 25.2)",7.5,"( 6.7,  8.3)",13.3,"(11.9, 15.0)",43.1,"(38.4, 48.3)",34.9,"(30.4, 39.9)",29.8,"(26.0, 33.9)",33.1,"(29.0, 37.4)",23.4,"(20.5, 26.7)",17,"(14.9, 19.3)",16.4,"(14.5, 18.6)",27.5,"(23.9, 31.7)",POINT (-107.8789744 35.1921181)
NM,New Mexico,Cibola,35006,35006974701,4395,"3,652",13.1,"(11.0, 15.3)",26.6,"(23.5, 29.9)",14.5,"(11.9, 17.7)",34.9,"(31.0, 39.1)",75.1,"(71.7, 78.3)",8.3,"( 7.5,  9.2)",9.5,"( 8.3, 10.7)",7.3,"( 6.6,  8.1)",69.8,"(65.5, 74.0)",85.2,"(83.3, 87.1)",55.8,"(50.5, 60.9)",6.6,"( 5.9,  7.5)",12.8,"(10.9, 14.8)",52.9,"(49.2, 56.8)",20.9,"(17.8, 24.5)",13.2,"(11.5, 15.1)",21.3,"(18.7, 24.0)",35.7,"(31.5, 40.1)",23,"(19.3, 27.1)",66.7,"(58.4, 74.1)",14.4,"(12.7, 16.2)",33.7,"(27.0, 40.9)",14.5,"(12.8, 16.3)",38.2,"(32.5, 44.1)",3.8,"( 3.5,  4.1)",23.4,"(19.8, 27.4)",8.5,"( 7.6,  9.6)",6.1,"( 5.5,  6.7)",13.8,"(12.2, 15.6)",14.7,"(12.9, 16.6)",4.3,"( 3.9,  4.7)",8.1,"( 7.2,  9.1)",31.8,"(27.7, 36.1)",31.3,"(26.9, 36.4)",12.3,"(10.5, 14.3)",16,"(13.8, 18.4)",12.7,"(10.9, 14.6)",8.5,"( 7.4,  9.8)",8.6,"( 7.5,  9.7)",23.5,"(20.3, 27.1)",POINT (-108.7098531 34.764287)
NM,New Mexico,Cibola,35006,35006974702,1759,"1,559",16.2,"(13.5, 19.3)",21.7,"(19.0, 24.7)",13.6,"(11.0, 16.6)",28.6,"(25.1, 32.3)",71.3,"(67.7, 74.6)",5.4,"( 4.9,  6.0)",10.6,"( 9.3, 12.0)",5.1,"( 4.6,  5.6)",68,"(63.3, 72.4)",84.4,"(82.1, 86.5)",59.7,"(54.3, 64.6)",4.8,"( 4.3,  5.5)",12.7,"(10.6, 14.8)",59,"(55.1, 62.9)",24.6,"(21.0, 28.4)",12,"(10.4, 13.7)",22,"(19.2, 25.1)",30.9,"(27.1, 35.1)",26.5,"(22.2, 31.2)",72,"(64.3, 78.5)",17.8,"(15.6, 20.0)",36.2,"(29.2, 44.0)",14.5,"(12.8, 16.3)",39,"(33.0, 45.0)",2.9,"( 2.7,  3.1)",13.5,"(11.0, 16.3)",6.3,"( 5.5,  7.0)",6.4,"( 5.8,  7.0)",16.3,"(14.1, 18.5)",13.3,"(11.6, 15.2)",3.9,"( 3.6,  4.4)",8.7,"( 7.7,  9.8)",31.5,"(27.3, 35.9)",35.4,"(30.7, 40.7)",16.7,"(13.7, 20.0)",21.7,"(18.2, 25.5)",18.7,"(15.8, 21.6)",11.4,"( 9.8, 13.1)",10.5,"( 9.1, 12.1)",25.5,"(22.0, 29.6)",POINT (-107.5454256 35.2148825)
NM,New Mexico,Colfax,35007,35007950500,4108,"3,336",18.1,"(15.0, 21.7)",29.3,"(25.9, 33.0)",12.8,"(10.3, 15.6)",38.1,"(33.7, 42.7)",77.7,"(74.4, 80.7)",8.2,"( 7.4,  9.1)",9.5,"( 8.3, 10.8)",8.7,"( 7.7,  9.7)",71.2,"(66.8, 75.4)",85.2,"(83.1, 87.2)",58.3,"(52.6, 64.0)",7.7,"( 6.7,  8.9)",13.8,"(11.5, 16.3)",57.6,"(53.7, 61.6)",21.2,"(17.9, 24.9)",16,"(13.8, 18.3)",26.8,"(23.1, 30.8)",37.7,"(33.1, 42.5)",29.4,"(24.2, 35.0)",70.4,"(61.3, 78.3)",15.1,"(13.1, 17.2)",32.6,"(24.7, 40.9)",17.2,"(15.0, 19.6)",33.7,"(27.2, 40.7)",4.5,"( 4.1,  5.0)",17.6,"(14.4, 21.2)",9.9,"( 8.7, 11.2)",8.1,"( 7.2,  9.2)",15.7,"(13.5, 17.9)",18.7,"(16.0, 21.5)",5.5,"( 4.9,  6.3)",9.6,"( 8.4, 11.0)",37.7,"(32.5, 43.2)",32.8,"(27.8, 38.6)",17,"(14.1, 20.2)",21.4,"(17.8, 25.1)",16.3,"(13.8, 19.1)",10.6,"( 9.1, 12.4)",10.4,"( 8.9, 12.0)",24.3,"(20.6, 28.7)",POINT (-104.2786041 36.7239178)
NM,New Mexico,Colfax,35007,35007950600,3023,"2,410",16.1,"(13.2, 19.3)",32.3,"(28.5, 36.0)",11.9,"( 9.5, 14.5)",41.1,"(36.5, 45.6)",79.5,"(76.2, 82.4)",9.4,"( 8.4, 10.4)",9.7,"( 8.5, 11.1)",9.9,"( 8.8, 11.1)",73,"(68.7, 77.1)",86.2,"(84.1, 88.2)",59.7,"(54.0, 65.4)",9,"( 7.7, 10.6)",14.5,"(12.0, 17.2)",56,"(51.9, 60.1)",22,"(18.5, 25.8)",17.1,"(14.8, 19.6)",27.4,"(23.9, 31.2)",39,"(34.3, 43.7)",29.8,"(24.8, 35.1)",67.2,"(58.0, 75.6)",15.1,"(13.2, 17.2)",33.6,"(25.6, 42.0)",17.9,"(15.7, 20.3)",34.5,"(27.9, 41.5)",5.1,"( 4.5,  5.6)",21.7,"(17.9, 25.9)",11.1,"( 9.8, 12.4)",8.6,"( 7.6,  9.6)",15.5,"(13.6, 17.7)",20.2,"(17.5, 23.2)",6.1,"( 5.3,  6.9)",10.4,"( 9.0, 11.8)",38.9,"(34.0, 44.1)",31.2,"(26.3, 37.1)",18.8,"(15.6, 22.4)",21.2,"(18.0, 25.1)",15.7,"(13.4, 18.4)",11.2,"( 9.7, 13.1)",10.5,"( 9.1, 12.1)",22.5,"(19.1, 26.6)",POINT (-104.7240683 36.8624527)
NM,New Mexico,Colfax,35007,35007950700,5256,"4,362",12.5,"(10.6, 14.6)",31.6,"(27.9, 35.6)",12.6,"(10.1, 15.4)",38.9,"(34.4, 43.6)",79,"(75.7, 82.0)",9.8,"( 8.9, 10.8)",10,"( 8.8, 11.4)",8.8,"( 7.9,  9.8)",73.4,"(69.1, 77.4)",87.6,"(85.9, 89.2)",63.9,"(58.3, 69.3)",8.1,"( 7.2,  9.1)",13.1,"(11.3, 15.3)",64.3,"(60.6, 68.1)",22.5,"(19.1, 26.5)",14.8,"(12.8, 17.0)",23.2,"(20.4, 26.3)",38.4,"(33.7, 43.3)",25.2,"(20.9, 30.0)",72,"(63.5, 79.6)",14.8,"(13.0, 16.7)",31.4,"(23.7, 39.6)",16.2,"(14.4, 18.4)",32.1,"(25.8, 38.9)",4.5,"( 4.1,  4.9)",12.7,"(10.2, 15.6)",9.8,"( 8.8, 11.1)",6.7,"( 6.1,  7.3)",14.1,"(12.5, 16.0)",17.3,"(15.2, 19.8)",4.9,"( 4.5,  5.4)",8.9,"( 8.0, 10.0)",35.1,"(30.7, 40.0)",30.9,"(26.2, 36.4)",13.7,"(11.6, 15.9)",16.3,"(14.0, 19.0)",12.9,"(11.1, 14.9)",9,"( 7.8, 10.4)",8.5,"( 7.5,  9.7)",21.8,"(18.6, 25.7)",POINT (-104.7523056 36.47923)
NM,New Mexico,Curry,35009,35009000100,4519,"3,045",32.5,"(26.5, 38.4)",23.5,"(20.7, 26.4)",12.6,"(10.1, 15.5)",36.5,"(32.5, 40.5)",68.4,"(65.1, 71.8)",4,"( 3.6,  4.4)",11.2,"( 9.8, 12.7)",7.8,"( 6.9,  8.8)",64.2,"(59.4, 69.1)",72.4,"(68.9, 76.1)",43,"(37.1, 48.9)",9,"( 7.8, 10.2)",21.4,"(18.2, 24.8)",38,"(34.2, 41.9)",25.1,"(21.4, 29.1)",17.7,"(15.4, 20.0)",40.5,"(35.7, 45.3)",33.4,"(29.4, 37.4)",43.5,"(37.6, 49.4)",64,"(54.5, 72.5)",21.8,"(19.2, 24.5)",47.6,"(40.1, 55.3)",21.4,"(18.8, 24.2)",44.9,"(38.2, 51.5)",4.7,"( 4.2,  5.2)",34.3,"(28.9, 39.9)",8.8,"( 7.7,  9.9)",14.6,"(12.8, 16.4)",26.1,"(22.6, 29.5)",22,"(19.2, 25.0)",9.2,"( 8.1, 10.4)",16.3,"(14.1, 18.4)",46.6,"(41.1, 52.1)",40.8,"(35.3, 46.2)",44.5,"(38.9, 50.2)",48.2,"(42.4, 54.0)",34.7,"(30.3, 39.1)",24.6,"(21.3, 27.8)",23.8,"(20.7, 27.1)",31.7,"(27.1, 36.4)",POINT (-103.231639 34.4067065)
NM,New Mexico,Curry,35009,35009000201,4214,"3,086",18.1,"(14.5, 21.7)",27.2,"(24.2, 30.3)",13.4,"(10.9, 16.4)",36.3,"(32.5, 40.3)",73.8,"(70.9, 76.7)",7.3,"( 6.6,  8.2)",10.6,"( 9.3, 12.1)",8,"( 7.0,  9.0)",68.8,"(64.5, 73.2)",80.1,"(77.4, 82.9)",59.3,"(53.4, 64.8)",8.2,"( 6.9,  9.5)",15.1,"(12.7, 17.9)",58.8,"(54.6, 62.8)",24.7,"(21.0, 28.6)",13.8,"(11.9, 15.8)",27,"(23.3, 30.8)",34.5,"(30.6, 38.7)",31.5,"(26.4, 36.8)",69.4,"(60.6, 77.2)",18.3,"(16.1, 20.7)",40,"(32.9, 47.5)",16.9,"(14.8, 19.3)",38.4,"(32.1, 44.8)",4.4,"( 3.9,  4.9)",17.4,"(14.2, 20.9)",9.5,"( 8.3, 10.7)",8.3,"( 7.3,  9.3)",18.6,"(16.2, 21.2)",17.5,"(15.0, 20.2)",5.6,"( 4.9,  6.3)",11.5,"(10.0, 13.1)",38.5,"(33.6, 43.6)",36.5,"(31.0, 41.9)",21.5,"(17.9, 25.4)",25.1,"(20.8, 29.2)",18.6,"(15.7, 21.5)",12.9,"(11.0, 14.8)",12.8,"(10.9, 14.8)",26,"(22.0, 30.2)",POINT (-103.2317425 34.426662)
NM,New Mexico,Curry,35009,35009000202,4086,"2,980",23.1,"(18.7, 27.7)",23.3,"(20.4, 26.1)",13.8,"(11.2, 16.9)",33.8,"(29.9, 37.8)",70.2,"(66.9, 73.3)",5.1,"( 4.6,  5.7)",10.6,"( 9.4, 12.1)",6.9,"( 6.1,  7.7)",66,"(61.3, 70.8)",77,"(73.9, 80.1)",51.8,"(46.0, 57.4)",7.3,"( 6.3,  8.3)",16.2,"(13.6, 18.8)",52.8,"(48.5, 57.0)",24.4,"(20.9, 28.3)",14.2,"(12.3, 16.2)",30.1,"(26.2, 34.0)",32.8,"(29.0, 36.9)",34.4,"(29.2, 39.9)",66.3,"(56.9, 74.6)",19.5,"(17.2, 22.0)",42.2,"(35.0, 50.0)",17.4,"(15.2, 19.7)",41.7,"(35.1, 48.1)",3.9,"( 3.5,  4.3)",21,"(17.3, 25.0)",8,"( 7.1,  9.0)",9.5,"( 8.4, 10.6)",20.8,"(18.1, 23.6)",17,"(14.7, 19.4)",6,"( 5.3,  6.8)",12,"(10.5, 13.5)",39.2,"(34.1, 44.3)",38.8,"(33.4, 44.0)",26.6,"(22.5, 30.9)",32.1,"(27.6, 36.9)",23.9,"(20.5, 27.4)",15.7,"(13.5, 18.0)",15.8,"(13.7, 18.1)",28.9,"(24.8, 33.2)",POINT (-103.2217305 34.4131871)
NM,New Mexico,Curry,35009,35009000303,4391,"3,286",12.8,"(10.2, 15.6)",23,"(20.2, 26.0)",16,"(13.0, 19.3)",30.9,"(27.3, 34.7)",70.1,"(66.6, 73.1)",6.6,"( 5.9,  7.3)",10.3,"( 9.1, 11.7)",5.8,"( 5.1,  6.6)",67.3,"(62.6, 71.7)",81.3,"(78.4, 84.1)",60,"(54.3, 65.6)",5.9,"( 5.0,  7.0)",12.7,"(10.4, 15.3)",65.5,"(61.6, 69.1)",25,"(21.3, 28.9)",10.3,"( 8.8, 11.9)",20,"(17.0, 23.2)",31.6,"(27.8, 35.7)",23.7,"(19.6, 28.3)",72,"(63.5, 79.4)",17.6,"(15.4, 20.0)",37.2,"(30.6, 44.7)",13.7,"(11.8, 15.7)",37.5,"(31.2, 43.8)",3.1,"( 2.7,  3.5)",7.8,"( 6.2,  9.7)",7,"( 6.1,  8.0)",5.4,"( 4.8,  6.2)",15.9,"(13.5, 18.4)",12,"(10.1, 14.1)",3.8,"( 3.3,  4.4)",8.5,"( 7.3,  9.9)",30.9,"(26.5, 35.6)",35.4,"(30.3, 40.6)",13.7,"(11.3, 16.7)",17.4,"(14.3, 20.8)",14.6,"(12.2, 17.0)",9.8,"( 8.4, 11.4)",9.7,"( 8.2, 11.2)",24.6,"(21.0, 28.5)",POINT (-103.1778033 34.4124811)
NM,New Mexico,Curry,35009,35009000305,2097,"1,536",20,"(16.5, 24.4)",24.2,"(21.2, 27.3)",14.2,"(11.5, 17.3)",33.9,"(30.0, 38.2)",70.4,"(66.9, 73.6)",5.6,"( 5.0,  6.2)",10.6,"( 9.3, 12.1)",6.6,"( 5.9,  7.5)",66.6,"(62.0, 71.1)",79,"(76.2, 81.7)",50.1,"(44.4, 56.0)",7.4,"( 6.4,  8.6)",16.5,"(13.8, 19.4)",51.4,"(47.1, 55.5)",24.8,"(21.0, 28.8)",13.5,"(11.7, 15.5)",27.8,"(24.2, 32.0)",33.2,"(29.1, 37.6)",31.9,"(27.0, 37.5)",64.7,"(55.4, 73.5)",19,"(16.7, 21.5)",42.1,"(34.8, 49.7)",17,"(14.8, 19.3)",41.8,"(35.4, 48.4)",3.7,"( 3.4,  4.1)",21.8,"(17.9, 26.0)",7.6,"( 6.7,  8.7)",8.4,"( 7.4,  9.4)",19.4,"(16.9, 22.3)",16.1,"(13.9, 18.7)",5.7,"( 5.0,  6.4)",11.1,"( 9.7, 12.7)",36.9,"(32.2, 42.1)",37.2,"(31.8, 42.5)",24,"(20.3, 28.2)",28.5,"(24.2, 33.1)",21.7,"(18.5, 25.0)",14.6,"(12.6, 16.8)",14.1,"(12.3, 16.3)",27.5,"(23.5, 31.8)",POINT (-103.2060387 34.4138537)
NM,New Mexico,Curry,35009,35009000306,4132,"2,969",16.9,"(13.7, 20.4)",26.4,"(23.5, 29.6)",13.7,"(11.1, 16.7)",35.9,"(32.1, 40.1)",71.8,"(68.7, 74.7)",6.5,"( 5.8,  7.2)",11.1,"( 9.8, 12.7)",7.6,"( 6.7,  8.5)",68.3,"(63.8, 72.7)",79,"(76.2, 81.7)",55.7,"(50.1, 61.0)",8.5,"( 7.4, 10.0)",16.7,"(14.0, 19.8)",57.8,"(53.7, 61.9)",26.4,"(22.6, 30.8)",14.1,"(12.3, 16.1)",27.9,"(24.3, 32.0)",33.7,"(29.7, 37.8)",31.4,"(26.6, 36.7)",66.5,"(57.1, 74.8)",19.6,"(17.2, 22.3)",42.7,"(35.5, 50.4)",17.4,"(15.3, 19.7)",40.2,"(33.9, 46.7)",4.2,"( 3.8,  4.7)",17.3,"(14.1, 20.9)",8.7,"( 7.7,  9.8)",8.8,"( 7.8, 10.0)",19.6,"(17.1, 22.5)",17.3,"(15.1, 19.9)",6.2,"( 5.5,  7.0)",12.2,"(10.6, 13.9)",38.2,"(33.6, 43.2)",35.9,"(30.6, 40.9)",26.2,"(22.1, 30.3)",27.9,"(23.6, 32.1)",20.8,"(17.7, 24.0)",15.7,"(13.5, 18.0)",14.7,"(12.7, 16.6)",25.1,"(21.3, 29.0)",POINT (-103.2037632 34.4324207)
NM,New Mexico,Curry,35009,35009000307,2912,"2,268",7.7,"( 5.9,  9.9)",23.3,"(20.4, 26.3)",16.3,"(13.3, 19.6)",29.7,"(26.1, 33.6)",72.8,"(69.4, 75.9)",8.3,"( 7.4,  9.2)",9.5,"( 8.4, 10.8)",5.3,"( 4.6,  6.1)",70.1,"(65.7, 74.5)",86,"(83.6, 88.2)",65.5,"(60.2, 70.4)",4.5,"( 3.6,  5.4)",8.5,"( 6.8, 10.8)",72.6,"(69.2, 75.7)",22.5,"(19.1, 26.2)",8.4,"( 7.1,  9.8)",13.9,"(11.5, 16.4)",32.3,"(28.3, 36.2)",17.3,"(13.9, 21.1)",72.4,"(63.9, 79.7)",14.1,"(12.2, 16.2)",31.5,"(25.3, 38.5)",10.9,"( 9.3, 12.5)",33.8,"(28.0, 39.7)",2.7,"( 2.3,  3.1)",9.7,"( 7.8, 11.8)",6.6,"( 5.8,  7.6)",3.6,"( 3.0,  4.1)",11.5,"( 9.7, 13.6)",9.5,"( 7.7, 11.3)",2.6,"( 2.2,  3.0)",6,"( 5.1,  7.1)",25.1,"(21.2, 29.3)",32.5,"(27.5, 37.7)",6.3,"( 4.9,  7.9)",9.2,"( 7.3, 11.4)",8.4,"( 6.8, 10.0)",5.5,"( 4.6,  6.5)",5.7,"( 4.8,  6.8)",21.5,"(18.0, 25.1)",POINT (-103.1884611 34.440861)
NM,New Mexico,Curry,35009,35009000308,3680,"2,774",9.8,"( 7.7, 12.3)",26.4,"(23.2, 29.8)",14.8,"(12.1, 18.0)",33.8,"(29.6, 37.8)",74.3,"(70.8, 77.4)",8.5,"( 7.6,  9.4)",10.2,"( 8.9, 11.6)",6.7,"( 5.7,  7.6)",70.6,"(66.1, 74.8)",85.1,"(82.7, 87.3)",66.4,"(61.0, 71.3)",6.3,"( 5.1,  7.7)",11.8,"( 9.5, 14.6)",70.2,"(66.6, 73.6)",24,"(20.4, 27.9)",10.8,"( 9.1, 12.6)",18.5,"(15.4, 21.9)",34.7,"(30.6, 38.8)",22.2,"(17.9, 26.6)",71.3,"(62.7, 78.7)",15.7,"(13.6, 17.9)",35,"(28.1, 42.4)",13.5,"(11.5, 15.5)",35.2,"(29.2, 41.5)",3.4,"( 2.9,  3.9)",9.1,"( 7.3, 11.1)",7.9,"( 6.8,  9.0)",4.9,"( 4.2,  5.6)",13.8,"(11.7, 16.0)",12.6,"(10.4, 15.0)",3.6,"( 3.1,  4.2)",7.8,"( 6.6,  9.2)",29.9,"(25.4, 34.3)",33.3,"(28.4, 38.6)",10.5,"( 8.2, 13.3)",13.4,"(10.7, 16.6)",11,"( 9.0, 13.4)",7.5,"( 6.2,  9.0)",7.5,"( 6.3,  9.0)",22.9,"(19.2, 26.9)",POINT (-103.1803059 34.4271346)
NM,New Mexico,Curry,35009,35009000400,4086,"2,955",28.9,"(23.9, 34.4)",24.8,"(21.9, 27.8)",13,"(10.4, 15.8)",36.6,"(32.6, 40.9)",69.6,"(66.3, 72.7)",4.8,"( 4.3,  5.3)",11.1,"( 9.7, 12.6)",8.1,"( 7.2,  9.0)",64.8,"(59.8, 69.5)",73.5,"(69.9, 76.7)",44.4,"(38.6, 50.0)",9.6,"( 8.3, 10.9)",21.2,"(18.0, 24.5)",40.7,"(36.6, 44.9)",25.7,"(21.9, 29.9)",16.7,"(14.5, 18.9)",37.6,"(32.7, 42.1)",34,"(29.9, 38.3)",41,"(34.9, 46.9)",60.6,"(50.5, 69.8)",21.4,"(18.8, 24.2)",46.1,"(38.7, 54.2)",20.7,"(18.1, 23.3)",44.4,"(37.9, 51.4)",4.6,"( 4.2,  5.1)",33.9,"(28.7, 39.4)",9.2,"( 8.1, 10.3)",13,"(11.4, 14.5)",24.8,"(21.4, 28.1)",21,"(18.2, 23.8)",8.3,"( 7.3,  9.4)",15.4,"(13.3, 17.3)",45.1,"(39.4, 50.5)",39.6,"(33.8, 45.4)",39.8,"(34.6, 45.3)",42.9,"(37.4, 48.6)",30.3,"(26.3, 34.7)",21.6,"(18.8, 24.8)",21.1,"(18.4, 24.3)",30.1,"(25.7, 34.9)",POINT (-103.1732862 34.4008105)
NM,New Mexico,Curry,35009,35009000500,2087,"1,497",25,"(20.9, 29.5)",25.7,"(22.7, 28.8)",13.1,"(10.6, 16.0)",36.6,"(32.6, 40.6)",72.4,"(69.0, 75.6)",5.7,"( 5.1,  6.3)",10.2,"( 8.9, 11.6)",7.9,"( 7.0,  8.7)",67.1,"(62.5, 71.6)",79.4,"(76.4, 82.2)",50.7,"(44.7, 56.5)",7.9,"( 6.9,  9.0)",16.8,"(14.3, 19.6)",47.9,"(43.8, 52.0)",23.5,"(20.0, 27.4)",16.3,"(14.3, 18.6)",32.4,"(28.4, 36.5)",35.4,"(31.4, 39.7)",36.8,"(31.6, 42.5)",67.1,"(57.8, 74.9)",18.4,"(16.2, 20.8)",44,"(36.6, 52.0)",18.9,"(16.6, 21.3)",41.5,"(35.0, 48.1)",4.3,"( 3.9,  4.7)",21.5,"(17.6, 25.6)",9,"( 8.0, 10.2)",10.5,"( 9.4, 11.7)",20.3,"(17.7, 22.9)",19.3,"(16.7, 22.0)",6.9,"( 6.1,  7.7)",12.1,"(10.6, 13.6)",40.5,"(35.5, 45.5)",37,"(31.9, 42.3)",27.4,"(23.3, 31.7)",33.1,"(28.5, 37.7)",24.6,"(21.0, 28.0)",16.1,"(13.9, 18.4)",15.7,"(13.5, 17.8)",28.1,"(24.1, 32.4)",POINT (-103.2088892 34.3833061)
NM,New Mexico,Curry,35009,35009000601,1126,873,10.8,"( 9.0, 12.9)",32.1,"(28.5, 36.0)",13.8,"(11.3, 16.8)",39.8,"(35.5, 44.5)",76,"(72.7, 79.1)",9.1,"( 8.3, 10.0)",11.3,"( 9.9, 12.8)",9,"( 8.0, 10.1)",71.2,"(66.9, 75.2)",83.8,"(81.6, 85.9)",60.3,"(54.7, 65.8)",9.9,"( 8.6, 11.5)",17.3,"(14.6, 20.3)",63.3,"(59.3, 67.1)",27,"(23.1, 31.5)",14.3,"(12.3, 16.5)",24.8,"(21.6, 28.4)",37.8,"(33.5, 42.5)",27.4,"(22.9, 32.4)",69.4,"(60.5, 77.3)",18,"(15.8, 20.4)",40.5,"(33.5, 48.6)",17.4,"(15.3, 19.8)",37.2,"(31.0, 43.6)",4.6,"( 4.2,  5.1)",14,"(11.4, 17.1)",9.9,"( 8.7, 11.2)",6.9,"( 6.2,  7.8)",16.9,"(14.8, 19.4)",17.6,"(15.2, 20.4)",5.6,"( 5.0,  6.3)",10.8,"( 9.5, 12.3)",36.4,"(31.9, 41.6)",33,"(28.0, 38.0)",17.6,"(14.7, 20.7)",18.4,"(15.6, 21.6)",13.6,"(11.6, 15.8)",10.6,"( 9.2, 12.3)",10,"( 8.8, 11.5)",22.8,"(19.3, 26.5)",POINT (-103.5817936 34.4981331)
NM,New Mexico,Curry,35009,35009000602,5196,"3,798",10.2,"( 8.3, 12.2)",21.7,"(18.9, 24.6)",17.1,"(14.0, 20.7)",29.1,"(25.4, 32.9)",68.2,"(64.6, 71.7)",6.4,"( 5.8,  7.1)",10.2,"( 8.9, 11.5)",5.1,"( 4.5,  5.8)",66.9,"(62.3, 71.4)",82.1,"(79.5, 84.5)",61.6,"(56.1, 66.9)",5.3,"( 4.5,  6.1)",12.2,"(10.0, 14.5)",69.2,"(65.5, 72.6)",25.3,"(21.5, 29.3)",9,"( 7.6, 10.4)",17.3,"(14.9, 19.9)",30.7,"(26.9, 34.7)",20.6,"(16.9, 24.7)",71.6,"(63.1, 79.2)",17.1,"(14.9, 19.5)",36.1,"(29.3, 43.5)",12.5,"(10.9, 14.3)",36.6,"(30.4, 42.9)",2.7,"( 2.4,  2.9)",9.5,"( 7.5, 11.9)",6.2,"( 5.5,  7.1)",4.5,"( 4.0,  5.0)",14.6,"(12.6, 16.7)",10.1,"( 8.6, 11.8)",3.2,"( 2.9,  3.6)",7.5,"( 6.5,  8.5)",27.7,"(23.7, 32.0)",34.3,"(29.2, 39.4)",11.2,"( 9.3, 13.6)",14.3,"(12.0, 16.9)",12.4,"(10.5, 14.6)",8.6,"( 7.3, 10.0)",8.3,"( 7.2,  9.6)",23.4,"(19.7, 27.1)",POINT (-103.2524869 34.6980284)
NM,New Mexico,Curry,35009,35009000603,3926,"2,880",19.1,"(16.0, 22.5)",26,"(22.9, 29.2)",14.1,"(11.4, 17.1)",35.4,"(31.3, 39.6)",72.3,"(68.8, 75.6)",6.5,"( 5.9,  7.2)",10.4,"( 9.2, 11.8)",7.5,"( 6.7,  8.3)",67.7,"(63.1, 72.1)",80.9,"(78.2, 83.3)",54.1,"(48.2, 59.7)",7.7,"( 6.7,  8.8)",15.9,"(13.5, 18.6)",59.7,"(55.6, 63.7)",24.3,"(20.7, 28.4)",14,"(12.1, 16.1)",27.3,"(24.0, 30.9)",34.9,"(30.8, 39.2)",31.1,"(26.5, 36.3)",67,"(57.8, 75.1)",18,"(15.9, 20.4)",41,"(33.7, 48.7)",17.1,"(15.2, 19.4)",38.6,"(32.3, 45.1)",4,"( 3.6,  4.4)",18,"(14.6, 21.8)",8.6,"( 7.6,  9.7)",8.1,"( 7.3,  9.0)",18.4,"(16.3, 20.8)",16.7,"(14.6, 19.1)",5.6,"( 5.0,  6.2)",10.7,"( 9.5, 12.0)",37,"(32.6, 41.8)",36.1,"(30.9, 41.2)",20.4,"(17.3, 23.7)",25.2,"(21.5, 28.8)",19.3,"(16.6, 22.0)",12.8,"(11.1, 14.6)",12.6,"(11.0, 14.3)",26.6,"(22.7, 30.7)",POINT (-103.1768988 34.3505028)
NM,New Mexico,Curry,35009,35009000900,1978,"1,516",10.2,"( 8.0, 12.4)",8.7,"( 7.4, 10.3)",23,"(19.0, 27.6)",15.6,"(13.3, 18.3)",42.2,"(38.7, 45.9)",2.1,"( 1.9,  2.4)",9.9,"( 8.6, 11.3)",1.9,"( 1.6,  2.2)",57.8,"(52.5, 63.0)",71.1,"(66.8, 74.9)",63.4,"(57.9, 68.6)",2.4,"( 2.0,  2.8)",9,"( 7.2, 10.9)",67,"(63.1, 70.7)",26.6,"(22.5, 30.8)",3.5,"( 2.9,  4.1)",12.5,"(10.5, 14.8)",18,"(15.4, 21.0)",15.3,"(12.3, 18.9)",73.4,"(65.0, 80.6)",20.5,"(17.8, 23.5)",30.3,"(24.3, 37.2)",8.7,"( 7.5, 10.1)",37.8,"(31.5, 44.3)",1.1,"( 0.9,  1.2)",8.8,"( 6.9, 11.0)",3.3,"( 2.8,  3.8)",3.2,"( 2.8,  3.7)",17.1,"(14.5, 19.9)",4.2,"( 3.5,  5.0)",1.7,"( 1.5,  1.9)",6.7,"( 5.7,  7.8)",24.3,"(20.3, 28.7)",41.5,"(35.6, 47.4)",8.8,"( 7.0, 10.9)",13.6,"(10.9, 16.7)",12.4,"(10.2, 14.8)",7.7,"( 6.4,  9.1)",9.5,"( 7.9, 11.1)",26.8,"(22.4, 31.4)",POINT (-103.3169436 34.3821366)
NM,New Mexico,De Baca,35011,35011960100,1698,"1,360",13.9,"(11.7, 16.5)",32.6,"(28.7, 36.9)",12.4,"(10.0, 15.3)",41.2,"(36.4, 46.2)",79,"(75.6, 82.2)",9.9,"( 8.9, 10.9)",10.2,"( 9.0, 11.6)",9.6,"( 8.6, 10.7)",73,"(68.7, 77.2)",87.1,"(85.3, 88.9)",61.7,"(55.9, 67.5)",8.9,"( 7.8, 10.2)",14.5,"(12.3, 17.1)",60.8,"(56.9, 64.8)",22.9,"(19.3, 27.0)",15.9,"(13.7, 18.3)",26,"(22.7, 29.6)",40.1,"(35.3, 45.3)",28.1,"(23.3, 33.5)",67.9,"(58.7, 76.4)",15.4,"(13.6, 17.5)",33.2,"(25.1, 42.5)",17.7,"(15.6, 20.1)",31.9,"(25.2, 39.1)",4.9,"( 4.4,  5.3)",14.3,"(11.6, 17.5)",10.6,"( 9.4, 11.9)",7.4,"( 6.6,  8.2)",15.3,"(13.5, 17.4)",19.4,"(16.9, 22.3)",5.6,"( 5.0,  6.2)",9.9,"( 8.8, 11.1)",37.7,"(32.9, 43.0)",32.7,"(27.4, 38.3)",14.5,"(12.2, 17.3)",17.9,"(15.2, 20.9)",13.8,"(11.7, 16.0)",9.3,"( 8.0, 10.7)",9.1,"( 8.0, 10.4)",24,"(20.2, 28.1)",POINT (-104.3686961 34.3592729)
NM,New Mexico,DoÃ±a Ana,35013,35013000102,3942,"3,019",23.1,"(18.2, 29.0)",28.6,"(25.7, 31.7)",12.9,"(10.5, 15.4)",38.5,"(34.8, 42.2)",75.6,"(72.7, 78.5)",7,"( 6.3,  7.8)",10.2,"( 9.0, 11.6)",9.1,"( 8.1, 10.2)",71.3,"(67.3, 75.0)",81.1,"(78.1, 83.8)",54.8,"(49.9, 59.4)",8.9,"( 7.5, 10.3)",16,"(13.0, 18.9)",55.6,"(52.2, 59.0)",23.3,"(20.1, 26.8)",17.8,"(15.6, 20.1)",33.4,"(28.8, 38.0)",36.4,"(32.7, 40.3)",34.2,"(29.0, 39.6)",63.9,"(56.0, 71.1)",17.1,"(14.7, 19.5)",39.6,"(34.0, 45.7)",19.5,"(17.0, 22.2)",32.5,"(28.2, 37.0)",5,"( 4.4,  5.6)",22.6,"(19.0, 26.4)",10.6,"( 9.4, 11.9)",11.4,"( 9.9, 13.0)",19.6,"(16.6, 22.6)",22.1,"(19.1, 25.2)",7.5,"( 6.4,  8.6)",13,"(11.2, 15.2)",43.4,"(38.3, 48.4)",34.9,"(30.3, 39.6)",29.2,"(24.3, 34.5)",31.7,"(26.3, 37.2)",22.9,"(19.1, 26.8)",15.9,"(13.4, 18.5)",15.4,"(13.0, 18.0)",25.6,"(21.8, 29.7)",POINT (-106.7692956 32.3346702)
NM,New Mexico,DoÃ±a Ana,35013,35013000103,4309,"3,191",24.3,"(20.6, 27.9)",25.7,"(23.0, 28.6)",13.8,"(11.4, 16.5)",35.4,"(31.9, 39.0)",73.5,"(70.6, 76.5)",6.2,"( 5.6,  6.8)",9.9,"( 8.7, 11.2)",7.7,"( 6.9,  8.5)",69.4,"(65.4, 73.3)",80.2,"(77.7, 82.7)",52.7,"(47.8, 57.3)",7.6,"( 6.7,  8.6)",15.6,"(13.6, 18.0)",55.1,"(51.5, 58.7)",22.9,"(19.8, 26.4)",15.9,"(14.0, 17.9)",31.5,"(28.2, 35.0)",34.7,"(31.1, 38.5)",33.5,"(29.3, 38.1)",69.1,"(61.7, 75.7)",17.3,"(15.3, 19.5)",39,"(33.3, 44.9)",18.4,"(16.5, 20.5)",33,"(28.6, 37.6)",4.2,"( 3.9,  4.6)",16.7,"(13.8, 19.9)",9.2,"( 8.2, 10.3)",10,"( 9.1, 11.1)",19.4,"(17.2, 21.8)",19.4,"(17.2, 21.8)",6.3,"( 5.7,  7.0)",11.7,"(10.4, 13.2)",41.3,"(37.1, 45.7)",36.2,"(31.6, 40.9)",26.9,"(23.5, 30.2)",31.3,"(27.5, 35.1)",23.2,"(20.4, 26.2)",14.9,"(13.0, 17.0)",14.7,"(12.9, 16.5)",27.2,"(23.4, 31.1)",POINT (-106.7929509 32.3416958)
NM,New Mexico,DoÃ±a Ana,35013,35013000104,5359,"4,072",17.3,"(14.1, 20.9)",27.9,"(25.1, 31.0)",13.5,"(11.1, 16.2)",36.9,"(33.4, 40.7)",76.4,"(73.4, 79.4)",7.9,"( 7.1,  8.7)",9.6,"( 8.5, 10.9)",7.9,"( 7.1,  8.9)",72.9,"(69.1, 76.4)",85.1,"(82.9, 87.1)",60.3,"(55.7, 64.7)",7,"( 6.0,  8.2)",12.5,"(10.5, 14.8)",64.5,"(61.2, 67.8)",21.9,"(18.9, 25.3)",15.4,"(13.5, 17.6)",25.9,"(22.7, 29.7)",36.3,"(32.5, 40.3)",27.5,"(23.5, 32.0)",71.1,"(64.0, 77.3)",14.9,"(13.1, 16.8)",36.9,"(31.5, 42.7)",16.5,"(14.6, 18.7)",30.9,"(26.6, 35.2)",4.2,"( 3.7,  4.6)",10.5,"( 8.5, 12.6)",9.3,"( 8.2, 10.5)",7.9,"( 7.0,  8.9)",15.3,"(13.4, 17.6)",17.6,"(15.3, 20.3)",5.4,"( 4.7,  6.1)",9.6,"( 8.4, 11.0)",36.7,"(32.6, 41.2)",32.3,"(27.9, 36.9)",18.4,"(15.1, 22.1)",21.8,"(18.3, 25.7)",17.1,"(14.4, 20.0)",11.4,"( 9.7, 13.4)",10.8,"( 9.2, 12.5)",23.4,"(19.9, 27.2)",POINT (-106.7812052 32.3514243)
NM,New Mexico,DoÃ±a Ana,35013,35013000203,2644,"1,961",19.1,"(16.1, 22.4)",27.2,"(24.3, 30.1)",13.6,"(11.2, 16.3)",36.3,"(32.6, 39.8)",74.7,"(71.5, 77.7)",6.9,"( 6.2,  7.7)",10,"( 8.8, 11.3)",7.6,"( 6.8,  8.5)",71.5,"(67.6, 75.2)",83.1,"(80.8, 85.3)",56.1,"(51.2, 60.8)",7.4,"( 6.4,  8.4)",14.6,"(12.3, 17.0)",55.9,"(52.4, 59.5)",23,"(19.6, 26.3)",15.6,"(13.6, 17.6)",28.4,"(25.0, 31.9)",35.4,"(31.7, 39.2)",30.1,"(25.7, 34.5)",65.7,"(58.1, 72.8)",16.4,"(14.2, 18.4)",38.4,"(32.7, 44.0)",17.5,"(15.4, 19.6)",33.2,"(28.8, 37.7)",4.2,"( 3.8,  4.6)",15.2,"(12.5, 18.2)",9,"( 7.9, 10.0)",8.8,"( 7.8,  9.8)",17.2,"(14.9, 19.5)",18.5,"(16.1, 20.9)",5.9,"( 5.2,  6.6)",10.7,"( 9.4, 12.0)",38.5,"(34.1, 42.8)",33.9,"(29.6, 38.5)",23,"(19.6, 26.6)",26.1,"(22.6, 29.8)",19.9,"(17.2, 22.8)",13.5,"(11.7, 15.4)",12.6,"(10.9, 14.4)",25,"(21.6, 28.8)",POINT (-106.8061013 32.3299511)
NM,New Mexico,DoÃ±a Ana,35013,35013000204,4665,"3,313",19.2,"(15.1, 23.6)",18.5,"(16.2, 20.8)",16.9,"(14.0, 20.0)",26.8,"(23.8, 30.0)",67.3,"(63.8, 70.6)",4.7,"( 4.2,  5.2)",9,"( 7.9, 10.2)",4.5,"( 4.0,  5.1)",67.2,"(62.9, 71.3)",81.9,"(78.7, 84.6)",53.8,"(49.1, 58.4)",3.9,"( 3.4,  4.5)",10.7,"( 8.8, 12.8)",61.7,"(58.2, 65.0)",21.4,"(18.4, 24.7)",10.6,"( 9.1, 12.2)",21.6,"(18.5, 25.0)",29.4,"(26.1, 32.8)",24.2,"(20.3, 28.5)",68,"(60.4, 74.7)",15.6,"(13.6, 17.7)",34.8,"(29.6, 40.4)",13.3,"(11.7, 15.3)",32.4,"(28.0, 36.9)",2.5,"( 2.2,  2.7)",9.9,"( 8.0, 12.0)",5.9,"( 5.2,  6.6)",6.1,"( 5.3,  6.9)",15.3,"(13.1, 17.8)",11.5,"( 9.8, 13.5)",3.6,"( 3.2,  4.2)",7.6,"( 6.5,  8.8)",30.8,"(26.8, 35.3)",35.3,"(30.7, 40.2)",15.2,"(12.1, 18.5)",21.2,"(17.2, 25.6)",18.4,"(15.3, 21.6)",10.7,"( 9.0, 12.5)",10.5,"( 8.8, 12.3)",25.9,"(22.1, 30.0)",POINT (-106.8206533 32.3193469)
NM,New Mexico,DoÃ±a Ana,35013,35013000205,2877,"2,384",15.7,"(12.9, 19.0)",27.8,"(24.9, 30.8)",15,"(12.5, 17.9)",36.4,"(32.9, 40.1)",75.4,"(72.5, 78.3)",8.4,"( 7.5,  9.3)",9.6,"( 8.4, 10.9)",8,"( 7.0,  9.2)",71.4,"(67.6, 75.1)",83,"(80.4, 85.4)",60.9,"(56.1, 65.3)",7.5,"( 6.1,  8.9)",13.6,"(11.0, 16.2)",62.3,"(58.8, 65.6)",22.5,"(19.3, 25.9)",13.9,"(12.0, 15.9)",24.8,"(21.2, 28.4)",35.7,"(32.1, 39.4)",26.1,"(21.8, 30.4)",69,"(61.9, 75.7)",15.5,"(13.6, 17.7)",34.7,"(29.4, 40.3)",16.1,"(13.9, 18.2)",30.8,"(26.5, 35.1)",4.2,"( 3.7,  4.8)",14.3,"(11.7, 17.0)",9.6,"( 8.5, 11.0)",7.2,"( 6.2,  8.2)",15.9,"(13.6, 18.4)",17,"(14.4, 19.7)",5,"( 4.3,  5.7)",9.7,"( 8.3, 11.2)",37.1,"(32.4, 41.7)",33.6,"(29.2, 38.3)",16.4,"(13.8, 19.6)",19.6,"(16.5, 22.9)",14.9,"(12.7, 17.3)",9.9,"( 8.6, 11.5)",10.1,"( 8.6, 11.7)",24.4,"(20.9, 28.1)",POINT (-106.8008721 32.2941592)
NM,New Mexico,DoÃ±a Ana,35013,35013000206,2733,"1,999",20.7,"(16.1, 25.7)",22.5,"(19.9, 25.2)",15.3,"(12.6, 18.3)",31.5,"(28.2, 35.1)",71.7,"(68.2, 74.8)",5.7,"( 5.1,  6.4)",9.4,"( 8.2, 10.7)",6.1,"( 5.4,  6.8)",68.9,"(64.7, 73.0)",82.1,"(79.0, 84.7)",53.7,"(48.8, 58.6)",5.4,"( 4.6,  6.3)",12.3,"(10.2, 14.6)",56.3,"(52.7, 59.7)",21.5,"(18.5, 25.1)",13.2,"(11.4, 15.1)",25.4,"(21.8, 29.1)",32.8,"(29.4, 36.5)",27.7,"(23.5, 32.3)",67.7,"(60.3, 74.4)",15.9,"(13.9, 18.2)",36.2,"(30.7, 42.1)",15.5,"(13.6, 17.7)",33.3,"(28.8, 37.9)",3.3,"( 2.9,  3.7)",14.1,"(11.5, 17.0)",7.5,"( 6.6,  8.5)",7.5,"( 6.5,  8.5)",16.6,"(14.2, 19.2)",15.1,"(12.9, 17.3)",4.7,"( 4.1,  5.4)",9.1,"( 7.7, 10.4)",35.4,"(31.0, 40.2)",35.6,"(30.8, 40.4)",18,"(14.4, 22.1)",24.1,"(19.4, 28.9)",19.6,"(16.3, 23.2)",11.7,"( 9.8, 13.7)",11.6,"( 9.6, 13.8)",26.7,"(22.6, 30.9)",POINT (-106.7913895 32.2987606)
NM,New Mexico,DoÃ±a Ana,35013,35013000300,3535,"2,787",19.8,"(15.9, 23.9)",27.5,"(24.6, 30.5)",13.6,"(11.2, 16.3)",37,"(33.3, 40.7)",74.8,"(71.9, 77.7)",6.9,"( 6.2,  7.6)",10.2,"( 9.0, 11.6)",8.2,"( 7.3,  9.3)",71.2,"(67.5, 75.1)",81.6,"(78.9, 84.1)",55.2,"(50.3, 59.9)",8.1,"( 6.9,  9.4)",15.1,"(12.6, 17.8)",55.5,"(51.8, 59.1)",23.8,"(20.5, 27.3)",16.4,"(14.3, 18.5)",30.2,"(26.6, 34.1)",35.5,"(31.8, 39.2)",31.1,"(26.7, 36.0)",67,"(59.3, 74.2)",17,"(14.9, 19.3)",39.3,"(33.6, 45.2)",18.2,"(16.0, 20.5)",34,"(29.5, 38.6)",4.5,"( 4.0,  5.0)",15.1,"(12.6, 17.9)",9.6,"( 8.5, 10.8)",9.9,"( 8.7, 11.1)",18.4,"(15.9, 21.1)",19.7,"(17.1, 22.3)",6.6,"( 5.8,  7.5)",11.8,"(10.2, 13.4)",40.5,"(35.8, 45.2)",34,"(29.6, 38.8)",26.2,"(22.1, 30.7)",28.4,"(24.1, 32.9)",21.1,"(17.9, 24.5)",14.9,"(12.9, 17.4)",14.1,"(12.2, 16.3)",24.5,"(20.9, 28.4)",POINT (-106.7874478 32.3237843)
NM,New Mexico,DoÃ±a Ana,35013,35013000401,2443,"1,959",28.4,"(22.5, 34.7)",29.4,"(26.4, 32.6)",11.8,"( 9.6, 14.2)",41.3,"(37.4, 45.0)",76.6,"(73.7, 79.3)",6.4,"( 5.8,  7.2)",9.9,"( 8.6, 11.3)",10.3,"( 9.0, 11.7)",71.3,"(67.4, 75.0)",80.2,"(77.4, 83.4)",48,"(43.2, 52.7)",9.7,"( 8.0, 11.3)",17.5,"(14.3, 20.9)",44.9,"(41.5, 48.5)",22.1,"(19.0, 25.5)",21.5,"(18.9, 24.2)",39.2,"(33.8, 44.4)",38.3,"(34.5, 42.3)",39.8,"(34.0, 45.4)",62.8,"(54.7, 70.5)",16.9,"(14.6, 19.3)",42.1,"(36.4, 48.0)",21.7,"(18.7, 24.7)",35,"(30.5, 39.7)",5.7,"( 4.9,  6.4)",27.2,"(23.3, 31.4)",11.7,"(10.3, 13.3)",14.6,"(12.4, 16.7)",21,"(17.7, 24.4)",25.8,"(22.0, 29.3)",9.3,"( 7.8, 10.8)",14.5,"(12.2, 17.0)",47,"(41.7, 52.3)",34.8,"(30.0, 39.8)",36.6,"(30.5, 43.0)",38.8,"(32.7, 45.3)",26.7,"(22.4, 31.2)",18.8,"(15.8, 21.9)",18.3,"(15.4, 21.4)",26.6,"(22.6, 30.9)",POINT (-106.7739315 32.3165263)
NM,New Mexico,DoÃ±a Ana,35013,35013000402,5581,"4,203",23.5,"(18.7, 29.5)",25.2,"(22.5, 28.0)",13.7,"(11.2, 16.3)",35.2,"(31.8, 38.8)",73.9,"(70.7, 76.8)",6,"( 5.4,  6.7)",9.7,"( 8.5, 10.9)",7.5,"( 6.6,  8.4)",70.1,"(65.9, 73.9)",81.1,"(78.1, 84.0)",54.9,"(49.9, 59.7)",6.8,"( 5.7,  7.9)",14,"(11.5, 16.4)",51.1,"(47.4, 54.8)",22,"(19.0, 25.4)",16.3,"(14.2, 18.4)",30.9,"(26.6, 35.3)",34.8,"(31.2, 38.5)",32.8,"(27.8, 37.7)",67.6,"(60.1, 74.5)",16.5,"(14.4, 18.6)",38.8,"(33.2, 44.6)",17.9,"(15.6, 20.2)",34.5,"(30.0, 39.1)",4.1,"( 3.7,  4.6)",13.9,"(11.3, 16.7)",9.1,"( 8.0, 10.2)",10.2,"( 8.6, 11.7)",18.5,"(15.6, 21.3)",19.2,"(16.4, 22.0)",6.3,"( 5.3,  7.3)",11.3,"( 9.6, 13.0)",40.4,"(35.6, 45.2)",35.3,"(30.6, 40.0)",25.5,"(20.9, 30.4)",30.2,"(25.2, 35.7)",22.6,"(19.0, 26.6)",14.7,"(12.4, 17.1)",14.4,"(12.2, 16.8)",26.3,"(22.4, 30.6)",POINT (-106.7621822 32.3196154)
NM,New Mexico,DoÃ±a Ana,35013,35013000500,2510,"2,044",21.8,"(17.2, 26.5)",24.6,"(21.9, 27.4)",14.5,"(11.9, 17.5)",34.2,"(30.7, 37.8)",72.5,"(69.1, 75.6)",5.9,"( 5.3,  6.6)",10,"( 8.8, 11.3)",7.2,"( 6.3,  8.1)",69.2,"(65.0, 73.3)",80.5,"(77.3, 83.3)",51.6,"(46.6, 56.5)",7.1,"( 6.0,  8.3)",15,"(12.3, 18.0)",54.1,"(50.4, 57.7)",23.1,"(19.9, 26.6)",15.2,"(13.2, 17.4)",29.6,"(25.2, 34.4)",34.4,"(30.8, 38.0)",30.5,"(25.6, 35.8)",64.8,"(56.9, 71.7)",16.9,"(14.7, 19.3)",38,"(32.3, 43.9)",17.5,"(15.2, 20.1)",33.5,"(29.0, 38.1)",3.9,"( 3.4,  4.4)",17.4,"(14.5, 20.6)",8.4,"( 7.4,  9.5)",9.3,"( 7.9, 10.8)",18.6,"(15.7, 21.7)",17.9,"(15.2, 20.8)",6,"( 5.1,  7.0)",11,"( 9.3, 12.8)",38.9,"(34.0, 44.3)",35.2,"(30.8, 40.0)",24.5,"(20.2, 29.4)",28.5,"(23.9, 33.9)",21.3,"(17.9, 25.2)",13.9,"(11.8, 16.1)",13.8,"(11.7, 16.2)",26.1,"(22.4, 30.1)",POINT (-106.7882804 32.3121434)
NM,New Mexico,DoÃ±a Ana,35013,35013000600,2659,"2,108",22.3,"(18.0, 26.9)",25.7,"(23.0, 28.6)",13.8,"(11.3, 16.5)",36.8,"(33.3, 40.5)",73.8,"(70.8, 76.6)",5.9,"( 5.3,  6.5)",9.7,"( 8.5, 11.0)",8.1,"( 7.3,  9.1)",70.3,"(66.3, 74.1)",80.8,"(78.0, 83.1)",51.2,"(46.3, 56.0)",7.1,"( 6.2,  8.2)",15,"(12.6, 17.5)",45.4,"(41.8, 49.0)",22.3,"(19.1, 25.8)",17.4,"(15.3, 19.6)",31.8,"(27.7, 35.7)",35,"(31.4, 38.8)",33.1,"(28.4, 37.9)",63.7,"(55.9, 70.8)",16.8,"(14.8, 19.0)",40.7,"(35.0, 46.6)",18.4,"(16.1, 20.6)",36.4,"(31.6, 41.0)",4.4,"( 4.0,  4.8)",22.9,"(19.3, 26.8)",9.6,"( 8.5, 10.8)",10.7,"( 9.4, 12.0)",18.6,"(16.1, 21.2)",19.8,"(17.3, 22.4)",6.8,"( 6.0,  7.7)",11.7,"(10.1, 13.2)",41.1,"(36.4, 45.6)",34.3,"(29.9, 39.3)",28,"(23.7, 32.5)",31.5,"(27.1, 36.3)",23.5,"(20.2, 27.1)",16.4,"(14.2, 18.9)",15.3,"(13.3, 17.7)",25.7,"(22.1, 30.0)",POINT (-106.7717796 32.3029672)
NM,New Mexico,DoÃ±a Ana,35013,35013000700,6060,"4,450",22.6,"(17.9, 27.6)",23.1,"(20.6, 25.8)",14.6,"(12.0, 17.4)",33.3,"(29.8, 36.8)",70.9,"(67.9, 73.8)",5.2,"( 4.7,  5.8)",10,"( 8.8, 11.3)",6.9,"( 6.1,  7.7)",68.5,"(64.2, 72.4)",78.5,"(75.1, 81.6)",53.1,"(48.5, 57.5)",6.6,"( 5.7,  7.7)",14.9,"(12.3, 17.6)",55.1,"(51.5, 58.7)",23.5,"(20.2, 26.9)",15,"(13.1, 17.0)",30.3,"(26.3, 34.6)",32.4,"(29.0, 35.9)",31.8,"(26.8, 37.1)",66.1,"(58.3, 73.1)",17.9,"(15.6, 20.3)",39.5,"(33.7, 45.2)",17.4,"(15.2, 19.8)",34.3,"(29.8, 38.9)",3.8,"( 3.4,  4.3)",16,"(13.3, 19.1)",8.4,"( 7.4,  9.4)",10,"( 8.7, 11.4)",19.5,"(16.7, 22.6)",17.7,"(15.3, 20.2)",6.1,"( 5.4,  7.0)",11.7,"(10.0, 13.5)",39.9,"(35.0, 45.0)",35.9,"(31.1, 40.8)",28.3,"(23.2, 33.3)",31.8,"(26.6, 37.1)",23.9,"(20.0, 27.8)",16.4,"(13.8, 19.0)",15.8,"(13.2, 18.4)",26.3,"(22.4, 30.4)",POINT (-106.7523207 32.3045265)
NM,New Mexico,DoÃ±a Ana,35013,35013000800,4168,"3,439",19.6,"(15.1, 24.8)",18.4,"(16.4, 20.5)",16.4,"(13.6, 19.7)",27.7,"(24.7, 30.8)",63.4,"(60.6, 66.2)",4.2,"( 3.7,  4.6)",10.6,"( 9.3, 12.0)",5.5,"( 4.9,  6.1)",65.4,"(61.0, 69.9)",71.9,"(68.0, 75.9)",49.4,"(44.5, 54.2)",6.1,"( 5.3,  6.9)",14.3,"(11.9, 16.8)",50.3,"(46.6, 54.1)",26.7,"(23.0, 30.4)",11.1,"( 9.7, 12.6)",27.6,"(23.8, 31.7)",27.2,"(24.2, 30.3)",28.3,"(23.6, 33.0)",62,"(54.3, 69.5)",20.8,"(18.0, 23.5)",37.2,"(31.7, 43.0)",15.7,"(13.7, 17.8)",34.8,"(30.2, 39.5)",3.1,"( 2.8,  3.4)",21.5,"(18.0, 25.3)",7.2,"( 6.4,  8.1)",9.2,"( 8.0, 10.6)",21.9,"(18.4, 25.2)",14,"(12.3, 15.9)",5.3,"( 4.7,  6.0)",12.6,"(10.7, 14.6)",39.5,"(34.3, 44.4)",38.4,"(33.9, 43.5)",29.8,"(24.8, 35.6)",32.2,"(26.8, 38.0)",23.5,"(19.8, 27.5)",17.2,"(14.7, 19.9)",17.8,"(15.1, 20.9)",25.8,"(22.2, 30.0)",POINT (-106.7475895 32.2924415)
NM,New Mexico,DoÃ±a Ana,35013,35013000901,2593,"1,996",27.8,"(23.1, 32.8)",29.4,"(26.5, 32.5)",12.2,"(10.0, 14.7)",41.2,"(37.6, 44.9)",75,"(72.2, 77.6)",6.2,"( 5.6,  6.9)",10.8,"( 9.5, 12.2)",10.6,"( 9.5, 11.8)",70.1,"(66.0, 74.0)",76.5,"(73.5, 79.7)",48.2,"(43.3, 53.1)",11.3,"( 9.9, 12.8)",20.6,"(17.7, 23.7)",45,"(41.7, 48.5)",24.8,"(21.5, 28.5)",21,"(18.6, 23.6)",41.1,"(36.8, 45.4)",37,"(33.3, 40.9)",41,"(36.1, 46.2)",57.3,"(49.1, 65.0)",19.4,"(17.2, 21.9)",43.7,"(37.9, 49.8)",22.7,"(20.2, 25.4)",34.9,"(30.4, 39.5)",6,"( 5.4,  6.6)",30.4,"(25.9, 34.9)",12,"(10.7, 13.4)",15.8,"(14.1, 17.6)",23.9,"(20.9, 26.9)",26.5,"(23.6, 29.4)",10.3,"( 9.1, 11.4)",17,"(15.1, 19.1)",49.6,"(44.9, 54.5)",36.3,"(31.8, 41.1)",44.7,"(39.8, 49.6)",43.8,"(38.8, 48.6)",29.6,"(25.9, 33.3)",22.7,"(20.0, 25.5)",21.8,"(19.1, 24.6)",27.1,"(23.4, 31.1)",POINT (-106.7689789 32.293138)
NM,New Mexico,DoÃ±a Ana,35013,35013000902,4312,"3,595",17.8,"(14.5, 21.9)",17,"(15.1, 19.1)",16.6,"(13.7, 19.8)",26.8,"(23.8, 29.8)",62.7,"(59.7, 65.6)",3.9,"( 3.6,  4.4)",9.7,"( 8.5, 11.0)",4.9,"( 4.3,  5.4)",65.4,"(61.0, 69.7)",73.5,"(69.9, 77.0)",53.9,"(49.0, 58.5)",5.1,"( 4.4,  5.8)",12.8,"(10.7, 15.1)",56.4,"(52.9, 59.9)",24.4,"(21.0, 27.9)",10.4,"( 9.1, 11.8)",24.8,"(21.6, 28.5)",26.9,"(23.9, 29.9)",26.1,"(22.0, 30.6)",64.5,"(56.8, 71.7)",18.7,"(16.3, 21.3)",35.8,"(30.4, 41.3)",14.1,"(12.4, 16.0)",33.5,"(29.0, 38.1)",2.7,"( 2.4,  2.9)",15.5,"(12.9, 18.4)",6.4,"( 5.7,  7.2)",8,"( 7.1,  9.2)",19.2,"(16.4, 22.4)",12.2,"(10.6, 13.9)",4.5,"( 4.0,  5.1)",10.6,"( 9.1, 12.3)",35.6,"(31.2, 40.5)",36.9,"(32.3, 41.6)",25.5,"(21.3, 30.1)",28.5,"(24.1, 33.5)",20.9,"(17.6, 24.5)",15.2,"(13.0, 17.5)",15.6,"(13.2, 18.1)",25.1,"(21.5, 29.0)",POINT (-106.7616299 32.2870949)
NM,New Mexico,DoÃ±a Ana,35013,35013001000,3014,"2,831",14.9,"(12.0, 18.0)",6,"( 5.1,  7.1)",20.9,"(17.3, 24.9)",14.4,"(12.2, 16.9)",22.4,"(19.4, 25.9)",0.9,"( 0.8,  1.0)",11.3,"( 9.9, 12.9)",1.6,"( 1.3,  1.8)",58.2,"(53.2, 63.2)",53.7,"(48.7, 58.4)",39.6,"(34.9, 44.6)",3.3,"( 2.7,  3.8)",11.3,"( 9.0, 13.6)",42.7,"(38.8, 46.5)",32.3,"(28.0, 36.7)",2.9,"( 2.5,  3.4)",22.7,"(19.3, 26.0)",13.5,"(11.4, 15.7)",21.8,"(17.7, 26.0)",52.5,"(43.8, 61.1)",27.7,"(24.2, 31.1)",30.3,"(25.3, 35.9)",12.2,"(10.4, 13.9)",36,"(31.3, 40.9)",0.9,"( 0.8,  1.0)",32.7,"(26.7, 39.2)",4.1,"( 3.5,  4.7)",7.6,"( 6.6,  8.6)",28.9,"(24.9, 32.4)",5.5,"( 4.6,  6.4)",2.8,"( 2.4,  3.1)",14.7,"(12.6, 16.6)",40.8,"(35.4, 45.9)",45.2,"(40.1, 50.4)",30.1,"(24.8, 35.7)",33.4,"(27.9, 38.8)",20.9,"(17.5, 24.2)",16.2,"(13.6, 18.8)",22.7,"(19.3, 25.7)",26.7,"(22.8, 31.1)",POINT (-106.7464061 32.2767188)
NM,New Mexico,DoÃ±a Ana,35013,35013001102,2624,"2,149",15,"(12.5, 17.7)",28.2,"(25.2, 31.3)",13.2,"(10.9, 15.9)",36.6,"(33.1, 40.3)",77.9,"(74.9, 80.7)",8.3,"( 7.5,  9.2)",9.4,"( 8.3, 10.7)",7.8,"( 7.0,  8.8)",73.9,"(70.4, 77.4)",86,"(84.1, 87.8)",61.8,"(57.1, 66.3)",6.5,"( 5.6,  7.5)",11.1,"( 9.2, 13.2)",65.5,"(62.4, 68.8)",21.1,"(18.1, 24.4)",14.8,"(12.9, 16.8)",24.2,"(21.2, 27.5)",37,"(33.1, 40.9)",26.2,"(22.4, 30.4)",71.5,"(64.4, 77.7)",14,"(12.2, 15.8)",33.9,"(28.5, 39.4)",15.6,"(13.7, 17.7)",29.1,"(25.0, 33.4)",4.1,"( 3.7,  4.5)",10.6,"( 8.6, 12.7)",9.4,"( 8.3, 10.6)",7.3,"( 6.5,  8.2)",14.3,"(12.5, 16.4)",17.2,"(15.0, 19.5)",4.8,"( 4.3,  5.4)",8.9,"( 7.8, 10.2)",35.8,"(31.7, 40.1)",32.3,"(28.1, 36.9)",14.5,"(12.2, 17.1)",18.3,"(15.6, 21.4)",13.9,"(11.9, 16.1)",8.9,"( 7.6, 10.2)",9.1,"( 8.0, 10.5)",23,"(19.8, 26.5)",POINT (-106.8049632 32.2744293)
NM,New Mexico,DoÃ±a Ana,35013,35013001103,3912,"3,156",14.6,"(12.0, 17.2)",28.1,"(25.1, 31.2)",13.6,"(11.2, 16.3)",37,"(33.3, 40.8)",77.4,"(74.3, 80.3)",8.2,"( 7.4,  9.0)",9.4,"( 8.2, 10.6)",7.8,"( 6.9,  8.7)",73.9,"(70.2, 77.4)",86.4,"(84.4, 88.2)",61.5,"(56.8, 66.1)",6.4,"( 5.6,  7.2)",11,"( 9.3, 13.0)",64.3,"(60.9, 67.6)",21.3,"(18.3, 24.7)",15.1,"(13.2, 17.3)",23.6,"(20.7, 26.7)",36.9,"(33.1, 40.8)",25.2,"(21.5, 29.4)",68.3,"(61.0, 74.8)",14,"(12.3, 15.9)",35.7,"(30.2, 41.5)",15.5,"(13.7, 17.4)",30.7,"(26.5, 35.2)",4,"( 3.6,  4.3)",10.1,"( 8.2, 12.2)",9.1,"( 8.1, 10.2)",7,"( 6.3,  7.8)",13.9,"(12.1, 15.8)",16.5,"(14.4, 18.6)",4.8,"( 4.3,  5.4)",8.6,"( 7.5,  9.7)",34.7,"(30.7, 39.0)",31.1,"(27.1, 35.7)",14.8,"(12.4, 17.6)",18.2,"(15.5, 21.3)",14.5,"(12.4, 16.8)",9.8,"( 8.4, 11.3)",9.3,"( 8.1, 10.7)",22.1,"(19.0, 25.5)",POINT (-106.7748217 32.2442326)
NM,New Mexico,DoÃ±a Ana,35013,35013001105,2736,"2,073",25,"(20.7, 30.0)",21.1,"(18.7, 23.5)",14.6,"(12.0, 17.5)",31.1,"(27.9, 34.4)",69.4,"(66.4, 72.2)",4.4,"( 4.0,  4.9)",9.9,"( 8.7, 11.3)",6.4,"( 5.7,  7.1)",67,"(62.7, 71.2)",75.4,"(72.0, 78.8)",48.9,"(44.1, 53.5)",6.3,"( 5.5,  7.2)",14.7,"(12.5, 17.3)",50.3,"(46.7, 53.9)",23.8,"(20.5, 27.4)",14.5,"(12.8, 16.3)",31.4,"(27.5, 35.5)",31.3,"(28.0, 34.7)",33.2,"(28.5, 38.2)",62.7,"(54.7, 70.0)",18.8,"(16.5, 21.4)",38.5,"(32.9, 44.5)",17.4,"(15.3, 19.8)",34.4,"(29.9, 38.9)",3.6,"( 3.3,  3.9)",19.2,"(16.0, 22.8)",8,"( 7.1,  8.9)",10.6,"( 9.4, 11.9)",21.2,"(18.2, 24.3)",17.3,"(15.1, 19.5)",6.1,"( 5.5,  6.8)",12.3,"(10.6, 14.1)",41.1,"(36.3, 46.2)",37.9,"(33.0, 42.8)",30.5,"(26.0, 35.2)",35.1,"(30.2, 40.2)",25.4,"(21.8, 29.0)",16.7,"(14.5, 19.1)",17.2,"(14.8, 19.8)",27.4,"(23.6, 31.5)",POINT (-106.7568756 32.270762)
NM,New Mexico,DoÃ±a Ana,35013,35013001106,2701,"2,000",14.8,"(12.1, 17.9)",21.7,"(19.3, 24.3)",15.7,"(13.0, 18.8)",29.9,"(26.6, 33.2)",72.5,"(69.2, 75.5)",6.3,"( 5.7,  6.9)",9,"( 7.9, 10.3)",5.6,"( 5.0,  6.2)",70.6,"(66.6, 74.5)",84.2,"(81.9, 86.5)",58,"(53.4, 62.4)",4.5,"( 3.8,  5.1)",9.3,"( 7.8, 10.9)",63.2,"(60.0, 66.5)",21.3,"(18.2, 24.5)",11.7,"(10.2, 13.3)",20.3,"(17.7, 23.1)",32.2,"(28.7, 35.8)",22,"(18.7, 25.6)",69.8,"(62.6, 76.3)",14.2,"(12.5, 16.1)",33.5,"(28.3, 39.0)",13.1,"(11.6, 14.8)",30.5,"(26.3, 34.8)",2.9,"( 2.6,  3.2)",9.9,"( 8.1, 11.8)",6.9,"( 6.1,  7.7)",5.8,"( 5.2,  6.5)",13.6,"(11.9, 15.5)",12.4,"(10.7, 14.1)",3.7,"( 3.3,  4.2)",7.3,"( 6.4,  8.3)",30.4,"(26.8, 34.3)",32.6,"(28.1, 37.1)",12.6,"(10.3, 15.0)",17.1,"(14.2, 20.1)",14.5,"(12.2, 16.9)",9.1,"( 7.7, 10.5)",9,"( 7.7, 10.4)",22.5,"(19.1, 25.9)",POINT (-106.7276666 32.2379565)
NM,New Mexico,DoÃ±a Ana,35013,35013001203,4491,"3,566",15.3,"(11.8, 19.5)",21.8,"(19.4, 24.3)",15.7,"(13.0, 18.7)",29.9,"(26.7, 33.3)",71.3,"(68.6, 73.9)",6.3,"( 5.7,  7.0)",9.5,"( 8.3, 10.8)",5.9,"( 5.2,  6.6)",69.5,"(65.7, 73.3)",81,"(77.9, 83.5)",58.6,"(54.1, 63.1)",5.3,"( 4.4,  6.3)",10.6,"( 8.5, 12.8)",63,"(59.7, 66.4)",23,"(19.6, 26.5)",11.2,"( 9.7, 12.8)",21.5,"(18.3, 25.2)",30.7,"(27.3, 34.2)",23.4,"(19.5, 27.8)",65.7,"(58.1, 72.8)",15.9,"(13.7, 18.2)",33.9,"(28.5, 39.6)",13.6,"(11.8, 15.6)",30.7,"(26.4, 35.0)",3.1,"( 2.7,  3.5)",11.3,"( 9.2, 13.6)",7.3,"( 6.4,  8.3)",6.5,"( 5.6,  7.5)",15.4,"(13.1, 18.1)",13,"(11.2, 15.1)",4,"( 3.5,  4.6)",8.7,"( 7.4, 10.2)",32.9,"(28.7, 37.6)",34,"(29.5, 38.7)",16.5,"(12.9, 20.3)",20.1,"(15.9, 24.4)",15.9,"(12.7, 18.9)",10.7,"( 8.8, 12.6)",10.8,"( 8.9, 12.9)",22.8,"(19.2, 26.5)",POINT (-106.7370968 32.3103166)
NM,New Mexico,DoÃ±a Ana,35013,35013001204,4219,"3,574",6.7,"( 5.2,  8.6)",30.4,"(27.0, 34.0)",13.1,"(10.9, 15.7)",36.7,"(32.9, 40.8)",80.3,"(77.1, 83.3)",12,"(10.8, 13.2)",8.9,"( 7.8, 10.1)",7,"( 6.0,  8.1)",78.6,"(75.3, 81.7)",92,"(90.8, 93.2)",72.8,"(68.9, 76.3)",5.1,"( 3.9,  6.6)",7,"( 5.3,  9.2)",78.8,"(76.3, 81.2)",19.5,"(16.6, 22.6)",11.4,"( 9.7, 13.4)",14.6,"(12.0, 17.8)",39.4,"(35.5, 43.6)",15.9,"(12.8, 19.8)",75.9,"(69.4, 81.4)",10.4,"( 8.9, 12.1)",28.3,"(23.6, 33.4)",11.7,"(10.0, 13.9)",24.8,"(21.1, 28.7)",3.3,"( 2.9,  3.9)",2.8,"( 2.2,  3.5)",8.2,"( 7.1,  9.5)",3.6,"( 3.1,  4.4)",8.8,"( 7.3, 10.6)",11.7,"( 9.5, 14.3)",2.8,"( 2.3,  3.4)",5.3,"( 4.4,  6.5)",26.5,"(22.5, 31.1)",27.4,"(23.3, 31.6)",4.8,"( 3.5,  6.4)",6.9,"( 5.3,  8.7)",6.1,"( 4.9,  7.4)",4,"( 3.3,  4.8)",4.2,"( 3.4,  4.9)",18.2,"(15.1, 21.4)",POINT (-106.6505898 32.2681837)
NM,New Mexico,DoÃ±a Ana,35013,35013001205,4368,"3,713",9.5,"( 7.3, 12.1)",27.9,"(25.0, 31.1)",13.7,"(11.3, 16.4)",34.6,"(31.2, 38.4)",79.1,"(76.2, 81.7)",10.5,"( 9.4, 11.5)",8.9,"( 7.9, 10.2)",7,"( 6.0,  8.1)",75.7,"(72.3, 78.9)",88.3,"(86.4, 90.0)",68,"(63.8, 71.9)",5.1,"( 4.1,  6.3)",7.3,"( 5.8,  9.0)",75.1,"(72.3, 77.8)",20.1,"(17.2, 23.3)",11.3,"( 9.7, 13.2)",16.7,"(14.0, 19.8)",35.9,"(32.2, 39.8)",19,"(15.4, 22.8)",74.5,"(67.7, 80.3)",12.1,"(10.4, 14.0)",28.6,"(24.0, 33.9)",12.3,"(10.6, 14.3)",26.2,"(22.4, 30.3)",3.5,"( 3.0,  4.0)",5.2,"( 4.2,  6.4)",8.9,"( 7.6, 10.1)",4.7,"( 4.0,  5.5)",10.9,"( 9.3, 12.8)",13.1,"(10.9, 15.6)",3.2,"( 2.7,  3.7)",6.7,"( 5.6,  8.0)",30.3,"(26.1, 34.6)",30.6,"(26.3, 35.1)",7.2,"( 5.5,  9.1)",10.2,"( 7.9, 12.5)",8.6,"( 6.9, 10.4)",5.5,"( 4.6,  6.5)",6,"( 4.9,  7.0)",20.1,"(16.9, 23.5)",POINT (-106.7237062 32.3062946)
NM,New Mexico,DoÃ±a Ana,35013,35013001206,3447,"2,859",9.9,"( 7.6, 12.8)",22.9,"(20.2, 25.6)",15.9,"(13.2, 18.9)",29.1,"(25.9, 32.4)",75,"(72.1, 77.8)",8.4,"( 7.6,  9.2)",9,"( 7.9, 10.2)",5.4,"( 4.6,  6.2)",72.5,"(68.8, 76.2)",86.5,"(84.1, 88.6)",69.6,"(65.4, 73.5)",4,"( 3.2,  5.1)",7.1,"( 5.5,  8.7)",76.7,"(74.1, 79.2)",20.9,"(17.9, 24.2)",9.2,"( 7.8, 10.7)",15,"(12.5, 17.6)",32,"(28.5, 35.6)",17.2,"(14.0, 20.7)",74.2,"(67.8, 80.1)",12.9,"(11.1, 14.8)",27.7,"(23.1, 32.8)",11,"( 9.4, 12.6)",26.6,"(22.8, 30.6)",2.7,"( 2.4,  3.2)",4.3,"( 3.4,  5.3)",7,"( 6.0,  8.0)",4,"( 3.5,  4.7)",11.2,"( 9.4, 13.3)",10.5,"( 8.7, 12.6)",2.6,"( 2.2,  3.1)",6.1,"( 5.1,  7.3)",27.2,"(23.3, 31.2)",32.2,"(27.9, 36.8)",6.8,"( 5.2,  8.8)",10.1,"( 7.9, 12.6)",9,"( 7.3, 11.0)",5.4,"( 4.5,  6.5)",6,"( 4.9,  7.1)",21,"(17.9, 24.4)",POINT (-106.7522674 32.3352302)
NM,New Mexico,DoÃ±a Ana,35013,35013001207,3698,"2,803",18.2,"(15.1, 21.7)",24.9,"(22.1, 27.8)",14.6,"(12.1, 17.5)",34.2,"(30.7, 37.8)",74,"(70.7, 76.9)",6.6,"( 6.0,  7.3)",9.5,"( 8.3, 10.8)",6.8,"( 6.1,  7.6)",70.8,"(66.9, 74.5)",83.6,"(81.3, 85.6)",62.8,"(58.3, 67.0)",6.2,"( 5.4,  7.0)",12.8,"(10.8, 14.9)",68.2,"(64.9, 71.2)",21.8,"(18.7, 25.2)",14.2,"(12.5, 16.2)",25.4,"(22.3, 28.7)",34.7,"(30.9, 38.5)",27.2,"(23.1, 31.4)",74,"(67.4, 79.9)",15.4,"(13.4, 17.4)",36.6,"(31.0, 42.5)",15.8,"(14.0, 17.8)",30.2,"(26.1, 34.6)",3.6,"( 3.3,  4.0)",7.4,"( 6.0,  9.0)",8.1,"( 7.2,  9.0)",7.5,"( 6.8,  8.3)",15.8,"(13.8, 18.1)",15.9,"(14.0, 18.0)",4.9,"( 4.5,  5.5)",9.1,"( 8.0, 10.3)",35.3,"(31.2, 39.6)",33.6,"(29.2, 38.4)",18,"(15.0, 21.2)",22.5,"(19.1, 26.3)",17.8,"(15.1, 20.7)",11.3,"( 9.7, 13.1)",11,"( 9.4, 12.7)",24.9,"(21.3, 28.8)",POINT (-106.5763162 32.3771603)
NM,New Mexico,DoÃ±a Ana,35013,35013001208,6713,"5,169",8,"( 6.4, 10.1)",23.4,"(20.6, 26.2)",16,"(13.3, 19.1)",29.9,"(26.6, 33.5)",74.5,"(71.0, 77.6)",8.4,"( 7.6,  9.3)",8.9,"( 7.8, 10.1)",5.1,"( 4.4,  5.8)",73.8,"(70.1, 77.3)",89.2,"(87.5, 90.7)",67.4,"(63.1, 71.4)",3.8,"( 3.1,  4.6)",7.1,"( 5.7,  8.8)",77.9,"(75.3, 80.4)",20.5,"(17.4, 23.8)",9.4,"( 8.1, 10.9)",13.5,"(11.6, 15.8)",33.3,"(29.6, 37.1)",15.2,"(12.5, 18.5)",75,"(68.2, 80.8)",12,"(10.4, 13.8)",29.6,"(24.5, 35.0)",10.6,"( 9.2, 12.2)",27.2,"(23.3, 31.3)",2.5,"( 2.2,  2.9)",5.1,"( 4.1,  6.3)",6.2,"( 5.4,  7.0)",3.4,"( 3.0,  3.9)",9.7,"( 8.2, 11.2)",9.3,"( 7.8, 10.9)",2.4,"( 2.1,  2.8)",5.1,"( 4.4,  5.9)",23.9,"(20.5, 27.6)",29.5,"(25.5, 33.9)",5.8,"( 4.5,  7.2)",8.5,"( 6.8, 10.4)",8.5,"( 7.0, 10.3)",5.5,"( 4.6,  6.5)",5.2,"( 4.4,  6.1)",19.9,"(16.9, 23.1)",POINT (-106.7188392 32.3599472)
NM,New Mexico,DoÃ±a Ana,35013,35013001209,2709,"2,245",9.7,"( 7.5, 12.1)",26.4,"(23.6, 29.3)",14.3,"(11.9, 17.1)",33.7,"(30.2, 37.1)",77.5,"(74.3, 80.1)",9.3,"( 8.4, 10.4)",9,"( 7.9, 10.2)",6.6,"( 5.7,  7.5)",74.6,"(71.0, 78.0)",87.4,"(85.5, 89.2)",67.5,"(63.0, 71.6)",5.1,"( 4.1,  6.2)",7.8,"( 6.2,  9.7)",70.7,"(67.6, 73.8)",20.8,"(17.8, 24.1)",11.4,"( 9.8, 13.0)",16.9,"(14.4, 19.6)",34.8,"(31.2, 38.6)",18.8,"(15.4, 22.5)",74.2,"(67.4, 80.1)",12.5,"(10.8, 14.4)",30.7,"(25.8, 36.1)",12.1,"(10.5, 13.9)",28.9,"(24.7, 33.2)",3.3,"( 2.9,  3.7)",7.3,"( 5.8,  8.8)",8,"( 7.0,  9.1)",4.7,"( 4.1,  5.4)",11.1,"( 9.4, 13.0)",12.3,"(10.4, 14.6)",3.2,"( 2.8,  3.7)",6.6,"( 5.6,  7.7)",29,"(25.2, 33.1)",30,"(25.8, 34.4)",8.7,"( 6.8, 10.8)",11.3,"( 9.1, 13.8)",9.6,"( 7.8, 11.5)",6.6,"( 5.5,  7.8)",6.5,"( 5.5,  7.7)",19.4,"(16.4, 22.7)",POINT (-106.7356033 32.3310077)
NM,New Mexico,DoÃ±a Ana,35013,35013001210,3266,"2,722",8.5,"( 6.5, 11.1)",28.5,"(25.3, 31.9)",13.3,"(11.0, 15.9)",35.3,"(31.6, 39.3)",79.5,"(76.3, 82.4)",10.9,"( 9.8, 12.1)",8.7,"( 7.7,  9.9)",6.8,"( 5.9,  7.9)",77,"(73.6, 80.1)",90.5,"(89.0, 91.9)",70.7,"(66.6, 74.6)",4.9,"( 3.9,  6.0)",7.2,"( 5.7,  8.9)",76.2,"(73.4, 78.8)",19,"(16.3, 22.1)",11.2,"( 9.5, 13.1)",15.4,"(13.0, 18.5)",37.3,"(33.5, 41.4)",17.7,"(14.5, 21.6)",78.8,"(72.9, 83.8)",11,"( 9.6, 12.7)",28.2,"(23.5, 33.5)",11.9,"(10.2, 13.8)",26.6,"(22.8, 30.7)",3.3,"( 2.9,  3.9)",5.5,"( 4.4,  6.8)",8.4,"( 7.2,  9.7)",4.1,"( 3.5,  4.8)",9.7,"( 8.2, 11.5)",12.2,"(10.0, 14.6)",2.9,"( 2.4,  3.4)",5.9,"( 4.9,  7.0)",28.1,"(24.1, 32.5)",29.3,"(25.2, 33.8)",5.8,"( 4.5,  7.3)",8.6,"( 6.9, 10.6)",7.6,"( 6.2,  9.2)",4.8,"( 4.0,  5.6)",5,"( 4.2,  5.9)",20,"(17.1, 23.4)",POINT (-106.7453224 32.3521707)
NM,New Mexico,DoÃ±a Ana,35013,35013001308,5842,"4,222",13.3,"(10.8, 16.2)",21.2,"(18.7, 23.8)",16.3,"(13.5, 19.4)",29.2,"(26.0, 32.5)",71.3,"(67.9, 74.6)",6.3,"( 5.7,  7.0)",9,"( 7.9, 10.2)",5,"( 4.5,  5.7)",70.4,"(66.4, 74.2)",85.4,"(83.3, 87.3)",56.8,"(52.1, 61.3)",4.2,"( 3.6,  4.8)",9.3,"( 7.8, 11.1)",66,"(62.7, 69.2)",21.2,"(18.2, 24.5)",10.6,"( 9.3, 12.2)",18.3,"(15.9, 21.0)",31.5,"(28.1, 35.2)",20.3,"(17.1, 24.0)",71.6,"(64.4, 77.8)",13.9,"(12.2, 15.8)",33.3,"(28.2, 38.9)",12.3,"(10.9, 14.0)",31.1,"(26.8, 35.5)",2.6,"( 2.4,  2.9)",11.3,"( 9.2, 13.6)",6.3,"( 5.5,  7.1)",5,"( 4.4,  5.6)",12.6,"(11.0, 14.5)",11,"( 9.5, 12.7)",3.3,"( 2.9,  3.7)",6.6,"( 5.8,  7.5)",28,"(24.5, 31.9)",31.9,"(27.8, 36.5)",11.1,"( 8.9, 13.5)",15.1,"(12.4, 18.1)",13.6,"(11.3, 16.1)",8.5,"( 7.2, 10.0)",8,"( 6.8,  9.4)",22.4,"(19.2, 26.2)",POINT (-106.8027187 32.6482715)
NM,New Mexico,DoÃ±a Ana,35013,35013001309,2360,"1,840",21.9,"(18.7, 25.8)",29.5,"(26.4, 32.6)",13,"(10.7, 15.6)",39.6,"(35.8, 43.4)",76.6,"(73.4, 79.5)",7.3,"( 6.6,  8.1)",10,"( 8.8, 11.3)",9.1,"( 8.1, 10.1)",71.9,"(68.0, 75.5)",83.4,"(81.1, 85.6)",56.7,"(51.8, 61.3)",8.6,"( 7.5,  9.8)",16,"(13.7, 18.5)",56.2,"(52.7, 59.8)",22.4,"(19.3, 25.8)",18.3,"(16.1, 20.6)",32.2,"(28.6, 35.8)",38.1,"(34.2, 42.2)",33.2,"(28.7, 37.8)",66.3,"(58.9, 73.1)",16.2,"(14.3, 18.3)",39.7,"(34.0, 45.7)",19.5,"(17.3, 21.7)",33.1,"(28.7, 37.7)",4.8,"( 4.4,  5.3)",15.7,"(12.8, 18.6)",10.3,"( 9.1, 11.5)",10.1,"( 9.1, 11.2)",18.2,"(16.0, 20.5)",21.4,"(18.9, 24.0)",7,"( 6.2,  7.8)",11.6,"(10.2, 13.0)",41.8,"(37.3, 46.2)",34,"(29.6, 38.7)",24.7,"(21.1, 28.3)",28.6,"(24.5, 32.4)",21,"(18.2, 23.9)",13.9,"(12.1, 15.8)",13.4,"(11.7, 15.2)",26,"(22.4, 29.9)",POINT (-106.8723262 32.4680698)
NM,New Mexico,DoÃ±a Ana,35013,35013001310,6288,"4,652",13,"(10.1, 16.6)",21.2,"(18.7, 23.9)",16.3,"(13.5, 19.5)",28.9,"(25.6, 32.3)",71,"(67.6, 74.2)",6.4,"( 5.7,  7.0)",9.2,"( 8.1, 10.5)",5,"( 4.4,  5.6)",70.5,"(66.5, 74.3)",85.2,"(82.6, 87.5)",60.5,"(55.9, 64.8)",4.3,"( 3.6,  5.1)",9.3,"( 7.5, 11.3)",66.3,"(63.1, 69.5)",21.6,"(18.5, 25.1)",10.4,"( 9.0, 12.1)",18.1,"(15.5, 21.0)",31.3,"(27.8, 35.0)",20,"(16.6, 23.9)",71.8,"(64.8, 78.0)",14.2,"(12.3, 16.3)",33.2,"(27.9, 38.9)",12.3,"(10.7, 14.1)",31.4,"(27.2, 35.8)",2.6,"( 2.3,  2.9)",7.7,"( 6.2,  9.4)",6.2,"( 5.4,  7.0)",4.9,"( 4.3,  5.6)",12.8,"(11.0, 14.9)",10.9,"( 9.2, 12.8)",3.2,"( 2.8,  3.7)",6.7,"( 5.8,  7.8)",28,"(24.2, 32.3)",32.1,"(27.8, 36.8)",11.3,"( 8.6, 14.3)",15.2,"(11.8, 18.8)",13.7,"(11.0, 16.6)",8.7,"( 7.1, 10.4)",8.2,"( 6.8,  9.8)",22.3,"(18.9, 26.2)",POINT (-106.7437402 32.3798068)
NM,New Mexico,DoÃ±a Ana,35013,35013001311,5932,"4,293",15.8,"(12.6, 19.7)",21,"(18.5, 23.5)",16.6,"(13.7, 19.8)",28.3,"(25.0, 31.5)",70,"(66.7, 73.2)",6.1,"( 5.5,  6.7)",9.4,"( 8.2, 10.6)",5,"( 4.4,  5.7)",69.1,"(65.0, 73.0)",83.5,"(81.0, 85.8)",59.3,"(54.8, 63.5)",4.6,"( 3.9,  5.4)",10.2,"( 8.5, 12.2)",63.8,"(60.3, 67.2)",22.3,"(19.1, 25.8)",10.2,"( 8.8, 11.7)",19.6,"(16.7, 22.6)",30.4,"(26.9, 33.9)",21.7,"(18.0, 25.7)",71.3,"(64.2, 77.6)",15.4,"(13.5, 17.6)",33.6,"(28.4, 39.3)",13,"(11.4, 14.8)",32.6,"(28.2, 37.1)",2.7,"( 2.4,  3.0)",10.5,"( 8.6, 12.8)",6.4,"( 5.6,  7.3)",5.3,"( 4.6,  6.1)",14.4,"(12.4, 16.7)",11.5,"( 9.8, 13.3)",3.4,"( 3.0,  3.9)",7.5,"( 6.4,  8.6)",30.2,"(26.2, 34.4)",34.3,"(29.8, 39.2)",12.8,"(10.1, 15.9)",17.5,"(14.2, 21.2)",15.7,"(13.0, 18.6)",9.5,"( 8.0, 11.2)",9.2,"( 7.8, 10.9)",24.3,"(20.7, 28.4)",POINT (-106.7751285 32.3743844)
NM,New Mexico,DoÃ±a Ana,35013,35013001312,1624,"1,231",15.3,"(12.0, 19.2)",22.5,"(19.9, 25.2)",15.9,"(13.2, 19.0)",30.1,"(26.7, 33.6)",71.5,"(68.1, 74.4)",6.3,"( 5.7,  7.0)",9.7,"( 8.5, 11.0)",5.4,"( 4.8,  6.1)",69.8,"(65.9, 73.6)",83,"(80.4, 85.5)",55.2,"(50.5, 59.8)",5.2,"( 4.3,  6.2)",11.3,"( 9.1, 13.7)",54.6,"(51.1, 58.2)",22.8,"(19.5, 26.3)",11.2,"( 9.6, 12.9)",21,"(17.8, 24.3)",31.5,"(28.0, 35.0)",23.1,"(19.1, 27.5)",67.5,"(60.0, 74.2)",15.8,"(13.6, 18.1)",34.3,"(28.8, 39.9)",13.8,"(11.8, 15.7)",33.3,"(28.8, 37.9)",3,"( 2.6,  3.3)",16.3,"(13.6, 19.2)",6.8,"( 5.9,  7.7)",5.9,"( 5.1,  6.7)",15,"(12.7, 17.5)",12.7,"(10.8, 14.8)",3.8,"( 3.3,  4.3)",8.1,"( 6.9,  9.4)",31.8,"(27.4, 36.3)",34.2,"(29.7, 38.9)",14.6,"(11.6, 17.9)",18.7,"(15.2, 22.6)",15.8,"(13.0, 18.9)",10,"( 8.4, 11.9)",9.8,"( 8.2, 11.6)",24.1,"(20.5, 27.9)",POINT (-106.76439 32.357321)
NM,New Mexico,DoÃ±a Ana,35013,35013001313,2463,"1,835",21.7,"(17.3, 26.9)",25.6,"(22.7, 28.6)",14.1,"(11.5, 16.9)",35.1,"(31.5, 38.9)",73.8,"(70.2, 77.0)",6.2,"( 5.5,  6.9)",9.8,"( 8.6, 11.1)",7.3,"( 6.5,  8.3)",70,"(65.8, 73.9)",82.6,"(79.8, 85.0)",52.4,"(47.4, 57.3)",6.8,"( 5.8,  7.9)",14.5,"(12.1, 17.2)",52.3,"(48.8, 55.9)",22,"(18.9, 25.4)",15.7,"(13.6, 18.0)",29.3,"(25.5, 33.5)",35.6,"(31.8, 39.5)",30.6,"(26.1, 35.6)",62.1,"(54.0, 69.6)",16.2,"(14.2, 18.3)",37.7,"(32.1, 43.7)",17.7,"(15.5, 20.1)",34.1,"(29.5, 38.7)",4,"( 3.5,  4.4)",17,"(14.0, 20.2)",8.6,"( 7.6,  9.8)",8.8,"( 7.7, 10.1)",17.7,"(15.2, 20.4)",18.2,"(15.6, 20.9)",5.8,"( 5.0,  6.7)",10.3,"( 8.9, 11.8)",38.6,"(34.3, 43.7)",35.3,"(30.8, 40.2)",21.4,"(17.6, 25.5)",26.8,"(22.3, 31.5)",20.6,"(17.4, 23.9)",12.7,"(10.8, 14.7)",12.7,"(10.7, 14.7)",27.2,"(23.3, 31.3)",POINT (-106.6624255 32.4295276)
NM,New Mexico,DoÃ±a Ana,35013,35013001314,2191,"1,646",24.4,"(19.8, 29.5)",28.5,"(25.4, 31.7)",13.1,"(10.8, 15.8)",39.5,"(35.7, 43.4)",74.7,"(71.4, 77.6)",6.4,"( 5.8,  7.0)",10.3,"( 9.0, 11.7)",9.1,"( 8.1, 10.2)",70.2,"(66.2, 74.0)",80,"(77.2, 82.6)",48.6,"(43.7, 53.5)",9.6,"( 8.3, 11.0)",19.1,"(16.1, 22.5)",52.6,"(49.0, 56.0)",23.6,"(20.2, 27.2)",18.8,"(16.4, 21.2)",35.5,"(31.1, 39.9)",36.9,"(33.1, 40.7)",36.2,"(31.1, 41.8)",65.3,"(57.5, 72.3)",17.9,"(15.6, 20.3)",41.9,"(36.0, 47.9)",20.6,"(18.0, 23.2)",34.2,"(29.7, 38.8)",5,"( 4.5,  5.5)",22.2,"(18.8, 26.0)",10.3,"( 9.1, 11.6)",12,"(10.5, 13.4)",20.6,"(17.7, 23.5)",22.6,"(19.7, 25.7)",8,"( 7.0,  9.1)",13.5,"(11.7, 15.3)",44.2,"(39.1, 49.3)",35,"(30.6, 39.8)",33.9,"(28.9, 38.7)",35.6,"(30.6, 40.4)",25.2,"(21.6, 28.8)",17.9,"(15.5, 20.5)",16.9,"(14.5, 19.3)",26.9,"(23.1, 30.8)",POINT (-106.6786859 32.5239438)
NM,New Mexico,DoÃ±a Ana,35013,35013001315,3972,"2,818",23.3,"(19.2, 27.5)",21.8,"(19.3, 24.5)",15.4,"(12.8, 18.4)",31.1,"(27.7, 34.6)",69.5,"(65.8, 72.9)",5,"( 4.5,  5.6)",9.7,"( 8.5, 11.0)",5.9,"( 5.2,  6.6)",67.4,"(63.1, 71.4)",80.5,"(77.8, 83.3)",47.9,"(43.0, 52.5)",5.8,"( 5.0,  6.6)",14.3,"(12.1, 16.8)",50.9,"(47.2, 54.5)",22.4,"(19.2, 25.8)",13.6,"(11.9, 15.4)",28.1,"(24.6, 31.8)",32.5,"(28.9, 36.1)",29.5,"(25.2, 34.0)",61.2,"(53.1, 68.8)",16.9,"(14.9, 19.0)",37.6,"(32.1, 43.4)",16.6,"(14.7, 18.7)",35,"(30.5, 39.7)",3.3,"( 3.0,  3.6)",16.5,"(13.7, 19.7)",7.1,"( 6.3,  8.0)",8.3,"( 7.3,  9.4)",18.3,"(15.9, 20.8)",15.8,"(13.6, 18.1)",5.3,"( 4.6,  6.0)",9.9,"( 8.7, 11.3)",36.8,"(32.3, 41.3)",36.4,"(31.9, 41.4)",21.8,"(18.2, 25.7)",27.9,"(23.6, 32.4)",22.3,"(19.2, 25.7)",13.4,"(11.6, 15.5)",13.2,"(11.4, 15.3)",27.9,"(24.1, 32.2)",POINT (-106.699247 32.4138827)
NM,New Mexico,DoÃ±a Ana,35013,35013001316,4500,"3,158",21.6,"(16.8, 27.1)",21.9,"(19.4, 24.6)",15.4,"(12.7, 18.4)",31,"(27.7, 34.4)",70.2,"(66.9, 73.4)",5.4,"( 4.8,  5.9)",9.7,"( 8.6, 11.0)",6,"( 5.3,  6.8)",68.2,"(63.9, 72.3)",80.8,"(77.7, 84.0)",54.8,"(49.9, 59.4)",5.8,"( 4.9,  6.6)",13.3,"(10.9, 15.8)",58.7,"(55.2, 62.1)",22.6,"(19.5, 26.1)",13.2,"(11.4, 15.0)",26.7,"(23.0, 30.7)",32.2,"(28.7, 35.8)",27.9,"(23.5, 32.4)",68.9,"(61.6, 75.5)",16.5,"(14.3, 18.7)",37.1,"(31.5, 42.9)",15.9,"(13.8, 18.0)",32.9,"(28.5, 37.4)",3.3,"( 2.9,  3.7)",17.4,"(14.5, 20.6)",7.3,"( 6.4,  8.2)",8,"( 7.0,  9.2)",17.5,"(14.9, 20.3)",15.2,"(13.1, 17.5)",5.1,"( 4.4,  5.8)",9.7,"( 8.3, 11.2)",35.8,"(31.2, 40.4)",35.5,"(30.8, 40.5)",21.3,"(17.0, 25.8)",26.3,"(21.4, 31.3)",21,"(17.3, 24.5)",13.1,"(10.9, 15.4)",12.9,"(10.6, 15.1)",26.2,"(22.3, 30.5)",POINT (-106.7153743 32.393647)
NM,New Mexico,DoÃ±a Ana,35013,35013001317,3735,"2,860",17.2,"(14.3, 20.5)",25.7,"(22.8, 28.5)",14,"(11.5, 16.7)",35.2,"(31.7, 38.8)",75.7,"(72.3, 78.7)",6.9,"( 6.3,  7.7)",9.1,"( 8.0, 10.2)",7,"( 6.2,  7.8)",72.2,"(68.4, 75.9)",85.5,"(83.4, 87.5)",56.6,"(51.9, 61.1)",5.8,"( 5.0,  6.7)",11.6,"( 9.8, 13.8)",59.9,"(56.5, 63.4)",20.6,"(17.7, 23.7)",14.9,"(13.0, 16.9)",24.8,"(21.8, 28.2)",35.9,"(32.1, 39.7)",27.2,"(23.2, 31.7)",70,"(62.7, 76.4)",14.2,"(12.5, 16.0)",36.3,"(30.9, 41.9)",15.6,"(13.7, 17.7)",32,"(27.7, 36.5)",3.7,"( 3.3,  4.1)",12.2,"(10.0, 14.7)",8.3,"( 7.4,  9.3)",7.4,"( 6.6,  8.3)",14.6,"(12.7, 16.6)",16.1,"(14.0, 18.6)",4.8,"( 4.2,  5.4)",8.5,"( 7.5,  9.7)",34.7,"(30.5, 39.0)",32.5,"(28.2, 36.9)",16.1,"(13.4, 19.1)",20.8,"(17.6, 24.2)",16.6,"(14.2, 19.1)",10.3,"( 8.9, 11.9)",9.9,"( 8.5, 11.4)",24.1,"(20.7, 27.8)",POINT (-106.8059207 32.3698014)
NM,New Mexico,DoÃ±a Ana,35013,35013001318,3788,"3,036",13,"(10.7, 15.6)",28.9,"(25.8, 32.3)",13.7,"(11.3, 16.4)",36.9,"(33.2, 40.8)",78,"(74.9, 81.1)",9.1,"( 8.2, 10.0)",9.3,"( 8.2, 10.5)",7.6,"( 6.7,  8.6)",74.6,"(71.0, 78.0)",88,"(86.3, 89.6)",63.6,"(59.0, 68.0)",6.2,"( 5.3,  7.3)",10.7,"( 8.9, 12.7)",69.9,"(66.8, 72.9)",20.8,"(17.8, 24.0)",13.9,"(12.1, 16.0)",21.6,"(18.9, 24.8)",37.4,"(33.6, 41.5)",23.7,"(20.2, 27.9)",72.2,"(65.2, 78.2)",13.4,"(11.7, 15.2)",33.3,"(28.1, 39.2)",14.9,"(13.1, 16.9)",29.1,"(25.0, 33.3)",3.9,"( 3.5,  4.3)",7.7,"( 6.2,  9.3)",9.1,"( 8.0, 10.3)",6,"( 5.3,  6.8)",12.9,"(11.2, 14.8)",15.7,"(13.6, 18.1)",4.2,"( 3.7,  4.8)",7.9,"( 6.8,  9.0)",33.5,"(29.6, 37.8)",31.4,"(27.3, 35.9)",11,"( 9.1, 13.4)",14.8,"(12.5, 17.5)",12.1,"(10.3, 14.2)",7.6,"( 6.5,  8.9)",7.5,"( 6.6,  8.7)",22.7,"(19.6, 26.4)",POINT (-106.8523693 32.3943135)
NM,New Mexico,DoÃ±a Ana,35013,35013001401,2562,"1,782",33.8,"(29.8, 37.9)",26.5,"(23.8, 29.5)",12.7,"(10.5, 15.2)",38.2,"(34.6, 41.9)",73.5,"(70.4, 76.4)",5.2,"( 4.7,  5.8)",10,"( 8.8, 11.4)",9.1,"( 8.3, 10.1)",68.1,"(64.1, 72.0)",77.5,"(74.9, 80.0)",44.4,"(39.5, 49.2)",8.9,"( 7.9,  9.9)",19,"(16.5, 21.6)",38.4,"(34.9, 41.9)",22.6,"(19.5, 26.1)",20.2,"(18.0, 22.5)",41,"(37.1, 44.7)",36.8,"(33.2, 40.7)",41.8,"(37.1, 46.9)",58.3,"(50.1, 66.1)",18.4,"(16.3, 20.7)",42.7,"(36.8, 48.9)",22.2,"(19.9, 24.7)",36.8,"(32.0, 41.6)",5,"( 4.6,  5.4)",28,"(23.8, 32.5)",10.5,"( 9.4, 11.7)",14.4,"(13.2, 15.7)",23.2,"(20.6, 25.9)",24.7,"(22.2, 27.4)",9,"( 8.2,  9.8)",14.6,"(13.1, 16.2)",48,"(43.5, 52.5)",37.9,"(33.3, 42.6)",38.8,"(34.8, 42.8)",43.5,"(39.5, 47.7)",30.9,"(27.7, 34.4)",20,"(17.8, 22.5)",19.9,"(17.8, 22.1)",30.1,"(26.3, 34.1)",POINT (-107.1311976 32.6247654)
NM,New Mexico,DoÃ±a Ana,35013,35013001402,2306,"1,579",33.6,"(28.2, 39.0)",24.4,"(21.8, 27.1)",13,"(10.6, 15.7)",35.7,"(32.3, 39.2)",72.4,"(69.3, 75.2)",4.9,"( 4.4,  5.4)",9.8,"( 8.6, 11.1)",8.4,"( 7.5,  9.3)",67.4,"(63.2, 71.6)",76.6,"(73.5, 79.7)",48.7,"(43.6, 53.5)",7.8,"( 6.8,  8.8)",17.2,"(14.6, 19.9)",47.4,"(43.9, 51.1)",22.5,"(19.4, 25.9)",18.3,"(16.2, 20.5)",38.8,"(34.5, 42.9)",35.2,"(31.6, 38.8)",40.3,"(35.2, 45.4)",64.9,"(57.1, 72.2)",18.3,"(16.2, 20.6)",41.2,"(35.4, 47.1)",20.8,"(18.4, 23.2)",34.8,"(30.2, 39.4)",4.6,"( 4.1,  5.0)",22.2,"(18.6, 26.1)",9.9,"( 8.8, 11.1)",13.6,"(12.2, 15.0)",22.9,"(20.1, 25.9)",22.6,"(19.9, 25.2)",8.1,"( 7.1,  9.0)",14,"(12.3, 15.8)",46.5,"(41.9, 51.3)",38.4,"(33.7, 43.7)",36.6,"(31.5, 41.4)",42,"(36.6, 47.1)",30.1,"(25.9, 34.1)",19,"(16.4, 21.8)",19.3,"(16.7, 22.0)",29.9,"(25.9, 34.5)",POINT (-107.2549533 32.6622338)
NM,New Mexico,DoÃ±a Ana,35013,35013001501,4013,"3,609",8.5,"( 6.8, 10.6)",30.7,"(27.3, 34.0)",14.1,"(11.7, 16.7)",38.2,"(34.2, 42.1)",79.5,"(76.3, 82.2)",11.5,"(10.3, 12.7)",8.9,"( 7.7, 10.0)",8,"( 7.0,  9.1)",76.3,"(72.9, 79.6)",89.2,"(87.6, 90.8)",69.8,"(65.4, 73.8)",6.3,"( 5.2,  7.6)",9.4,"( 7.5, 11.4)",73.4,"(70.5, 76.2)",20,"(17.0, 23.1)",12.4,"(10.6, 14.3)",17.7,"(14.9, 20.6)",39.1,"(35.0, 43.1)",18.9,"(15.4, 22.5)",74.6,"(68.0, 80.4)",11.6,"(10.0, 13.3)",29.8,"(24.7, 35.1)",13.2,"(11.3, 15.1)",26.3,"(22.4, 30.3)",3.8,"( 3.4,  4.3)",6.3,"( 5.1,  7.6)",9.4,"( 8.2, 10.7)",4.5,"( 3.9,  5.2)",10.7,"( 9.1, 12.4)",13.8,"(11.6, 16.3)",3.4,"( 3.0,  4.0)",6.6,"( 5.6,  7.7)",30.4,"(26.2, 34.6)",28.8,"(24.7, 33.1)",7.3,"( 5.9,  9.1)",9.5,"( 7.8, 11.5)",7.6,"( 6.4,  9.0)",5.1,"( 4.4,  6.0)",5.3,"( 4.6,  6.2)",20,"(17.1, 23.4)",POINT (-107.0502871 32.3444876)
NM,New Mexico,DoÃ±a Ana,35013,35013001502,2126,"1,678",14.8,"(12.4, 17.6)",30.3,"(27.1, 33.5)",13.4,"(11.1, 16.1)",38.8,"(35.0, 42.6)",77.8,"(74.8, 80.7)",8.8,"( 7.9,  9.7)",9.9,"( 8.7, 11.2)",8.6,"( 7.7,  9.7)",74,"(70.4, 77.5)",86,"(84.0, 87.9)",61,"(56.3, 65.4)",7.8,"( 6.7,  9.1)",13.1,"(11.0, 15.5)",62.8,"(59.5, 66.1)",22.7,"(19.5, 26.1)",15.8,"(13.7, 18.0)",25.6,"(22.5, 29.2)",37.7,"(33.8, 41.7)",26.7,"(22.7, 31.0)",68.1,"(60.6, 74.6)",15,"(13.1, 17.0)",36.6,"(30.9, 42.2)",16.9,"(14.9, 19.1)",30.4,"(26.1, 34.7)",4.5,"( 4.0,  5.0)",12.2,"(10.1, 14.5)",9.9,"( 8.8, 11.2)",7.6,"( 6.8,  8.6)",15.2,"(13.2, 17.3)",18.3,"(16.0, 20.9)",5.5,"( 4.9,  6.2)",9.8,"( 8.5, 11.1)",37.2,"(32.8, 41.7)",31.7,"(27.5, 36.0)",17.1,"(14.5, 20.0)",19.7,"(17.0, 22.8)",15.2,"(13.1, 17.5)",10.5,"( 9.1, 12.0)",10,"( 8.8, 11.4)",22.7,"(19.5, 25.9)",POINT (-106.8439627 32.3155347)
NM,New Mexico,DoÃ±a Ana,35013,35013001600,2615,"2,025",23.6,"(19.8, 27.5)",27.2,"(24.1, 30.3)",12.6,"(10.3, 15.2)",38.4,"(34.5, 42.1)",76.6,"(73.3, 79.6)",6.5,"( 5.8,  7.2)",9.1,"( 7.9, 10.3)",8.5,"( 7.5,  9.4)",72.2,"(68.3, 75.9)",84.3,"(82.0, 86.4)",53,"(48.1, 57.7)",6.7,"( 5.8,  7.7)",13.2,"(11.1, 15.4)",52.8,"(49.2, 56.5)",20,"(16.9, 23.1)",18.6,"(16.3, 20.9)",31.8,"(28.1, 35.7)",37.6,"(33.6, 41.5)",33.8,"(29.0, 38.5)",65.4,"(57.6, 72.3)",14.7,"(12.8, 16.6)",39,"(33.3, 45.0)",18.5,"(16.3, 20.8)",33.4,"(28.9, 37.9)",4.5,"( 4.1,  5.0)",15.5,"(12.9, 18.4)",10,"( 8.9, 11.2)",10.5,"( 9.3, 11.7)",16.9,"(14.7, 19.2)",20.9,"(18.2, 23.6)",6.6,"( 5.9,  7.5)",10.6,"( 9.3, 12.0)",40.6,"(36.1, 45.1)",33.6,"(29.2, 38.1)",23.1,"(19.7, 26.8)",28.7,"(24.9, 32.6)",21.5,"(18.7, 24.5)",13.5,"(11.7, 15.4)",13.1,"(11.4, 14.9)",26.1,"(22.6, 29.8)",POINT (-106.8058499 32.1479778)
NM,New Mexico,DoÃ±a Ana,35013,35013001701,10245,"7,213",20.3,"(16.5, 24.7)",20.9,"(18.4, 23.4)",15.1,"(12.5, 18.2)",30.7,"(27.3, 34.1)",70,"(66.7, 73.2)",5,"( 4.5,  5.6)",9,"( 7.9, 10.2)",5.6,"( 5.0,  6.2)",69,"(64.9, 73.1)",82.1,"(79.5, 84.8)",53.1,"(48.4, 57.6)",4.8,"( 4.1,  5.5)",11.3,"( 9.4, 13.6)",60.7,"(57.2, 64.1)",21.3,"(18.1, 24.7)",13.3,"(11.6, 15.1)",25.4,"(22.1, 29.0)",31.4,"(27.9, 35.0)",27.5,"(23.3, 32.1)",69.8,"(62.3, 76.3)",15.3,"(13.4, 17.6)",38.3,"(32.5, 44.1)",14.9,"(13.1, 16.9)",32.5,"(28.1, 37.1)",3.1,"( 2.8,  3.4)",11,"( 9.0, 13.2)",7,"( 6.2,  7.9)",7.9,"( 7.0,  8.9)",15.9,"(13.7, 18.3)",14.3,"(12.4, 16.2)",4.8,"( 4.3,  5.4)",8.9,"( 7.7, 10.2)",33.9,"(29.6, 38.2)",33.3,"(28.7, 37.8)",20.9,"(17.1, 24.9)",25.6,"(21.4, 30.1)",21,"(17.7, 24.4)",13.8,"(11.6, 16.0)",12.6,"(10.6, 14.5)",24.1,"(20.4, 27.8)",POINT (-107.036823 31.958772)
NM,New Mexico,DoÃ±a Ana,35013,35013001702,1488,"1,175",21.6,"(17.7, 25.7)",26.7,"(23.8, 29.7)",12.9,"(10.6, 15.5)",36.8,"(33.2, 40.6)",76.7,"(73.4, 79.6)",6.7,"( 6.0,  7.4)",9,"( 8.0, 10.2)",7.7,"( 6.8,  8.7)",72.5,"(68.6, 76.1)",85,"(82.7, 87.0)",56.5,"(51.7, 61.2)",6.2,"( 5.3,  7.2)",11.8,"( 9.9, 14.0)",59.6,"(56.0, 63.1)",19.9,"(17.1, 23.1)",17.2,"(15.0, 19.4)",28.9,"(25.4, 32.7)",37.3,"(33.5, 41.2)",31,"(26.6, 35.8)",67.6,"(60.1, 74.0)",14.2,"(12.5, 16.0)",37.5,"(32.1, 43.4)",17.2,"(15.2, 19.4)",32,"(27.7, 36.4)",4.1,"( 3.7,  4.5)",12.5,"(10.2, 15.0)",9.1,"( 8.1, 10.3)",9.2,"( 8.1, 10.4)",15.7,"(13.7, 18.0)",18.9,"(16.5, 21.6)",5.8,"( 5.1,  6.6)",9.6,"( 8.4, 10.9)",38.1,"(34.0, 42.7)",33.1,"(28.7, 38.0)",19.3,"(16.0, 22.9)",25,"(21.4, 29.0)",19.1,"(16.3, 22.1)",11.7,"(10.0, 13.4)",11.6,"(10.0, 13.3)",25,"(21.5, 29.0)",POINT (-106.7931604 32.0479902)
NM,New Mexico,DoÃ±a Ana,35013,35013001703,2897,"2,304",17.6,"(14.2, 21.5)",24.3,"(21.6, 27.2)",14.3,"(11.8, 17.1)",33.6,"(30.1, 37.4)",75.5,"(72.0, 78.7)",6.9,"( 6.2,  7.6)",8.7,"( 7.6,  9.9)",6.5,"( 5.8,  7.4)",72.2,"(68.3, 75.9)",86.2,"(84.0, 88.3)",57,"(52.3, 61.6)",5,"( 4.2,  5.8)",9.8,"( 8.2, 11.8)",63.9,"(60.5, 67.2)",19.2,"(16.4, 22.3)",14.1,"(12.2, 16.2)",23.1,"(19.9, 26.5)",35.7,"(31.9, 39.6)",25.2,"(21.2, 29.7)",69.1,"(61.8, 75.5)",13.1,"(11.4, 15.0)",34.2,"(28.9, 39.9)",14.6,"(12.7, 16.6)",30.6,"(26.3, 35.0)",3.4,"( 3.0,  3.8)",10.2,"( 8.3, 12.3)",7.9,"( 7.0,  8.9)",6.7,"( 5.9,  7.6)",13.5,"(11.6, 15.6)",14.8,"(12.6, 17.1)",4.3,"( 3.7,  4.9)",7.6,"( 6.5,  8.7)",32.7,"(28.5, 37.2)",32.4,"(28.1, 37.0)",12.6,"(10.2, 15.2)",18.3,"(15.0, 21.8)",15,"(12.6, 17.8)",8.7,"( 7.4, 10.2)",8.9,"( 7.5, 10.4)",24.1,"(20.6, 27.8)",POINT (-106.6939073 31.9348652)
NM,New Mexico,DoÃ±a Ana,35013,35013001705,2805,"2,077",30.2,"(24.2, 36.6)",24.8,"(21.9, 27.8)",12.7,"(10.4, 15.3)",37,"(33.1, 40.8)",73.6,"(70.3, 76.7)",4.7,"( 4.2,  5.3)",9.4,"( 8.1, 10.7)",8.1,"( 7.0,  9.2)",69.2,"(65.1, 73.2)",79.4,"(76.0, 82.7)",50.7,"(45.6, 55.4)",7,"( 5.7,  8.4)",15.8,"(12.6, 19.1)",47.5,"(43.9, 51.2)",21.1,"(17.9, 24.5)",19.9,"(17.3, 22.5)",37.6,"(32.3, 43.2)",36.1,"(32.2, 39.9)",39.1,"(33.2, 45.0)",64.7,"(56.8, 72.0)",16.8,"(14.3, 19.1)",42.5,"(36.4, 48.6)",20.3,"(17.5, 23.3)",35,"(30.4, 39.6)",4.5,"( 3.9,  5.1)",17.4,"(14.6, 20.5)",9.4,"( 8.2, 10.7)",13.5,"(11.4, 15.7)",20.6,"(17.4, 24.2)",22.5,"(18.9, 26.1)",8.2,"( 6.8,  9.7)",12.8,"(10.7, 15.1)",44.1,"(38.5, 49.8)",35.6,"(30.8, 40.9)",35.2,"(28.6, 41.9)",40.1,"(33.6, 47.1)",29,"(24.1, 34.0)",19.1,"(16.0, 22.2)",18.3,"(15.3, 21.7)",27.8,"(23.6, 32.4)",POINT (-106.5591604 31.8018295)
NM,New Mexico,DoÃ±a Ana,35013,35013001706,3223,"2,342",28.8,"(23.0, 35.2)",23.3,"(20.6, 26.1)",13.2,"(10.8, 15.9)",35.2,"(31.7, 38.9)",73.3,"(70.0, 76.3)",4.7,"( 4.2,  5.3)",8.9,"( 7.7, 10.1)",7.4,"( 6.4,  8.4)",69.3,"(65.1, 73.4)",80.4,"(76.9, 83.7)",47.1,"(42.2, 52.0)",5.7,"( 4.6,  6.8)",13.4,"(10.8, 16.4)",44.2,"(40.7, 48.0)",20,"(17.1, 23.3)",18.1,"(15.8, 20.6)",34.2,"(29.3, 39.2)",34.8,"(31.1, 38.5)",37.1,"(31.5, 42.8)",61.8,"(53.3, 69.6)",15.9,"(13.6, 18.2)",40.6,"(34.9, 46.4)",18.6,"(16.0, 21.3)",35.4,"(30.7, 40.1)",4.1,"( 3.5,  4.6)",22.8,"(18.9, 26.7)",9,"( 7.9, 10.2)",12,"(10.1, 13.8)",19,"(15.8, 22.2)",20.3,"(17.2, 23.5)",6.9,"( 5.7,  8.2)",11.4,"( 9.5, 13.4)",41.7,"(36.6, 47.0)",35.5,"(30.7, 40.5)",29.2,"(23.5, 34.9)",35.7,"(29.2, 42.0)",26.5,"(22.0, 30.8)",16.7,"(14.1, 19.4)",16.1,"(13.3, 18.9)",27.5,"(23.3, 31.8)",POINT (-106.5722299 31.7931647)
NM,New Mexico,DoÃ±a Ana,35013,35013001707,5479,"3,810",35.5,"(28.2, 43.4)",24.2,"(21.4, 27.1)",12.6,"(10.3, 15.3)",36.4,"(32.6, 40.1)",71.9,"(68.7, 75.0)",4.2,"( 3.7,  4.7)",9.8,"( 8.5, 11.2)",8.2,"( 7.1,  9.3)",67.6,"(63.4, 71.8)",75.9,"(72.0, 79.8)",43.1,"(38.3, 48.1)",7.5,"( 6.1,  9.1)",17.6,"(14.2, 21.1)",44,"(40.5, 47.7)",22.3,"(18.9, 25.7)",20.4,"(17.9, 23.0)",41.8,"(35.7, 47.9)",35.3,"(31.5, 39.0)",42.9,"(36.3, 49.0)",65.8,"(57.5, 73.0)",18.5,"(15.7, 21.1)",43.9,"(37.7, 49.9)",21.9,"(18.8, 25.1)",35.8,"(31.1, 40.7)",4.6,"( 4.0,  5.3)",23.2,"(19.5, 27.2)",9.6,"( 8.4, 10.9)",15.8,"(13.5, 18.3)",23.8,"(19.6, 27.7)",24.1,"(20.6, 27.9)",9.4,"( 7.9, 11.1)",15,"(12.3, 17.6)",47.8,"(41.4, 53.5)",37.8,"(32.8, 43.1)",43.1,"(35.9, 50.0)",47.7,"(40.5, 54.9)",34.1,"(29.2, 39.6)",22.9,"(19.7, 26.7)",22.4,"(18.7, 26.3)",29.4,"(25.2, 34.1)",POINT (-106.6018838 31.8115027)
NM,New Mexico,DoÃ±a Ana,35013,35013001805,3187,"2,335",36.3,"(29.6, 43.0)",25.2,"(22.3, 28.0)",12.4,"(10.1, 15.0)",37.3,"(33.6, 41.0)",73.3,"(70.0, 76.2)",4.6,"( 4.1,  5.2)",9.6,"( 8.4, 10.9)",8.7,"( 7.5,  9.9)",67.9,"(63.6, 72.0)",76.9,"(73.5, 80.4)",42.9,"(38.0, 47.7)",7.6,"( 6.3,  9.0)",17.2,"(14.1, 20.4)",36.2,"(32.9, 39.8)",21.4,"(18.4, 24.7)",20.6,"(18.0, 23.1)",42,"(36.5, 47.4)",36.4,"(32.7, 40.1)",43.5,"(37.8, 49.2)",60.9,"(52.5, 68.7)",17.8,"(15.6, 20.2)",42.7,"(36.8, 48.7)",22.1,"(19.0, 24.9)",36.8,"(32.1, 41.8)",4.9,"( 4.2,  5.6)",31.5,"(26.6, 36.6)",10.3,"( 9.0, 11.6)",15.5,"(13.2, 17.7)",23.2,"(19.8, 26.9)",25,"(21.4, 28.5)",9.1,"( 7.7, 10.7)",14.6,"(12.3, 17.0)",48.4,"(42.7, 54.0)",38.1,"(33.3, 43.4)",39.9,"(34.2, 46.1)",45.7,"(39.6, 52.2)",32.4,"(28.0, 37.0)",20.6,"(17.8, 23.7)",20.7,"(17.7, 24.1)",30.3,"(26.0, 35.0)",POINT (-106.5906452 32.0054294)
NM,New Mexico,DoÃ±a Ana,35013,35013001807,2294,"1,559",43.5,"(36.1, 51.2)",26.4,"(23.5, 29.5)",11.3,"( 9.1, 13.7)",39.6,"(35.9, 43.4)",71.7,"(68.7, 74.7)",4,"( 3.5,  4.4)",10.9,"( 9.4, 12.5)",10.2,"( 9.0, 11.6)",66.6,"(62.4, 71.1)",70.4,"(66.1, 74.5)",34.9,"(30.3, 39.3)",11,"( 9.2, 13.1)",24,"(19.8, 28.4)",31.2,"(28.3, 34.6)",24.9,"(21.2, 28.8)",24,"(21.4, 26.9)",52.4,"(46.2, 58.8)",36.5,"(32.7, 40.5)",51.9,"(45.6, 58.7)",54.1,"(45.2, 62.7)",21.7,"(18.8, 24.8)",47.8,"(41.6, 54.1)",26.9,"(23.4, 30.5)",38.7,"(34.0, 43.7)",6,"( 5.3,  6.9)",35.8,"(30.7, 41.3)",11.7,"(10.4, 13.3)",23.1,"(19.9, 26.3)",30.3,"(25.7, 35.0)",31,"(27.2, 35.0)",13.9,"(11.8, 16.1)",21.4,"(18.1, 24.9)",56.5,"(50.4, 62.8)",40,"(35.2, 45.3)",62.4,"(55.1, 69.3)",62.7,"(55.6, 69.4)",43.6,"(38.2, 49.4)",32.4,"(28.3, 36.9)",31.8,"(27.4, 36.7)",31.1,"(26.7, 35.8)",POINT (-106.6100698 32.0056269)
NM,New Mexico,DoÃ±a Ana,35013,35013001808,3515,"2,430",34.5,"(27.3, 41.3)",22.7,"(20.0, 25.5)",13.1,"(10.7, 15.8)",34.5,"(30.8, 38.2)",70.1,"(66.6, 73.2)",3.9,"( 3.5,  4.4)",9.9,"( 8.6, 11.4)",7.4,"( 6.4,  8.4)",66.7,"(62.2, 70.9)",75.5,"(71.4, 79.2)",42.7,"(37.8, 47.4)",7.1,"( 5.7,  8.5)",17.7,"(14.1, 21.5)",38.6,"(35.1, 42.3)",22.7,"(19.4, 26.5)",18.6,"(16.2, 21.1)",40.2,"(34.2, 46.2)",33.7,"(30.0, 37.5)",41.4,"(35.2, 48.0)",59.6,"(51.1, 67.2)",18.8,"(16.2, 21.6)",43.3,"(37.3, 49.4)",21.1,"(18.0, 24.4)",37.4,"(32.5, 42.5)",4.2,"( 3.7,  4.8)",22.3,"(18.6, 26.2)",8.8,"( 7.7, 10.1)",14.8,"(12.4, 17.2)",23.6,"(19.6, 27.8)",22.4,"(18.9, 26.3)",8.7,"( 7.2, 10.3)",14.5,"(12.0, 17.2)",46.2,"(40.1, 52.3)",38.3,"(32.8, 43.8)",42.2,"(34.8, 49.3)",46.8,"(39.0, 54.1)",34,"(28.4, 39.3)",22.6,"(19.0, 26.3)",22,"(18.2, 25.8)",29.7,"(24.8, 34.7)",POINT (-106.6066179 32.0178547)
NM,New Mexico,DoÃ±a Ana,35013,35013001809,2143,"1,603",26.3,"(20.6, 32.2)",28.1,"(25.1, 31.2)",12.8,"(10.5, 15.5)",39,"(35.2, 42.8)",75.1,"(71.9, 77.9)",6.2,"( 5.5,  6.9)",10.2,"( 8.9, 11.6)",9.1,"( 8.0, 10.3)",70.4,"(66.3, 74.2)",80.5,"(77.5, 83.4)",50.6,"(45.9, 55.0)",8.9,"( 7.5, 10.3)",17.4,"(14.4, 20.6)",51.8,"(48.3, 55.4)",22.9,"(19.6, 26.4)",19.5,"(17.0, 22.0)",36.5,"(31.6, 41.5)",37.2,"(33.4, 41.3)",36.9,"(31.5, 42.4)",65.4,"(57.4, 72.8)",17.4,"(15.2, 19.8)",41.6,"(35.8, 47.8)",20.9,"(18.2, 23.7)",33.9,"(29.5, 38.6)",5,"( 4.4,  5.6)",18,"(15.0, 21.2)",10.4,"( 9.1, 11.6)",12.6,"(10.8, 14.4)",20.7,"(17.6, 23.9)",23.3,"(19.9, 26.7)",8.4,"( 7.2,  9.6)",13.5,"(11.5, 15.6)",44.7,"(39.5, 50.0)",35.4,"(30.4, 40.3)",32.7,"(27.4, 38.7)",36.2,"(30.5, 42.2)",26.1,"(22.1, 30.4)",17.8,"(15.1, 20.6)",17.1,"(14.5, 20.0)",27.2,"(23.1, 31.5)",POINT (-106.4300593 32.0180745)
NM,New Mexico,DoÃ±a Ana,35013,35013001810,4510,"3,285",24.8,"(19.3, 30.8)",24.9,"(22.1, 27.9)",13.8,"(11.4, 16.5)",35.4,"(31.9, 39.2)",73.2,"(69.9, 76.4)",5.6,"( 5.0,  6.3)",9.7,"( 8.5, 11.0)",7.6,"( 6.7,  8.5)",69.5,"(65.3, 73.4)",80.9,"(77.7, 83.8)",53.8,"(49.1, 58.5)",6.9,"( 5.9,  8.0)",14.8,"(12.2, 17.7)",55.2,"(51.8, 58.7)",22,"(18.9, 25.5)",16.9,"(14.8, 19.2)",32,"(27.5, 36.8)",35,"(31.4, 38.9)",33.2,"(28.2, 38.6)",64.6,"(56.9, 71.9)",16.7,"(14.6, 19.0)",40,"(34.2, 45.9)",18.5,"(16.1, 21.0)",33,"(28.6, 37.4)",4.1,"( 3.7,  4.6)",18.5,"(15.3, 21.8)",8.9,"( 7.8, 10.0)",10.4,"( 8.9, 12.0)",18.9,"(16.2, 22.1)",19.3,"(16.6, 22.3)",6.6,"( 5.7,  7.7)",11.3,"( 9.7, 13.2)",40.6,"(35.7, 45.9)",35.3,"(30.4, 40.6)",26.7,"(21.7, 32.2)",31.8,"(26.5, 37.8)",24.2,"(20.5, 28.5)",15.7,"(13.4, 18.2)",15.1,"(12.8, 17.8)",26.9,"(22.9, 31.5)",POINT (-106.4418269 32.0580897)
NM,New Mexico,DoÃ±a Ana,35013,35013001811,1936,"1,421",25,"(19.3, 31.5)",23.3,"(20.7, 26.0)",14.1,"(11.6, 16.9)",33.8,"(30.4, 37.4)",73.2,"(69.9, 76.1)",5.3,"( 4.7,  5.9)",9.1,"( 7.9, 10.3)",7,"( 6.2,  7.9)",69.4,"(65.1, 73.4)",81.4,"(78.0, 84.4)",51,"(46.2, 55.7)",5.6,"( 4.7,  6.6)",12.3,"( 9.9, 15.2)",53.9,"(50.5, 57.4)",20.4,"(17.5, 23.6)",16.3,"(14.2, 18.5)",30.2,"(25.8, 35.2)",34.6,"(31.0, 38.4)",32,"(26.9, 37.4)",64.4,"(56.7, 71.5)",15.5,"(13.3, 17.7)",38.4,"(32.7, 44.4)",17.2,"(15.0, 19.8)",32.9,"(28.5, 37.6)",3.7,"( 3.3,  4.2)",14.9,"(12.3, 17.8)",8.5,"( 7.5,  9.6)",9.7,"( 8.3, 11.4)",17.6,"(14.7, 21.0)",18,"(15.4, 21.0)",5.9,"( 5.0,  7.0)",10.1,"( 8.4, 11.9)",38.8,"(33.8, 44.4)",35.1,"(30.3, 40.1)",22.5,"(17.2, 28.0)",29.3,"(23.3, 35.8)",22.6,"(18.4, 27.2)",13.8,"(11.3, 16.3)",13.8,"(11.3, 16.7)",26.6,"(22.4, 31.3)",POINT (-106.6357746 32.0339342)
NM,New Mexico,DoÃ±a Ana,35013,35013001812,4107,"2,821",35.4,"(30.8, 40.0)",23.7,"(21.1, 26.6)",12.9,"(10.6, 15.5)",35.7,"(32.2, 39.3)",71.3,"(68.1, 74.4)",4.3,"( 3.9,  4.8)",9.9,"( 8.7, 11.3)",8.1,"( 7.3,  9.1)",66.9,"(62.8, 71.0)",75.9,"(72.9, 78.9)",42.9,"(38.3, 47.6)",7.6,"( 6.7,  8.7)",17.9,"(15.4, 20.6)",42.4,"(39.0, 46.0)",22.4,"(19.3, 25.9)",19.2,"(17.1, 21.6)",40.8,"(37.0, 44.8)",34.8,"(31.3, 38.6)",41.7,"(36.9, 46.5)",62.8,"(54.9, 70.1)",18.5,"(16.3, 20.8)",42.7,"(36.8, 48.6)",21.5,"(19.2, 24.0)",35.6,"(31.0, 40.4)",4.6,"( 4.2,  5.0)",28.1,"(23.8, 32.5)",9.6,"( 8.6, 10.8)",15,"(13.6, 16.4)",23.7,"(21.0, 26.4)",23.3,"(20.8, 26.1)",8.9,"( 8.0,  9.9)",14.7,"(13.0, 16.4)",47.1,"(42.5, 51.7)",38.3,"(33.7, 43.3)",40.7,"(35.9, 45.5)",45.8,"(40.8, 50.7)",33,"(29.2, 37.1)",21.5,"(18.9, 24.4)",21.3,"(18.8, 24.1)",30.1,"(26.1, 34.4)",POINT (-106.5969642 32.0804046)
NM,New Mexico,DoÃ±a Ana,35013,35013001813,2957,"2,090",37.8,"(32.3, 43.7)",24.6,"(21.8, 27.4)",12.6,"(10.3, 15.1)",37.2,"(33.6, 40.8)",71.4,"(68.2, 74.4)",4.1,"( 3.7,  4.6)",10.1,"( 8.9, 11.5)",8.5,"( 7.6,  9.6)",66.7,"(62.5, 70.7)",74.6,"(71.4, 77.8)",45.6,"(40.6, 50.4)",8.4,"( 7.2,  9.7)",20,"(16.8, 23.3)",48.8,"(45.1, 52.6)",22.9,"(19.7, 26.4)",20.9,"(18.4, 23.3)",44.4,"(39.5, 49.2)",35.6,"(32.0, 39.4)",44.8,"(39.3, 50.5)",62.9,"(55.0, 70.7)",19.4,"(17.1, 22.0)",44.9,"(38.9, 51.0)",23.1,"(20.4, 26.0)",35.3,"(30.6, 40.0)",4.9,"( 4.4,  5.4)",21.1,"(17.5, 25.1)",9.9,"( 8.8, 11.2)",16.9,"(14.9, 18.8)",25.4,"(22.1, 29.0)",25.5,"(22.4, 28.6)",10.2,"( 8.9, 11.5)",16.2,"(14.1, 18.3)",49.8,"(44.6, 55.0)",38.5,"(33.7, 43.7)",47.2,"(41.6, 52.7)",51,"(45.4, 56.7)",36.4,"(32.2, 40.8)",24.7,"(21.6, 28.0)",24,"(21.0, 27.1)",30.6,"(26.4, 35.0)",POINT (-106.6572635 32.123521)
NM,New Mexico,DoÃ±a Ana,35013,35013001814,3240,"2,423",28.5,"(24.5, 32.5)",25.8,"(23.0, 28.7)",13.2,"(10.9, 15.8)",36.7,"(33.2, 40.5)",74.1,"(70.9, 77.0)",5.7,"( 5.2,  6.4)",9.6,"( 8.4, 10.9)",8.3,"( 7.5,  9.2)",69.1,"(65.2, 73.0)",80.1,"(77.7, 82.5)",51.5,"(46.7, 56.1)",7.7,"( 6.7,  8.7)",16.1,"(13.8, 18.6)",52,"(48.5, 55.6)",21.6,"(18.5, 25.0)",18,"(15.9, 20.2)",35.1,"(31.4, 38.8)",36.4,"(32.6, 40.3)",36.3,"(31.6, 41.0)",66.5,"(58.9, 73.3)",16.7,"(14.7, 18.8)",39.6,"(33.9, 45.7)",19.7,"(17.4, 21.9)",33.3,"(28.9, 37.8)",4.5,"( 4.1,  4.9)",17,"(14.0, 20.1)",9.7,"( 8.6, 10.9)",11.6,"(10.4, 12.7)",20,"(17.6, 22.5)",21.5,"(18.9, 23.9)",7.3,"( 6.5,  8.1)",12.3,"(10.8, 13.6)",43.2,"(38.7, 47.7)",36.2,"(31.6, 40.9)",29.1,"(25.3, 33.3)",34.6,"(30.6, 39.2)",25,"(21.9, 28.5)",15.6,"(13.6, 17.9)",15.7,"(13.8, 18.0)",28.2,"(24.5, 32.2)",POINT (-106.7081835 32.1863177)
NM,New Mexico,DoÃ±a Ana,35013,35013001900,930,610,8.9,"( 7.1, 10.8)",13.5,"(11.8, 15.5)",22.3,"(18.6, 26.2)",20.2,"(17.6, 23.1)",55.5,"(51.7, 59.3)",3.4,"( 3.1,  3.8)",10.2,"( 9.0, 11.6)",2.5,"( 2.2,  2.8)",63.4,"(58.9, 67.7)",79,"(76.0, 81.8)",57.4,"(52.7, 62.0)",3,"( 2.6,  3.5)",11.4,"( 9.2, 13.6)",70.9,"(67.8, 74.0)",26.1,"(22.6, 29.9)",5.4,"( 4.7,  6.3)",13.6,"(11.6, 15.6)",22.4,"(19.6, 25.4)",15.6,"(12.8, 18.6)",70.7,"(63.6, 77.2)",18.7,"(16.3, 21.1)",30.7,"(25.7, 36.1)",10,"( 8.7, 11.4)",32.4,"(28.0, 36.8)",1.6,"( 1.4,  1.7)",7,"( 5.5,  8.6)",3.7,"( 3.2,  4.2)",3.2,"( 2.9,  3.6)",15,"(12.9, 17.2)",6.2,"( 5.4,  7.2)",2.1,"( 1.9,  2.4)",6.4,"( 5.6,  7.3)",24.4,"(20.9, 28.1)",37.9,"(33.2, 42.6)",10,"( 8.0, 12.3)",13.1,"(10.8, 15.6)",13,"(10.9, 15.2)",8.3,"( 7.0,  9.6)",8.1,"( 6.9,  9.3)",26.6,"(22.9, 30.6)",POINT (-106.5099348 32.5985684)
NM,New Mexico,Eddy,35015,35015000100,1661,"1,303",16.9,"(13.3, 20.9)",19.7,"(17.1, 22.4)",17.4,"(14.3, 20.8)",28.8,"(25.1, 32.5)",66.9,"(63.5, 70.3)",5.6,"( 5.0,  6.2)",9.9,"( 8.7, 11.3)",5.4,"( 4.7,  6.0)",62.9,"(58.2, 67.6)",78.6,"(75.3, 81.8)",56.2,"(51.1, 61.1)",5.6,"( 4.7,  6.5)",14,"(11.4, 16.7)",59.4,"(55.6, 63.1)",24.1,"(20.3, 27.9)",9.7,"( 8.3, 11.1)",21.5,"(18.4, 24.9)",30.3,"(26.5, 34.2)",25.2,"(20.8, 30.0)",69.6,"(61.1, 77.0)",18.2,"(15.8, 20.6)",39,"(31.7, 46.5)",14,"(12.1, 16.0)",40.2,"(34.0, 46.4)",2.9,"( 2.6,  3.2)",13.3,"(10.8, 16.1)",6.5,"( 5.7,  7.3)",5.9,"( 5.2,  6.7)",17.3,"(14.9, 19.8)",12.1,"(10.3, 14.0)",3.9,"( 3.4,  4.4)",8.8,"( 7.6, 10.1)",32.3,"(27.8, 37.1)",36,"(30.7, 41.1)",15.4,"(12.4, 18.7)",19.5,"(15.8, 23.3)",16.6,"(13.8, 19.6)",10.6,"( 9.0, 12.3)",10.7,"( 9.0, 12.5)",25.4,"(21.5, 29.5)",POINT (-104.2260142 32.4244435)
NM,New Mexico,Eddy,35015,35015000200,6520,"4,949",9.9,"( 8.0, 12.1)",24.2,"(21.3, 27.2)",15.7,"(12.8, 18.8)",32,"(28.2, 35.9)",73.8,"(70.3, 77.0)",8.6,"( 7.7,  9.5)",9.8,"( 8.5, 11.0)",6.2,"( 5.4,  6.9)",69,"(64.6, 73.1)",85.7,"(83.4, 87.8)",61.9,"(56.8, 66.7)",5.6,"( 4.7,  6.6)",10.8,"( 8.8, 12.9)",65.3,"(61.8, 68.7)",23,"(19.6, 26.5)",9.7,"( 8.3, 11.2)",16.9,"(14.4, 19.7)",34,"(29.9, 38.2)",20.2,"(16.6, 24.0)",72.8,"(65.1, 79.4)",15,"(13.1, 17.0)",35.6,"(29.0, 42.6)",12.7,"(11.0, 14.4)",36.7,"(30.8, 42.7)",3.1,"( 2.8,  3.5)",11.6,"( 9.5, 14.0)",7.1,"( 6.2,  8.0)",4.4,"( 3.9,  5.0)",12.9,"(11.1, 14.9)",11.7,"( 9.9, 13.7)",3.3,"( 2.9,  3.8)",7.1,"( 6.1,  8.2)",28.3,"(24.3, 32.4)",31.8,"(27.2, 36.7)",8.9,"( 7.0, 10.9)",11.5,"( 9.3, 13.9)",10.4,"( 8.6, 12.3)",6.9,"( 5.8,  8.1)",6.8,"( 5.8,  8.0)",21.3,"(18.1, 24.7)",POINT (-104.2319156 32.4536566)
NM,New Mexico,Eddy,35015,35015000300,5829,"4,357",16,"(13.1, 19.7)",23.1,"(20.2, 26.1)",15.6,"(12.8, 18.8)",31.6,"(27.9, 35.5)",71.7,"(68.4, 74.8)",7.1,"( 6.4,  7.9)",10,"( 8.7, 11.3)",6.3,"( 5.5,  7.1)",65.8,"(61.3, 70.3)",81.5,"(78.7, 84.1)",60.2,"(55.1, 65.0)",6.3,"( 5.3,  7.4)",13.6,"(11.2, 16.2)",62.5,"(58.8, 66.1)",23.3,"(19.8, 27.1)",10.6,"( 9.1, 12.3)",21.7,"(18.4, 25.1)",33.2,"(29.1, 37.3)",26,"(21.5, 30.9)",69.4,"(61.1, 76.8)",17.1,"(14.9, 19.3)",37.6,"(30.6, 44.6)",14.6,"(12.6, 16.7)",38,"(31.9, 44.0)",3.3,"( 2.9,  3.7)",13.7,"(11.2, 16.5)",7.4,"( 6.4,  8.4)",5.9,"( 5.2,  6.7)",16.4,"(14.0, 18.8)",13.8,"(11.7, 16.1)",4,"( 3.4,  4.5)",8.8,"( 7.6, 10.2)",33.2,"(28.4, 38.0)",35.7,"(30.6, 40.8)",13.6,"(10.9, 16.5)",17.8,"(14.5, 21.4)",14.9,"(12.4, 17.5)",9.1,"( 7.7, 10.5)",9.4,"( 8.0, 11.0)",25.4,"(21.5, 29.4)",POINT (-104.2397331 32.4312016)
NM,New Mexico,Eddy,35015,35015000401,3844,"2,918",13.3,"(11.1, 16.0)",24,"(21.1, 27.0)",15.2,"(12.4, 18.3)",33.2,"(29.4, 37.1)",72.8,"(69.3, 76.0)",7.4,"( 6.6,  8.2)",9.8,"( 8.6, 11.2)",6.5,"( 5.8,  7.3)",67.8,"(63.4, 72.1)",83.6,"(81.3, 85.8)",59.2,"(53.9, 64.3)",6.2,"( 5.3,  7.1)",12.8,"(10.8, 15.0)",61.4,"(57.7, 65.0)",23.4,"(20.0, 27.2)",11.5,"( 9.9, 13.2)",20.7,"(18.1, 23.7)",33.8,"(29.8, 38.1)",24.5,"(20.5, 28.9)",70.5,"(62.3, 77.6)",16.3,"(14.3, 18.5)",39.7,"(32.7, 47.3)",14.3,"(12.6, 16.2)",38.7,"(32.6, 44.8)",3.3,"( 3.0,  3.7)",10.7,"( 8.6, 13.1)",7.4,"( 6.5,  8.3)",5.9,"( 5.3,  6.5)",14.9,"(13.0, 16.9)",13.5,"(11.7, 15.5)",4.1,"( 3.7,  4.6)",8.4,"( 7.4,  9.4)",31.5,"(27.5, 35.9)",32.5,"(27.8, 37.4)",13.8,"(11.6, 16.5)",16.6,"(14.0, 19.5)",14.2,"(12.1, 16.6)",9.8,"( 8.4, 11.3)",9.2,"( 8.0, 10.6)",22.1,"(18.8, 25.7)",POINT (-104.2982939 32.4160939)
NM,New Mexico,Eddy,35015,35015000402,4745,"3,463",20.7,"(16.8, 25.2)",22.7,"(20.0, 25.7)",15,"(12.2, 18.1)",32.9,"(29.0, 36.8)",70.4,"(67.1, 73.6)",5.9,"( 5.3,  6.6)",10.2,"( 8.9, 11.6)",6.8,"( 6.0,  7.6)",64.8,"(60.2, 69.3)",79.3,"(76.2, 82.2)",48.1,"(42.6, 53.4)",6.8,"( 5.9,  7.8)",15.5,"(13.2, 18.2)",47.1,"(43.3, 51.1)",24.1,"(20.5, 27.9)",12.8,"(11.1, 14.6)",26.7,"(23.4, 30.6)",33.1,"(29.2, 37.2)",30.7,"(26.0, 35.8)",64.2,"(55.4, 72.2)",18.5,"(16.3, 20.9)",42.4,"(35.1, 50.0)",16.6,"(14.6, 18.7)",42.4,"(36.1, 48.7)",3.6,"( 3.3,  4.0)",22.6,"(18.9, 26.8)",7.8,"( 6.8,  8.7)",8.1,"( 7.1,  9.1)",18.8,"(16.4, 21.6)",15.9,"(13.8, 18.2)",5.3,"( 4.7,  5.9)",10.5,"( 9.2, 12.0)",36.9,"(32.3, 41.8)",36,"(31.2, 41.3)",21.1,"(17.6, 24.9)",25.3,"(21.3, 29.7)",20.5,"(17.6, 23.8)",13.4,"(11.5, 15.4)",13,"(11.2, 15.0)",26,"(22.3, 30.1)",POINT (-104.2572307 32.4229361)
NM,New Mexico,Eddy,35015,35015000500,3573,"2,634",20.4,"(16.2, 24.4)",23.1,"(20.2, 26.2)",14.2,"(11.5, 17.1)",34,"(30.1, 38.2)",72.8,"(69.5, 75.8)",6,"( 5.4,  6.7)",9.5,"( 8.3, 10.8)",6.8,"( 6.0,  7.7)",66.7,"(62.1, 70.9)",81.7,"(78.9, 84.2)",54.4,"(48.9, 59.7)",6,"( 5.1,  7.0)",13.4,"(11.2, 16.1)",49.8,"(46.0, 53.8)",21.9,"(18.5, 25.5)",13.9,"(11.9, 16.0)",26,"(22.2, 30.1)",34.4,"(30.2, 38.6)",31,"(25.9, 36.6)",65.6,"(56.7, 73.4)",16.7,"(14.6, 19.1)",42.2,"(34.9, 49.8)",16,"(13.9, 18.4)",41.5,"(35.2, 47.7)",3.6,"( 3.2,  4.0)",17.2,"(14.0, 20.5)",7.8,"( 6.9,  8.8)",8,"( 7.0,  9.1)",17,"(14.5, 19.7)",16.1,"(13.8, 18.6)",5,"( 4.4,  5.7)",9.5,"( 8.2, 11.0)",35.8,"(30.9, 41.1)",34.8,"(29.8, 40.0)",18.9,"(15.3, 22.6)",23.9,"(19.6, 28.0)",19.5,"(16.4, 22.7)",12.3,"(10.5, 14.3)",11.9,"(10.0, 13.7)",25.4,"(21.6, 29.6)",POINT (-104.239846 32.410896)
NM,New Mexico,Eddy,35015,35015000600,8396,"6,084",20.8,"(17.0, 24.9)",21,"(18.4, 23.9)",15.5,"(12.6, 18.6)",31.3,"(27.6, 35.2)",69.4,"(65.9, 72.6)",5.4,"( 4.9,  6.0)",10,"( 8.8, 11.3)",6.1,"( 5.4,  6.8)",64,"(59.3, 68.4)",79.1,"(76.0, 82.0)",56.4,"(51.3, 61.3)",6.1,"( 5.3,  7.0)",14.8,"(12.5, 17.4)",57.3,"(53.4, 61.1)",23.2,"(19.7, 27.0)",12,"(10.4, 13.8)",25.7,"(22.2, 29.5)",32.3,"(28.5, 36.4)",29.6,"(24.9, 34.9)",69.4,"(61.0, 76.8)",18.1,"(15.9, 20.5)",41,"(33.8, 48.4)",15.7,"(13.8, 17.9)",40.6,"(34.3, 46.8)",3.3,"( 3.0,  3.6)",14,"(11.4, 16.9)",7,"( 6.2,  7.9)",7.5,"( 6.6,  8.4)",18.4,"(16.0, 21.1)",14.8,"(12.7, 17.0)",4.8,"( 4.3,  5.4)",9.8,"( 8.6, 11.2)",35.4,"(30.8, 40.5)",36.8,"(31.8, 42.2)",19,"(15.7, 22.6)",24.3,"(20.3, 28.6)",19.9,"(16.9, 23.1)",12.3,"(10.5, 14.1)",12.4,"(10.6, 14.3)",27.1,"(23.2, 31.3)",POINT (-104.202816 32.3916972)
NM,New Mexico,Eddy,35015,35015000700,6097,"4,534",15.1,"(12.5, 17.8)",23,"(20.0, 26.0)",15.8,"(12.9, 19.0)",32.4,"(28.5, 36.4)",71.6,"(67.8, 74.9)",6.8,"( 6.1,  7.5)",9.8,"( 8.6, 11.1)",6.2,"( 5.5,  7.0)",66.3,"(61.7, 70.6)",82.8,"(80.4, 85.0)",58.4,"(53.2, 63.3)",6,"( 5.2,  6.9)",13.7,"(11.6, 16.0)",62.6,"(59.0, 66.2)",23.1,"(19.6, 26.9)",11.3,"( 9.7, 13.0)",21.5,"(18.6, 24.6)",33.6,"(29.4, 37.8)",25.5,"(21.3, 30.0)",71.9,"(64.0, 78.9)",16.8,"(14.8, 19.0)",39.7,"(32.5, 47.2)",14.6,"(12.8, 16.5)",38.7,"(32.6, 44.7)",3.2,"( 2.9,  3.5)",12.6,"(10.2, 15.3)",7.1,"( 6.2,  8.1)",5.9,"( 5.3,  6.6)",15.7,"(13.7, 17.9)",13.4,"(11.5, 15.4)",4.1,"( 3.6,  4.6)",8.3,"( 7.3,  9.4)",32,"(27.6, 36.4)",34.1,"(29.3, 39.2)",13.5,"(11.2, 16.1)",17.5,"(14.8, 20.7)",15.1,"(12.9, 17.6)",9.6,"( 8.2, 11.1)",9.4,"( 8.2, 10.8)",24.4,"(20.9, 28.5)",POINT (-104.4319279 32.3114735)
NM,New Mexico,Eddy,35015,35015000800,2223,"1,571",22.1,"(18.8, 25.6)",22.9,"(20.0, 25.9)",14.5,"(11.8, 17.4)",34,"(30.1, 38.0)",72.1,"(68.7, 75.3)",5.9,"( 5.3,  6.5)",9.6,"( 8.3, 10.8)",7,"( 6.2,  7.8)",65.7,"(61.1, 70.1)",80.9,"(78.3, 83.3)",56.1,"(50.7, 61.2)",6.3,"( 5.5,  7.1)",14.5,"(12.3, 16.8)",52.4,"(48.5, 56.3)",22.1,"(18.7, 25.6)",14.1,"(12.2, 16.2)",27.3,"(23.8, 30.8)",34.6,"(30.6, 38.8)",32,"(27.3, 37.0)",69,"(60.5, 76.3)",17.2,"(15.1, 19.3)",42.7,"(35.5, 50.0)",16.6,"(14.6, 18.7)",40.7,"(34.4, 47.0)",3.6,"( 3.3,  4.0)",14.5,"(11.7, 17.5)",7.9,"( 7.0,  8.9)",8.2,"( 7.3,  9.2)",17.8,"(15.6, 20.2)",16.4,"(14.2, 18.7)",5.3,"( 4.7,  5.9)",9.8,"( 8.6, 11.0)",36.7,"(32.2, 41.4)",35.3,"(30.4, 40.6)",19.6,"(16.6, 22.9)",25.1,"(21.5, 29.1)",20.4,"(17.7, 23.4)",12.7,"(11.0, 14.4)",12.4,"(10.8, 14.0)",26.3,"(22.6, 30.4)",POINT (-103.9465851 32.1675234)
NM,New Mexico,Eddy,35015,35015000900,5720,"4,281",14.9,"(12.7, 17.0)",23.1,"(20.2, 26.1)",15.8,"(12.9, 19.0)",32,"(28.3, 35.9)",71.6,"(68.0, 74.9)",6.9,"( 6.3,  7.6)",9.9,"( 8.7, 11.2)",6.2,"( 5.5,  6.9)",66.3,"(61.7, 70.5)",82.9,"(80.7, 85.0)",60.2,"(55.0, 65.2)",6.1,"( 5.3,  6.9)",13.5,"(11.6, 15.8)",63.5,"(59.9, 67.1)",23.5,"(20.0, 27.2)",11,"( 9.5, 12.6)",21.1,"(18.4, 24.0)",33.6,"(29.6, 37.8)",25,"(21.0, 29.4)",71,"(62.9, 78.0)",16.9,"(14.9, 19.1)",39.1,"(32.1, 46.5)",14.5,"(12.8, 16.5)",38.3,"(32.2, 44.4)",3.2,"( 2.9,  3.5)",9.7,"( 7.8, 11.8)",7.1,"( 6.3,  8.0)",5.7,"( 5.1,  6.3)",15.7,"(13.8, 17.7)",13.2,"(11.4, 15.1)",4,"( 3.6,  4.4)",8.3,"( 7.3,  9.3)",31.8,"(27.7, 36.2)",34.3,"(29.6, 39.3)",12.9,"(11.0, 15.3)",17,"(14.5, 19.7)",14.8,"(12.7, 17.1)",9.3,"( 8.1, 10.7)",9.1,"( 8.0, 10.4)",24.4,"(20.9, 28.1)",POINT (-104.2986058 32.7419871)
NM,New Mexico,Eddy,35015,35015001001,3008,"2,195",13.9,"(11.5, 16.6)",21.4,"(18.6, 24.2)",16.3,"(13.3, 19.5)",30,"(26.3, 33.9)",70.6,"(66.9, 74.1)",6.3,"( 5.7,  7.0)",9.6,"( 8.4, 10.9)",5.3,"( 4.7,  6.0)",66.4,"(61.8, 70.8)",83.9,"(81.5, 86.0)",58.5,"(53.2, 63.4)",4.8,"( 4.2,  5.6)",11.8,"( 9.9, 13.8)",63.7,"(60.0, 67.3)",22.7,"(19.3, 26.4)",10.2,"( 8.8, 11.9)",18.9,"(16.4, 21.7)",32.1,"(28.1, 36.3)",23.6,"(19.6, 28.0)",73.2,"(65.3, 79.8)",16.4,"(14.3, 18.6)",38.9,"(31.8, 46.3)",13.4,"(11.7, 15.1)",39.1,"(32.9, 45.2)",2.8,"( 2.5,  3.1)",10.9,"( 8.7, 13.3)",6.3,"( 5.5,  7.1)",5.1,"( 4.6,  5.7)",14.4,"(12.6, 16.4)",11.6,"(10.0, 13.4)",3.4,"( 3.1,  3.8)",7.3,"( 6.5,  8.3)",29.3,"(25.1, 33.7)",33.9,"(29.0, 39.0)",10.9,"( 9.0, 12.8)",15.3,"(12.8, 17.9)",14.4,"(12.3, 16.6)",8.9,"( 7.7, 10.2)",8.4,"( 7.3,  9.6)",24.1,"(20.5, 27.8)",POINT (-104.4493807 32.846329)
NM,New Mexico,Eddy,35015,35015001002,3338,"2,471",23.9,"(19.5, 28.8)",24.4,"(21.5, 27.4)",13.2,"(10.8, 16.0)",36.1,"(32.3, 40.2)",73.3,"(70.2, 76.2)",6,"( 5.4,  6.6)",9.9,"( 8.7, 11.2)",8.2,"( 7.3,  9.2)",66.5,"(62.0, 70.9)",79.1,"(76.0, 81.9)",47.9,"(42.6, 53.2)",7.5,"( 6.4,  8.6)",15.3,"(12.8, 18.1)",45.7,"(41.8, 49.6)",22.5,"(19.1, 26.2)",15.9,"(13.9, 18.2)",31.2,"(27.1, 35.5)",35.2,"(31.2, 39.3)",35.3,"(30.0, 41.2)",65.6,"(56.5, 73.4)",17.8,"(15.6, 20.2)",43.8,"(36.7, 51.4)",18.1,"(15.9, 20.7)",42.4,"(36.0, 48.7)",4.4,"( 3.9,  4.8)",20,"(16.8, 23.5)",9.3,"( 8.2, 10.5)",10.6,"( 9.4, 12.1)",19.6,"(17.0, 22.4)",19.5,"(16.9, 22.4)",6.7,"( 5.8,  7.6)",12,"(10.4, 13.6)",40.6,"(35.6, 46.1)",35.5,"(30.5, 41.0)",26.6,"(22.3, 31.1)",30.5,"(25.9, 35.4)",23,"(19.6, 26.6)",15.5,"(13.4, 17.9)",15.3,"(13.1, 17.6)",25.6,"(21.7, 30.0)",POINT (-104.3956894 32.8602478)
NM,New Mexico,Eddy,35015,35015001100,7360,"5,161",14.7,"(11.4, 18.2)",22.2,"(19.4, 25.0)",15.7,"(12.8, 18.8)",30.7,"(26.9, 34.6)",70.9,"(67.2, 74.1)",6.8,"( 6.1,  7.5)",9.9,"( 8.7, 11.3)",5.8,"( 5.1,  6.5)",66.4,"(61.9, 70.6)",83,"(80.3, 85.5)",58.1,"(52.8, 63.1)",5.6,"( 4.8,  6.6)",12.4,"(10.1, 15.0)",63,"(59.3, 66.5)",23.5,"(19.9, 27.3)",10.4,"( 9.0, 12.0)",20.3,"(17.3, 23.8)",32.4,"(28.4, 36.5)",24.1,"(20.0, 28.9)",70.9,"(62.9, 77.9)",16.6,"(14.5, 18.9)",38.7,"(31.5, 46.1)",13.9,"(12.1, 15.9)",38.2,"(32.1, 44.3)",3,"( 2.7,  3.4)",11.4,"( 9.2, 14.0)",6.8,"( 6.0,  7.7)",5.6,"( 4.9,  6.4)",15.2,"(13.0, 17.7)",12.6,"(10.8, 14.8)",3.8,"( 3.3,  4.4)",8.2,"( 7.0,  9.5)",30.9,"(26.6, 35.6)",33.8,"(28.9, 38.9)",13.3,"(10.5, 16.2)",17,"(13.8, 20.3)",14.9,"(12.3, 17.6)",9.5,"( 8.0, 11.2)",9.3,"( 7.8, 10.8)",23.3,"(19.9, 27.0)",POINT (-104.3876751 32.8259441)
NM,New Mexico,Grant,35017,35017964100,2643,"2,336",9.6,"( 8.2, 11.1)",38,"(33.9, 42.2)",10.3,"( 8.3, 12.6)",45.6,"(40.8, 50.3)",83.5,"(80.5, 86.3)",13,"(11.8, 14.3)",9.7,"( 8.5, 11.0)",11.6,"(10.5, 12.8)",77.5,"(73.7, 80.9)",90.2,"(88.9, 91.5)",68.2,"(63.2, 73.2)",10.1,"( 9.0, 11.4)",12.7,"(10.7, 14.7)",64.7,"(61.0, 68.4)",21.1,"(17.8, 24.7)",16.9,"(14.6, 19.4)",23.9,"(20.9, 26.9)",43.8,"(38.9, 48.7)",25.7,"(21.4, 30.2)",69.3,"(61.0, 77.0)",12.9,"(11.3, 14.6)",32.1,"(25.2, 39.5)",16.9,"(15.0, 19.0)",28.8,"(23.6, 34.6)",5.6,"( 5.2,  6.1)",13.2,"(10.7, 16.1)",12.4,"(11.0, 13.9)",6.9,"( 6.3,  7.6)",12.5,"(10.9, 14.1)",19.8,"(17.3, 22.4)",5.4,"( 4.9,  5.9)",9.2,"( 8.1, 10.2)",36.5,"(32.0, 41.1)",28.2,"(23.6, 33.0)",12.5,"(10.7, 14.7)",13.7,"(11.7, 15.8)",9.5,"( 8.2, 11.0)",7.4,"( 6.4,  8.5)",7.2,"( 6.4,  8.2)",19.3,"(16.3, 22.6)",POINT (-108.2054819 32.997746)
NM,New Mexico,Grant,35017,35017964200,2133,"1,750",9.2,"( 7.7, 10.8)",33.6,"(29.7, 37.5)",12.4,"(10.0, 15.1)",39.8,"(35.3, 44.4)",80.3,"(77.1, 83.3)",11.3,"(10.3, 12.5)",10.1,"( 8.9, 11.5)",9.3,"( 8.4, 10.4)",74.2,"(70.2, 78.1)",88.5,"(86.8, 90.0)",64.7,"(59.5, 69.8)",8.7,"( 7.6,  9.9)",13.2,"(11.1, 15.6)",63.7,"(60.0, 67.3)",22.9,"(19.4, 26.8)",13.8,"(11.9, 15.9)",21.2,"(18.5, 24.3)",40.1,"(35.4, 44.8)",23.1,"(19.1, 27.6)",69.7,"(61.6, 77.3)",14.5,"(12.7, 16.4)",31.4,"(24.6, 39.0)",15.7,"(13.8, 17.8)",30.1,"(24.6, 36.0)",4.6,"( 4.2,  5.0)",11.9,"( 9.6, 14.6)",10.2,"( 9.1, 11.5)",5.7,"( 5.2,  6.3)",13.1,"(11.5, 14.9)",16.5,"(14.2, 18.9)",4.5,"( 4.1,  5.0)",8.6,"( 7.6,  9.7)",33.4,"(29.0, 37.9)",30,"(25.3, 35.0)",11.5,"( 9.6, 13.7)",13.1,"(11.1, 15.4)",10.1,"( 8.6, 11.8)",7.5,"( 6.4,  8.7)",7.2,"( 6.3,  8.3)",20.5,"(17.3, 24.0)",POINT (-108.7517146 32.8218761)
NM,New Mexico,Grant,35017,35017964300,5509,"4,290",15.3,"(12.6, 18.5)",29.1,"(25.8, 32.6)",12.5,"(10.1, 15.3)",37,"(32.8, 41.3)",77.7,"(74.6, 80.7)",8.4,"( 7.5,  9.3)",9.9,"( 8.7, 11.3)",8.6,"( 7.6,  9.6)",71.1,"(66.7, 75.3)",84.7,"(82.3, 86.8)",61.5,"(56.3, 66.8)",8,"( 6.8,  9.2)",13.7,"(11.5, 16.1)",61.1,"(57.4, 64.8)",22.6,"(19.1, 26.3)",15,"(13.1, 17.3)",25.9,"(22.5, 29.4)",37.3,"(32.9, 41.6)",28.4,"(23.8, 33.4)",67.5,"(59.0, 75.6)",15.8,"(13.9, 17.9)",34.2,"(27.0, 41.7)",16.7,"(14.7, 18.9)",31.3,"(25.8, 37.4)",4.5,"( 4.0,  4.9)",18.6,"(15.3, 22.4)",9.6,"( 8.5, 10.8)",8,"( 7.1,  8.9)",15.7,"(13.6, 17.9)",17.9,"(15.5, 20.5)",5.5,"( 4.9,  6.2)",10,"( 8.7, 11.3)",36.1,"(31.6, 40.8)",32.3,"(27.4, 37.6)",18.5,"(15.3, 21.9)",21.3,"(17.9, 25.0)",16,"(13.4, 18.6)",11.3,"( 9.7, 13.1)",10.8,"( 9.2, 12.4)",22.5,"(19.0, 26.5)",POINT (-108.2958482 32.7858159)
NM,New Mexico,Grant,35017,35017964401,1933,"1,588",19.9,"(16.0, 24.4)",32.3,"(28.8, 36.0)",11.5,"( 9.2, 14.1)",41.7,"(37.3, 46.2)",78.9,"(75.8, 81.7)",8.4,"( 7.5,  9.4)",10.3,"( 9.0, 11.7)",11,"( 9.8, 12.4)",71.2,"(66.8, 75.3)",83,"(80.5, 85.4)",57.3,"(51.9, 62.6)",10.7,"( 9.2, 12.3)",17.1,"(14.3, 19.9)",57.7,"(54.0, 61.5)",23,"(19.4, 26.9)",19.3,"(16.8, 21.8)",33.5,"(29.3, 37.8)",39.7,"(35.1, 44.4)",34.8,"(29.4, 40.3)",65,"(56.2, 73.4)",16.9,"(14.7, 19.2)",37.4,"(29.8, 45.3)",20.4,"(17.8, 23.0)",31.8,"(26.2, 37.8)",5.8,"( 5.2,  6.5)",18.1,"(15.0, 21.5)",12,"(10.6, 13.4)",11.6,"(10.2, 13.1)",18.7,"(16.1, 21.3)",23.7,"(20.8, 27.0)",8.1,"( 7.0,  9.2)",13.2,"(11.4, 15.1)",42.9,"(37.6, 47.9)",33.1,"(28.0, 38.3)",27.7,"(23.2, 32.4)",29.5,"(25.0, 34.3)",20.3,"(17.2, 23.7)",15.2,"(13.0, 17.6)",14.6,"(12.5, 16.9)",23.9,"(20.1, 28.0)",POINT (-108.2662356 32.7718895)
NM,New Mexico,Grant,35017,35017964402,2807,"2,370",17.3,"(14.0, 21.2)",28.3,"(25.0, 31.6)",12.6,"(10.1, 15.4)",36.5,"(32.4, 40.8)",77,"(74.0, 79.7)",7.9,"( 7.1,  8.8)",10.1,"( 8.8, 11.5)",8.9,"( 7.9, 10.0)",70,"(65.6, 74.2)",81.6,"(78.9, 84.0)",58.5,"(53.1, 64.0)",8.7,"( 7.3, 10.2)",14.1,"(11.6, 16.7)",54.3,"(50.5, 58.2)",23,"(19.4, 26.8)",15.3,"(13.3, 17.5)",27.8,"(24.1, 31.7)",36.9,"(32.7, 41.2)",29.2,"(24.5, 34.6)",63.8,"(54.9, 72.3)",16.7,"(14.6, 19.0)",33.9,"(26.9, 41.8)",17.2,"(15.1, 19.6)",32.7,"(27.0, 38.9)",4.6,"( 4.1,  5.1)",18.8,"(15.6, 22.2)",9.8,"( 8.6, 11.1)",8.9,"( 7.9, 10.0)",17.4,"(15.1, 20.0)",18.5,"(16.0, 21.3)",6,"( 5.2,  6.7)",11.1,"( 9.7, 12.8)",38.1,"(33.2, 43.2)",33.8,"(28.7, 39.1)",21.4,"(17.6, 25.1)",24.4,"(20.4, 28.6)",17.1,"(14.4, 19.9)",12.1,"(10.4, 14.0)",12.7,"(10.8, 14.6)",23.2,"(19.5, 27.2)",POINT (-108.2841852 32.7574985)
NM,New Mexico,Grant,35017,35017964500,2627,"2,086",19,"(15.6, 22.6)",28.4,"(25.0, 31.9)",12,"( 9.7, 14.8)",37.3,"(33.1, 41.8)",78.5,"(75.3, 81.5)",8.1,"( 7.3,  9.0)",9.1,"( 8.0, 10.3)",8.8,"( 7.9,  9.8)",71.5,"(67.1, 75.6)",85.9,"(83.8, 87.8)",54.4,"(49.1, 60.0)",7,"( 6.0,  7.9)",12,"(10.0, 14.0)",57.1,"(53.2, 61.0)",19.8,"(16.5, 23.2)",16.1,"(13.9, 18.3)",27.1,"(23.5, 30.7)",38.4,"(33.9, 43.0)",30,"(25.0, 35.0)",70.1,"(61.9, 77.7)",14.2,"(12.3, 16.1)",33.2,"(26.1, 40.9)",16.8,"(14.7, 18.9)",31.7,"(26.0, 37.9)",4.5,"( 4.1,  4.9)",15.5,"(12.7, 18.7)",10.2,"( 9.0, 11.4)",8.5,"( 7.5,  9.5)",15,"(13.0, 17.2)",18.6,"(16.1, 21.1)",5.5,"( 4.9,  6.1)",9.5,"( 8.3, 10.8)",36.7,"(31.9, 41.4)",32.4,"(27.6, 37.7)",16.3,"(13.5, 19.5)",21.5,"(18.0, 25.1)",16.2,"(13.6, 18.8)",10.3,"( 8.8, 11.9)",10.3,"( 8.9, 11.9)",23.7,"(20.2, 27.7)",POINT (-108.1624417 32.7899937)
NM,New Mexico,Grant,35017,35017964600,2847,"2,192",22,"(18.4, 26.1)",31.1,"(27.6, 34.8)",10.8,"( 8.6, 13.2)",41.5,"(37.0, 46.0)",79.9,"(76.8, 82.6)",7.8,"( 7.0,  8.6)",9.5,"( 8.3, 10.8)",10.5,"( 9.4, 11.8)",72.1,"(67.8, 76.2)",84.6,"(82.5, 86.7)",56.6,"(51.1, 62.2)",8.8,"( 7.7, 10.1)",14.6,"(12.3, 17.3)",52.6,"(48.6, 56.6)",20.7,"(17.4, 24.4)",20.2,"(17.5, 23.0)",33.4,"(29.4, 37.9)",40,"(35.5, 44.7)",36.3,"(30.8, 42.4)",66.8,"(58.2, 75.0)",15.4,"(13.4, 17.5)",37.8,"(30.1, 45.8)",19.6,"(17.2, 22.3)",33.4,"(27.6, 39.7)",5.5,"( 4.9,  6.1)",17,"(13.8, 20.6)",11.6,"(10.3, 13.1)",11.7,"(10.4, 13.1)",17.2,"(14.9, 19.7)",23.2,"(20.2, 26.5)",7.5,"( 6.6,  8.5)",11.8,"(10.3, 13.4)",41.8,"(36.7, 47.2)",32.3,"(27.4, 37.5)",26.1,"(22.1, 30.4)",29.6,"(25.4, 34.1)",20.8,"(17.8, 24.0)",14.6,"(12.6, 16.9)",13.8,"(11.9, 15.7)",23.7,"(20.0, 27.7)",POINT (-107.9263135 32.7051336)
NM,New Mexico,Grant,35017,35017964701,2942,"2,494",9.6,"( 8.0, 11.4)",34.2,"(30.3, 38.3)",11.1,"( 8.9, 13.5)",40.2,"(35.7, 45.0)",82.5,"(79.3, 85.3)",12.7,"(11.5, 14.0)",9.2,"( 8.1, 10.5)",9.3,"( 8.3, 10.4)",77,"(73.2, 80.4)",91.1,"(89.9, 92.3)",70.4,"(65.7, 75.0)",7.2,"( 6.2,  8.4)",9.4,"( 7.8, 11.3)",68.7,"(65.1, 72.0)",19.8,"(16.6, 23.3)",13.6,"(11.7, 15.7)",19.2,"(16.4, 22.2)",41.7,"(37.0, 46.6)",22,"(18.0, 26.6)",72.2,"(64.4, 79.3)",11.9,"(10.4, 13.7)",28.1,"(21.9, 35.3)",14.5,"(12.6, 16.5)",28,"(22.8, 33.7)",4.5,"( 4.0,  4.9)",10.1,"( 8.1, 12.4)",10.6,"( 9.4, 11.9)",5.2,"( 4.6,  5.8)",10.9,"( 9.4, 12.5)",15.9,"(13.5, 18.4)",3.8,"( 3.4,  4.3)",7.2,"( 6.3,  8.3)",32.3,"(28.1, 37.1)",29.3,"(24.6, 34.4)",7.2,"( 5.8,  8.7)",10,"( 8.3, 11.9)",7.9,"( 6.7,  9.2)",5.2,"( 4.4,  6.0)",5.5,"( 4.8,  6.3)",20.1,"(16.8, 23.8)",POINT (-108.2697665 32.8261052)
NM,New Mexico,Grant,35017,35017964702,3094,"2,432",15.3,"(12.9, 17.9)",28.4,"(25.0, 32.0)",13.5,"(11.0, 16.3)",35.5,"(31.4, 40.0)",76.9,"(73.5, 79.8)",8.8,"( 7.9,  9.6)",9.8,"( 8.6, 11.2)",8.2,"( 7.3,  9.2)",70,"(65.6, 74.1)",84.7,"(82.6, 86.7)",59.2,"(54.0, 64.3)",7.8,"( 6.6,  9.0)",13.7,"(11.5, 16.4)",60.2,"(56.4, 63.9)",22.4,"(18.8, 26.2)",13.2,"(11.4, 15.4)",24,"(20.8, 27.5)",37.2,"(32.7, 41.7)",26.1,"(21.8, 31.1)",66.9,"(58.5, 74.9)",15.5,"(13.5, 17.7)",31.7,"(24.9, 39.3)",15.9,"(13.9, 18.2)",31.6,"(26.0, 37.6)",4.2,"( 3.8,  4.6)",16.8,"(13.8, 20.2)",9.3,"( 8.2, 10.5)",6.8,"( 6.0,  7.5)",15.3,"(13.3, 17.5)",16.3,"(14.0, 18.9)",4.8,"( 4.2,  5.4)",9.2,"( 8.1, 10.5)",34.5,"(30.0, 39.6)",33.1,"(28.0, 38.6)",14.7,"(12.2, 17.7)",18.3,"(15.5, 21.7)",14,"(11.9, 16.4)",9.1,"( 7.8, 10.6)",9.3,"( 8.0, 10.7)",23.6,"(20.0, 27.6)",POINT (-108.2253128 32.7230683)
NM,New Mexico,Grant,35017,35017964800,1650,"1,293",15.8,"(13.1, 19.0)",30.8,"(27.2, 34.4)",12.2,"( 9.8, 14.9)",39,"(34.7, 43.3)",79,"(75.7, 82.0)",8.9,"( 8.0,  9.9)",9.7,"( 8.5, 11.1)",9.2,"( 8.2, 10.3)",72.3,"(68.0, 76.3)",86.4,"(84.5, 88.2)",61.5,"(56.3, 66.8)",8.1,"( 7.1,  9.2)",13.3,"(11.2, 15.5)",57.8,"(53.9, 61.7)",21.6,"(18.2, 25.4)",16.1,"(14.0, 18.6)",26.2,"(22.9, 29.8)",38.9,"(34.3, 43.5)",28.8,"(24.0, 33.9)",68.9,"(60.6, 76.8)",15,"(13.2, 17.1)",34.7,"(27.5, 42.4)",17.1,"(15.1, 19.5)",32.2,"(26.5, 38.2)",4.7,"( 4.3,  5.2)",12.6,"(10.2, 15.5)",10.2,"( 9.1, 11.5)",8,"( 7.2,  8.9)",15,"(13.1, 17.1)",18.7,"(16.2, 21.3)",5.6,"( 5.0,  6.3)",9.7,"( 8.5, 10.9)",36.6,"(32.0, 41.6)",31.6,"(26.8, 36.9)",16.8,"(14.0, 19.7)",20.4,"(17.2, 23.6)",15.6,"(13.3, 18.1)",10.8,"( 9.2, 12.5)",10.2,"( 8.9, 11.7)",22.7,"(19.2, 26.6)",POINT (-108.348258 32.2661653)
NM,New Mexico,Guadalupe,35019,35019961600,4452,"3,586",23.5,"(19.6, 27.5)",25.5,"(22.2, 28.9)",13.3,"(10.7, 16.1)",37.9,"(33.3, 42.3)",74.1,"(70.7, 77.2)",6.1,"( 5.5,  6.7)",8.8,"( 7.7, 10.0)",8.2,"( 7.3,  9.1)",67.9,"(63.1, 72.3)",82.3,"(79.8, 84.7)",54.8,"(49.2, 60.3)",6.7,"( 5.8,  7.6)",14.5,"(12.2, 17.1)",52.8,"(49.0, 56.9)",19.6,"(16.3, 23.0)",17.2,"(14.9, 19.5)",30.5,"(26.7, 34.6)",36.6,"(32.0, 41.2)",33.6,"(28.1, 39.3)",68.3,"(59.9, 76.2)",15.3,"(13.3, 17.4)",37.8,"(28.7, 46.8)",17.7,"(15.5, 20.1)",36.2,"(29.5, 43.2)",4.3,"( 3.9,  4.7)",15.2,"(12.6, 18.3)",9.5,"( 8.4, 10.7)",9.9,"( 8.9, 11.1)",17,"(14.8, 19.4)",19.3,"(16.7, 22.1)",6.2,"( 5.6,  7.0)",10.1,"( 8.9, 11.5)",38.8,"(33.5, 44.0)",34.5,"(29.1, 40.2)",22.3,"(18.7, 26.2)",28.2,"(23.9, 32.6)",21.1,"(17.9, 24.4)",13.7,"(11.6, 15.9)",13.1,"(11.3, 15.0)",27,"(22.8, 31.5)",POINT (-104.7849677 34.8697822)
NM,New Mexico,Harding,35021,35021000100,657,561,15.2,"(12.6, 17.7)",35.8,"(31.7, 40.1)",10.4,"( 8.3, 12.8)",45.8,"(40.9, 50.8)",81.9,"(78.7, 84.6)",10.7,"( 9.7, 11.9)",9.7,"( 8.5, 11.1)",12,"(10.8, 13.4)",75.1,"(71.0, 79.0)",87.5,"(85.8, 89.2)",64.7,"(59.0, 69.9)",10.4,"( 9.1, 11.9)",14.6,"(12.3, 17.2)",58.1,"(54.1, 61.8)",21.4,"(18.0, 25.2)",19.4,"(16.9, 22.2)",29.5,"(26.0, 33.6)",42.9,"(38.0, 48.3)",31.5,"(26.4, 37.4)",70.8,"(61.8, 78.2)",14.3,"(12.4, 16.3)",35.7,"(27.5, 45.0)",18.9,"(16.6, 21.4)",32.1,"(25.5, 39.0)",5.9,"( 5.4,  6.5)",14.4,"(11.7, 17.1)",13.1,"(11.7, 14.7)",9.5,"( 8.5, 10.5)",15.3,"(13.5, 17.6)",23.2,"(20.3, 26.5)",6.7,"( 6.0,  7.5)",11.1,"( 9.8, 12.6)",41.3,"(36.3, 46.8)",30.9,"(25.8, 36.3)",18.7,"(15.8, 21.9)",20.7,"(17.8, 24.0)",13.9,"(12.0, 16.2)",10.1,"( 8.7, 11.7)",10,"( 8.8, 11.4)",22.5,"(19.0, 26.4)",POINT (-103.8534243 35.8593523)
NM,New Mexico,Hidalgo,35023,35023970000,1912,"1,528",12.6,"(10.7, 14.8)",30.6,"(27.1, 34.6)",13.4,"(10.9, 16.6)",38.8,"(34.5, 43.7)",77.6,"(74.4, 80.9)",9.8,"( 8.9, 10.9)",9.9,"( 8.7, 11.4)",8.8,"( 8.0,  9.8)",72.2,"(68.0, 76.5)",85.9,"(84.1, 87.8)",59,"(52.7, 64.9)",8.4,"( 7.4,  9.5)",14,"(12.0, 16.5)",62.1,"(58.3, 66.0)",22.8,"(19.3, 27.0)",13.8,"(11.9, 16.0)",23.2,"(20.5, 26.4)",37.9,"(33.3, 43.0)",24.9,"(20.8, 29.6)",69.9,"(60.3, 78.2)",15.4,"(13.6, 17.5)",31.8,"(24.3, 40.4)",16.2,"(14.4, 18.4)",33.9,"(26.9, 41.5)",4.5,"( 4.1,  4.9)",14.3,"(11.5, 17.4)",10,"( 8.9, 11.3)",6.5,"( 5.9,  7.2)",14.9,"(13.2, 16.9)",16.9,"(14.8, 19.3)",4.9,"( 4.4,  5.4)",9.2,"( 8.2, 10.3)",34.6,"(30.3, 39.5)",32.3,"(27.1, 37.8)",13.4,"(11.4, 15.8)",16.2,"(13.9, 18.8)",12.6,"(10.9, 14.6)",8.8,"( 7.6, 10.1)",8.5,"( 7.5,  9.7)",23.2,"(19.8, 27.1)",POINT (-108.7519293 31.8980519)
NM,New Mexico,Hidalgo,35023,35023970200,2266,"1,711",26.8,"(21.9, 32.7)",26.7,"(23.4, 30.4)",12.3,"( 9.9, 15.3)",38.4,"(34.0, 43.2)",75.1,"(71.8, 78.3)",6,"( 5.4,  6.8)",9.4,"( 8.2, 10.9)",8.9,"( 7.9, 10.1)",68.7,"(64.0, 73.4)",80.7,"(77.8, 83.6)",50.2,"(44.1, 56.2)",7.8,"( 6.7,  9.2)",15.9,"(13.2, 19.0)",48.6,"(44.5, 52.7)",21,"(17.6, 25.0)",18.5,"(16.1, 21.2)",34.5,"(29.9, 39.6)",36.6,"(32.1, 41.4)",37.1,"(31.1, 43.8)",68.8,"(58.7, 77.2)",16.8,"(14.6, 19.3)",37.7,"(29.4, 46.9)",19.6,"(17.1, 22.5)",38.4,"(30.9, 46.2)",4.8,"( 4.3,  5.4)",20.1,"(16.4, 24.1)",10.3,"( 9.0, 11.7)",12.1,"(10.5, 13.8)",19.4,"(16.5, 22.5)",21.9,"(18.9, 25.3)",7.5,"( 6.5,  8.6)",12.2,"(10.4, 14.1)",41.8,"(36.3, 47.7)",35.4,"(29.6, 41.2)",29,"(23.8, 33.9)",34.2,"(28.6, 39.6)",24.9,"(20.9, 28.8)",16.7,"(14.2, 19.3)",15.8,"(13.3, 18.3)",27.3,"(22.9, 31.8)",POINT (-108.7052411 32.3407178)
NM,New Mexico,Lea,35025,35025000100,3013,"2,147",25.5,"(20.2, 30.5)",20.2,"(17.5, 22.9)",15.7,"(12.8, 19.0)",31.1,"(27.3, 35.0)",69.9,"(66.5, 73.2)",4.8,"( 4.3,  5.4)",9.3,"( 8.1, 10.6)",5.8,"( 5.1,  6.6)",63.8,"(58.9, 68.3)",78.6,"(75.2, 81.7)",48.7,"(43.2, 54.1)",5.5,"( 4.7,  6.4)",13.8,"(11.5, 16.4)",49.4,"(45.5, 53.4)",20,"(16.9, 23.6)",12.1,"(10.4, 14.0)",26.9,"(23.0, 31.3)",32.7,"(28.7, 36.8)",31.5,"(26.4, 37.0)",69,"(60.5, 76.7)",17.2,"(15.0, 19.6)",36,"(29.2, 43.1)",15.5,"(13.4, 17.8)",34.2,"(28.6, 40.2)",3.3,"( 2.9,  3.6)",14,"(11.4, 17.0)",7.1,"( 6.2,  8.0)",8,"( 7.0,  9.2)",18.2,"(15.6, 21.2)",15.5,"(13.2, 18.1)",4.8,"( 4.2,  5.6)",9.5,"( 8.2, 11.0)",36.6,"(31.6, 42.0)",39.2,"(33.7, 45.0)",19.3,"(15.8, 23.2)",27.6,"(22.9, 32.8)",22.4,"(19.0, 26.3)",12.6,"(10.8, 14.8)",13.1,"(11.1, 15.5)",30.1,"(25.6, 35.1)",POINT (-103.1356139 32.703881)
NM,New Mexico,Lea,35025,35025000200,3778,"2,628",32,"(27.3, 36.7)",21.2,"(18.5, 24.0)",14.9,"(12.2, 18.1)",33.1,"(29.2, 37.2)",68.5,"(65.0, 71.7)",4.4,"( 3.9,  4.8)",10,"( 8.8, 11.4)",6.8,"( 6.1,  7.6)",62.3,"(57.7, 67.1)",74.5,"(71.2, 77.6)",45,"(39.8, 50.1)",7.2,"( 6.3,  8.1)",18,"(15.4, 20.8)",45.4,"(41.6, 49.2)",22.1,"(18.7, 25.7)",14.3,"(12.4, 16.3)",34.5,"(30.6, 38.6)",33.2,"(29.2, 37.3)",37.7,"(32.6, 43.1)",68,"(59.2, 75.8)",19.6,"(17.4, 22.1)",40,"(33.0, 47.3)",18.7,"(16.5, 21.0)",34.6,"(28.9, 40.6)",3.9,"( 3.5,  4.2)",22.5,"(18.7, 26.8)",8.1,"( 7.2,  9.1)",11.3,"(10.2, 12.6)",22.7,"(20.0, 25.5)",19.3,"(17.0, 21.8)",6.9,"( 6.1,  7.6)",12.8,"(11.3, 14.4)",43.1,"(38.2, 48.2)",40.6,"(35.2, 46.1)",31.5,"(27.1, 35.9)",38.8,"(33.9, 43.6)",29.6,"(26.0, 33.4)",18.4,"(16.1, 20.9)",18.6,"(16.2, 21.0)",31.2,"(26.8, 35.6)",POINT (-103.1541713 32.6868457)
NM,New Mexico,Lea,35025,35025000300,4150,"2,773",33.1,"(27.0, 39.3)",22.7,"(20.0, 25.8)",13.7,"(11.1, 16.6)",36,"(32.0, 40.2)",70.3,"(66.9, 73.5)",4.3,"( 3.8,  4.8)",10.3,"( 8.9, 11.7)",7.5,"( 6.6,  8.5)",63.7,"(59.0, 68.4)",74.6,"(71.2, 78.5)",45.3,"(39.8, 50.8)",8.2,"( 7.0,  9.4)",19.6,"(16.5, 23.1)",47.5,"(43.7, 51.3)",21.9,"(18.5, 25.7)",16.5,"(14.4, 18.9)",38.1,"(33.1, 43.2)",34.3,"(30.3, 38.5)",40.8,"(35.0, 47.2)",63.3,"(54.4, 71.7)",19.7,"(17.2, 22.4)",42.4,"(35.2, 50.1)",20.1,"(17.6, 22.9)",34.9,"(29.2, 40.9)",4.5,"( 4.0,  4.9)",25.9,"(21.7, 30.2)",8.5,"( 7.4,  9.6)",13.4,"(11.9, 15.1)",23.6,"(20.3, 27.1)",22.1,"(19.1, 25.2)",8.4,"( 7.3,  9.5)",14.4,"(12.4, 16.5)",45.3,"(39.7, 51.1)",40.1,"(34.4, 45.8)",38.9,"(33.3, 44.6)",44.1,"(37.9, 50.0)",32.8,"(28.2, 37.4)",21.9,"(18.9, 25.1)",21.2,"(18.1, 24.4)",31,"(26.3, 35.8)",POINT (-103.1167479 32.6856857)
NM,New Mexico,Lea,35025,35025000400,3593,"2,420",30.5,"(26.1, 35.1)",21.7,"(19.0, 24.6)",14.1,"(11.5, 17.1)",34.9,"(31.0, 39.0)",69.5,"(66.2, 72.6)",4.1,"( 3.7,  4.6)",10.2,"( 8.9, 11.6)",6.9,"( 6.1,  7.6)",63.8,"(59.1, 68.5)",74.6,"(71.5, 77.5)",45.4,"(40.0, 50.7)",7.5,"( 6.6,  8.4)",19,"(16.3, 21.9)",45.7,"(41.9, 49.6)",22.1,"(18.6, 25.8)",15.2,"(13.3, 17.2)",35.5,"(31.5, 39.5)",32.7,"(28.8, 36.7)",39.5,"(34.3, 45.1)",65.1,"(56.0, 73.3)",20.1,"(17.8, 22.7)",42.3,"(35.0, 49.5)",18.9,"(16.7, 21.2)",36,"(30.3, 42.0)",4.1,"( 3.8,  4.5)",25.6,"(21.4, 30.1)",7.9,"( 7.0,  8.9)",12.2,"(11.0, 13.5)",22.9,"(20.2, 25.7)",20.2,"(17.9, 22.8)",7.4,"( 6.7,  8.2)",13.7,"(12.1, 15.3)",43.6,"(38.7, 48.7)",40.2,"(34.9, 45.8)",37.3,"(32.7, 42.1)",42.2,"(37.5, 47.3)",31.9,"(28.1, 35.9)",21.5,"(18.8, 24.3)",20.3,"(17.8, 23.0)",30.9,"(26.7, 35.6)",POINT (-103.1073463 32.707757)
NM,New Mexico,Lea,35025,35025000502,8810,"6,068",19.6,"(16.3, 23.2)",19.7,"(17.2, 22.3)",16.9,"(13.8, 20.3)",29.5,"(25.9, 33.3)",66.7,"(63.4, 70.1)",4.9,"( 4.4,  5.5)",10,"( 8.8, 11.3)",5.2,"( 4.7,  5.8)",63.8,"(59.1, 68.4)",77.4,"(74.5, 80.2)",49.7,"(44.4, 55.0)",5.9,"( 5.2,  6.8)",14.7,"(12.5, 17.1)",50.2,"(46.3, 54.0)",23.1,"(19.6, 26.9)",10.2,"( 8.8, 11.7)",24.2,"(21.0, 27.5)",29.9,"(26.1, 33.9)",27.6,"(23.2, 32.4)",66.5,"(57.7, 74.4)",18.8,"(16.5, 21.2)",36.7,"(30.0, 43.8)",14.6,"(12.9, 16.6)",34.5,"(28.8, 40.4)",3,"( 2.7,  3.3)",17.3,"(14.1, 20.6)",6.5,"( 5.7,  7.3)",7.2,"( 6.5,  8.1)",18.4,"(16.1, 21.0)",13.7,"(11.9, 15.5)",4.6,"( 4.1,  5.1)",10,"( 8.8, 11.3)",34.7,"(30.3, 39.6)",37.9,"(32.7, 43.5)",21.3,"(17.9, 24.8)",26,"(22.1, 30.1)",21.5,"(18.4, 24.8)",14.1,"(12.2, 16.3)",13.6,"(11.7, 15.6)",26.9,"(23.1, 31.2)",POINT (-103.1127778 32.723637)
NM,New Mexico,Lea,35025,35025000503,4384,"3,155",14.4,"(11.5, 17.8)",20.3,"(17.7, 23.0)",17.4,"(14.3, 21.0)",29,"(25.4, 32.7)",69.4,"(66.1, 72.7)",5.9,"( 5.3,  6.6)",9.4,"( 8.2, 10.7)",4.9,"( 4.3,  5.5)",65.9,"(61.4, 70.5)",81.7,"(78.9, 84.4)",57.4,"(52.0, 62.6)",4.9,"( 4.2,  5.7)",11.6,"( 9.5, 13.8)",63.7,"(60.0, 67.3)",21.8,"(18.3, 25.4)",9.1,"( 7.7, 10.5)",18.6,"(15.9, 21.6)",30.6,"(26.7, 34.5)",22.5,"(18.4, 26.9)",72.5,"(64.5, 79.6)",16.4,"(14.3, 18.8)",33.7,"(27.3, 40.6)",12.5,"(10.8, 14.3)",31.5,"(26.2, 37.2)",2.7,"( 2.4,  3.0)",10.8,"( 8.6, 13.2)",6.1,"( 5.3,  6.9)",5.2,"( 4.6,  5.9)",14.6,"(12.6, 16.9)",11.4,"( 9.7, 13.2)",3.4,"( 3.0,  3.8)",7.6,"( 6.6,  8.7)",29.6,"(25.4, 34.2)",35.4,"(30.3, 40.7)",12.9,"(10.5, 15.7)",17.4,"(14.2, 20.8)",15.6,"(13.0, 18.4)",10,"( 8.4, 11.7)",9.5,"( 8.1, 11.1)",24.5,"(20.7, 28.4)",POINT (-103.1358576 32.736362)
NM,New Mexico,Lea,35025,35025000504,4210,"3,058",14,"(11.3, 17.0)",21.5,"(18.9, 24.4)",17.3,"(14.2, 20.8)",29.9,"(26.2, 33.7)",70.4,"(66.8, 73.7)",6.5,"( 5.9,  7.2)",9.6,"( 8.5, 10.9)",5.2,"( 4.6,  5.9)",66,"(61.3, 70.4)",81.8,"(79.1, 84.4)",59.7,"(54.7, 64.6)",5.5,"( 4.6,  6.4)",12.6,"(10.3, 15.0)",65.3,"(61.8, 68.8)",22.3,"(19.0, 26.0)",9.1,"( 7.8, 10.6)",18.9,"(16.0, 21.9)",31.6,"(27.8, 35.7)",22.7,"(18.7, 27.1)",73.8,"(66.0, 80.4)",16.7,"(14.6, 19.1)",32.8,"(26.5, 39.8)",13,"(11.3, 14.8)",30.5,"(25.2, 36.2)",2.9,"( 2.5,  3.2)",7.6,"( 6.0,  9.3)",6.5,"( 5.7,  7.3)",5.1,"( 4.4,  5.8)",15,"(12.9, 17.4)",12,"(10.2, 13.9)",3.4,"( 3.0,  3.9)",7.8,"( 6.7,  9.0)",30.4,"(26.3, 35.1)",36,"(30.8, 41.6)",12.2,"( 9.8, 14.9)",16.6,"(13.5, 19.8)",14.6,"(12.1, 17.1)",9.1,"( 7.6, 10.6)",9,"( 7.6, 10.5)",25.2,"(21.2, 29.6)",POINT (-103.156057 32.7452422)
NM,New Mexico,Lea,35025,35025000600,6782,"4,794",17.1,"(13.4, 21.1)",21.6,"(18.8, 24.5)",16.3,"(13.3, 19.6)",31,"(27.2, 34.9)",71.7,"(68.1, 75.0)",6.2,"( 5.5,  6.8)",9.3,"( 8.1, 10.5)",5.5,"( 4.9,  6.2)",66.8,"(62.3, 71.2)",82.6,"(79.8, 85.2)",54.8,"(49.5, 59.9)",5.2,"( 4.4,  6.1)",11.6,"( 9.5, 13.9)",58.6,"(54.7, 62.2)",20.6,"(17.3, 24.2)",10.7,"( 9.1, 12.3)",21.1,"(17.8, 24.6)",32.5,"(28.5, 36.8)",25.1,"(20.7, 29.9)",69.1,"(60.4, 76.6)",15.8,"(13.7, 18.0)",34.4,"(27.8, 41.6)",13.6,"(11.7, 15.5)",32.5,"(27.1, 38.3)",3,"( 2.7,  3.4)",14.2,"(11.7, 17.2)",6.7,"( 5.9,  7.7)",6.1,"( 5.3,  7.0)",15,"(12.7, 17.5)",13.4,"(11.3, 15.5)",3.9,"( 3.4,  4.5)",8,"( 6.9,  9.3)",31.7,"(27.1, 36.4)",35.5,"(30.6, 41.0)",13.8,"(10.9, 17.0)",19.3,"(15.6, 23.3)",16.7,"(13.9, 19.9)",10.2,"( 8.6, 12.0)",10,"( 8.4, 11.8)",25.2,"(21.4, 29.6)",POINT (-103.1577861 32.7241262)
NM,New Mexico,Lea,35025,35025000701,1607,"1,135",15.3,"(12.9, 18.1)",23.3,"(20.5, 26.4)",17.1,"(14.0, 20.6)",32,"(28.2, 36.0)",71.2,"(67.6, 74.6)",6.7,"( 6.0,  7.4)",10,"( 8.7, 11.3)",6.1,"( 5.5,  6.9)",65.8,"(61.3, 70.2)",81.6,"(79.2, 84.0)",53.1,"(47.7, 58.4)",6.5,"( 5.7,  7.4)",14.8,"(12.7, 17.2)",53.4,"(49.4, 57.3)",23,"(19.6, 26.8)",10.4,"( 8.9, 12.0)",21.5,"(18.7, 24.6)",33.3,"(29.2, 37.6)",24.9,"(20.9, 29.4)",66.2,"(57.5, 74.2)",17.5,"(15.5, 19.7)",34.6,"(28.0, 41.5)",14.6,"(12.9, 16.6)",33.4,"(27.9, 39.4)",3.3,"( 3.0,  3.6)",15.5,"(12.6, 18.6)",7.3,"( 6.4,  8.2)",5.8,"( 5.2,  6.4)",16.3,"(14.4, 18.4)",13.8,"(12.0, 15.9)",4.1,"( 3.7,  4.6)",8.7,"( 7.7,  9.7)",33.1,"(28.9, 37.8)",36.3,"(31.3, 41.7)",13.9,"(11.6, 16.4)",18.4,"(15.6, 21.5)",15.8,"(13.6, 18.3)",9.9,"( 8.5, 11.4)",9.7,"( 8.5, 11.2)",26.2,"(22.4, 30.4)",POINT (-103.1105672 32.8129493)
NM,New Mexico,Lea,35025,35025000702,4996,"3,866",21.8,"(18.6, 25.2)",16.2,"(14.0, 18.5)",19.8,"(16.2, 23.6)",27.2,"(23.6, 31.0)",61.4,"(57.6, 65.0)",4,"( 3.6,  4.4)",8.8,"( 7.7, 10.0)",4.4,"( 4.0,  4.9)",59.6,"(54.6, 64.4)",74.8,"(71.9, 77.7)",46.2,"(41.1, 51.4)",4.8,"( 4.3,  5.4)",15.1,"(12.9, 17.4)",53.3,"(49.4, 57.2)",21,"(17.7, 24.5)",8.9,"( 7.7, 10.2)",22.7,"(19.8, 25.8)",28.3,"(24.5, 32.3)",26.1,"(21.9, 30.5)",66.8,"(58.1, 74.6)",18.1,"(15.9, 20.3)",35.6,"(28.8, 42.8)",13.5,"(11.9, 15.1)",34.3,"(28.7, 40.2)",2.5,"( 2.3,  2.7)",16.6,"(13.5, 19.9)",5.9,"( 5.2,  6.6)",6.3,"( 5.7,  6.9)",18,"(15.8, 20.3)",11.2,"( 9.8, 12.7)",3.8,"( 3.5,  4.2)",8.5,"( 7.6,  9.5)",32.7,"(28.5, 37.1)",38.4,"(33.2, 43.9)",17.3,"(14.5, 20.2)",24,"(20.5, 27.7)",20.6,"(17.7, 23.7)",12.6,"(10.8, 14.5)",12.5,"(10.9, 14.3)",29.4,"(25.3, 33.8)",POINT (-103.3471675 32.6402268)
NM,New Mexico,Lea,35025,35025000703,3159,"2,350",11.6,"( 9.8, 13.7)",21.1,"(18.3, 23.9)",17.9,"(14.7, 21.5)",29.4,"(25.7, 33.2)",70.1,"(66.7, 73.4)",6.3,"( 5.7,  7.0)",9.6,"( 8.4, 10.9)",5,"( 4.5,  5.6)",66.4,"(61.8, 70.9)",81.8,"(79.4, 84.0)",59,"(53.8, 63.9)",5.1,"( 4.4,  5.9)",11.9,"( 9.9, 14.0)",66.4,"(62.8, 69.8)",22.5,"(19.0, 26.3)",9,"( 7.7, 10.4)",17.6,"(15.1, 20.2)",31.3,"(27.4, 35.4)",21,"(17.4, 24.9)",72.5,"(64.5, 79.5)",16.7,"(14.6, 19.0)",32.5,"(26.2, 39.4)",12.5,"(10.8, 14.2)",30.3,"(25.1, 35.9)",2.7,"( 2.4,  3.0)",10.9,"( 8.8, 13.2)",6.1,"( 5.4,  6.9)",4.7,"( 4.2,  5.2)",14.5,"(12.6, 16.5)",11.2,"( 9.5, 12.8)",3.3,"( 2.9,  3.6)",7.4,"( 6.5,  8.4)",29.1,"(25.1, 33.4)",35.3,"(30.2, 40.7)",10.8,"( 9.0, 12.9)",14.8,"(12.5, 17.3)",13.1,"(11.1, 15.2)",8.5,"( 7.3,  9.9)",8.5,"( 7.4,  9.7)",24.1,"(20.5, 28.1)",POINT (-103.1668826 32.7763451)
NM,New Mexico,Lea,35025,35025000704,3254,"2,328",19.5,"(16.3, 22.9)",23.7,"(20.8, 26.8)",16,"(13.0, 19.4)",33.4,"(29.6, 37.5)",71.3,"(67.6, 74.7)",6.2,"( 5.5,  6.9)",10.1,"( 8.9, 11.4)",6.4,"( 5.7,  7.2)",65.3,"(60.6, 70.1)",79.6,"(76.7, 82.3)",53.4,"(48.0, 58.5)",7.3,"( 6.4,  8.4)",16.6,"(14.2, 19.3)",57.2,"(53.4, 60.9)",23,"(19.6, 26.8)",11.8,"(10.2, 13.5)",25.6,"(22.2, 29.1)",33.8,"(29.7, 38.0)",29.5,"(25.0, 34.4)",67.1,"(58.4, 75.1)",18.4,"(16.3, 20.7)",36.8,"(29.9, 44.0)",16.2,"(14.2, 18.2)",32.3,"(26.8, 38.1)",3.6,"( 3.2,  3.9)",16.4,"(13.5, 19.7)",7.6,"( 6.7,  8.5)",7.3,"( 6.5,  8.2)",18.3,"(16.0, 20.7)",16,"(13.7, 18.2)",5,"( 4.4,  5.6)",10.2,"( 8.9, 11.5)",36.5,"(32.0, 41.2)",37.4,"(32.2, 42.8)",19.6,"(16.4, 23.1)",24.5,"(20.9, 28.4)",19.6,"(16.9, 22.6)",12.5,"(10.9, 14.4)",12.2,"(10.6, 14.0)",27.3,"(23.4, 31.8)",POINT (-103.1355843 32.7736611)
NM,New Mexico,Lea,35025,35025000800,3329,"2,373",20.7,"(17.1, 24.6)",25.6,"(22.6, 28.7)",15.3,"(12.5, 18.5)",35.9,"(31.9, 40.1)",71.8,"(68.4, 75.2)",6.3,"( 5.6,  7.0)",10.6,"( 9.2, 12.0)",7.6,"( 6.7,  8.4)",65.8,"(61.3, 70.4)",78.6,"(75.6, 81.4)",50.6,"(45.1, 55.8)",8.7,"( 7.5,  9.9)",18.8,"(16.0, 21.7)",50.3,"(46.4, 54.2)",24.3,"(20.6, 28.1)",13.7,"(11.9, 15.6)",29.5,"(25.9, 33.3)",34.8,"(30.6, 39.1)",32.3,"(27.3, 37.3)",63.3,"(54.2, 71.6)",19.5,"(17.2, 21.9)",39.5,"(32.5, 46.8)",18.1,"(16.0, 20.3)",34.1,"(28.4, 40.0)",4.2,"( 3.8,  4.6)",18,"(14.8, 21.4)",8.7,"( 7.7,  9.8)",9.1,"( 8.2, 10.2)",20.1,"(17.6, 22.7)",18.8,"(16.5, 21.3)",6.4,"( 5.6,  7.1)",12.1,"(10.7, 13.6)",40.2,"(35.3, 45.1)",37,"(32.0, 42.5)",25.7,"(22.1, 29.9)",29,"(25.1, 33.3)",22.5,"(19.6, 25.8)",15.7,"(13.7, 18.0)",14.7,"(12.9, 16.9)",26.9,"(23.1, 31.2)",POINT (-103.2159298 32.4693986)
NM,New Mexico,Lea,35025,35025000900,2333,"1,700",20.9,"(16.5, 25.5)",24.6,"(21.6, 27.8)",15.2,"(12.4, 18.2)",35,"(31.0, 39.2)",73.1,"(69.8, 76.1)",6.8,"( 6.1,  7.5)",9.6,"( 8.4, 11.0)",7.6,"( 6.7,  8.5)",66.7,"(62.2, 70.9)",80.5,"(77.4, 83.2)",49.8,"(44.3, 55.2)",7.4,"( 6.3,  8.6)",15,"(12.4, 17.9)",49.9,"(46.0, 53.8)",21.7,"(18.5, 25.5)",13.1,"(11.3, 15.2)",26.9,"(23.2, 30.9)",34.8,"(30.8, 39.1)",30.2,"(25.3, 35.8)",67.7,"(59.1, 75.5)",17.1,"(14.9, 19.4)",36.9,"(30.0, 44.2)",16.4,"(14.3, 18.8)",33.5,"(27.9, 39.3)",4,"( 3.5,  4.5)",20,"(16.6, 23.6)",9,"( 7.9, 10.2)",8.3,"( 7.3,  9.4)",17.7,"(15.2, 20.4)",17.5,"(15.0, 20.2)",5.5,"( 4.8,  6.2)",10.4,"( 8.9, 11.9)",37.9,"(33.0, 43.1)",35.9,"(30.6, 41.6)",20.2,"(15.9, 24.3)",24.9,"(20.3, 29.6)",19.8,"(16.4, 23.3)",12.9,"(10.7, 15.1)",12.6,"(10.5, 14.8)",25.9,"(21.8, 30.2)",POINT (-103.4235032 32.2202291)
NM,New Mexico,Lea,35025,35025001003,4537,"3,189",25.6,"(20.5, 31.1)",22.7,"(20.1, 25.6)",15,"(12.1, 18.2)",34,"(30.3, 38.1)",70.2,"(66.8, 73.4)",5.3,"( 4.8,  5.9)",9.9,"( 8.7, 11.2)",6.9,"( 6.2,  7.8)",64.6,"(59.6, 69.1)",76.9,"(73.6, 80.1)",48.1,"(42.7, 53.2)",7.4,"( 6.4,  8.6)",17,"(14.3, 20.1)",48.8,"(45.0, 52.7)",22.4,"(19.1, 26.0)",13.7,"(11.9, 15.7)",30.8,"(26.8, 35.3)",33.4,"(29.5, 37.6)",34.5,"(29.4, 40.1)",65.3,"(56.8, 73.2)",18.8,"(16.6, 21.3)",39.6,"(32.6, 46.9)",17.6,"(15.4, 20.0)",34.3,"(28.7, 40.2)",3.9,"( 3.5,  4.3)",20.4,"(16.9, 24.5)",8.3,"( 7.3,  9.4)",10.1,"( 8.8, 11.4)",20.4,"(17.5, 23.3)",18.4,"(16.0, 21.0)",6.3,"( 5.5,  7.2)",12,"(10.4, 13.8)",40.4,"(35.4, 45.7)",37.7,"(32.4, 43.3)",28.2,"(23.3, 33.5)",33,"(27.6, 38.7)",25.5,"(21.6, 29.7)",17.1,"(14.5, 19.7)",16.3,"(13.8, 19.1)",27.7,"(23.6, 32.4)",POINT (-103.3513931 32.9371831)
NM,New Mexico,Lea,35025,35025001004,4001,"2,713",21.6,"(17.2, 26.7)",20.2,"(17.7, 23.0)",16.1,"(13.1, 19.6)",30.6,"(26.9, 34.5)",69.1,"(65.4, 72.4)",4.9,"( 4.4,  5.5)",9.3,"( 8.1, 10.6)",5.4,"( 4.8,  6.1)",64.8,"(59.9, 69.6)",79.3,"(76.2, 82.4)",53.4,"(47.9, 58.7)",5.4,"( 4.6,  6.2)",13.5,"(11.1, 15.9)",58.7,"(54.8, 62.5)",21.2,"(17.9, 24.8)",11.7,"(10.1, 13.4)",25.1,"(21.5, 29.0)",31.6,"(27.9, 35.8)",29.5,"(24.6, 34.6)",73,"(65.0, 79.8)",17.2,"(15.0, 19.5)",37.3,"(30.5, 44.6)",15,"(13.0, 17.1)",32.2,"(26.7, 37.9)",3,"( 2.7,  3.4)",9.7,"( 7.8, 11.9)",6.7,"( 5.9,  7.7)",7.7,"( 6.7,  8.8)",17.4,"(14.9, 20.1)",14.6,"(12.5, 16.9)",4.7,"( 4.1,  5.4)",9.3,"( 8.1, 10.8)",34.7,"(30.1, 39.8)",36.6,"(31.4, 42.0)",20,"(16.1, 24.3)",26,"(21.1, 31.0)",21.5,"(17.9, 25.2)",13.6,"(11.4, 15.8)",12.9,"(10.9, 15.2)",26.4,"(22.4, 30.7)",POINT (-103.3497972 32.9643401)
NM,New Mexico,Lea,35025,35025001005,3723,"2,581",29.9,"(24.7, 35.0)",24.2,"(21.3, 27.3)",13.9,"(11.3, 17.0)",36.9,"(32.9, 41.1)",71.9,"(68.6, 75.0)",5.1,"( 4.6,  5.7)",9.9,"( 8.6, 11.3)",8,"( 7.2,  9.0)",64.8,"(60.2, 69.3)",76,"(72.7, 79.1)",45.8,"(40.4, 51.2)",8.4,"( 7.4,  9.5)",19.1,"(16.3, 22.3)",43.7,"(39.8, 47.7)",22.1,"(18.7, 25.9)",16.4,"(14.4, 18.6)",35.7,"(31.4, 40.3)",35.1,"(31.0, 39.6)",39.7,"(34.1, 45.8)",65.3,"(56.5, 73.5)",19.2,"(16.9, 21.9)",42,"(34.7, 49.4)",19.6,"(17.2, 22.1)",35.4,"(29.6, 41.4)",4.5,"( 4.1,  5.0)",24.2,"(20.2, 28.7)",9.3,"( 8.3, 10.4)",12.4,"(11.0, 13.9)",22,"(19.2, 25.2)",21.6,"(19.0, 24.5)",7.6,"( 6.8,  8.7)",13.5,"(11.9, 15.3)",44.2,"(39.0, 49.8)",38.2,"(33.1, 43.8)",35.2,"(30.6, 40.3)",39.6,"(34.8, 44.6)",29.3,"(25.6, 33.1)",19.9,"(17.4, 22.8)",18.8,"(16.4, 21.4)",29,"(24.8, 33.5)",POINT (-103.3442888 32.9506987)
NM,New Mexico,Lea,35025,35025001100,4796,"3,458",16.7,"(13.9, 19.6)",24.2,"(21.2, 27.3)",15.8,"(12.9, 19.0)",33.3,"(29.3, 37.4)",72.9,"(69.5, 76.2)",7.1,"( 6.3,  7.8)",9.8,"( 8.6, 11.2)",6.5,"( 5.8,  7.3)",67.3,"(62.8, 71.6)",82.5,"(80.0, 84.8)",54.2,"(49.1, 59.3)",6.8,"( 5.8,  7.8)",14,"(11.7, 16.6)",61.2,"(57.6, 64.8)",22.2,"(18.8, 25.9)",11.3,"( 9.7, 13.1)",22.9,"(19.8, 26.2)",34.6,"(30.4, 38.9)",26,"(21.8, 30.6)",69.7,"(61.4, 77.3)",16.5,"(14.4, 18.8)",34.7,"(27.9, 41.8)",14.9,"(13.1, 17.0)",31,"(25.7, 36.6)",3.5,"( 3.1,  3.8)",13.8,"(11.2, 16.6)",7.6,"( 6.7,  8.6)",6.5,"( 5.8,  7.2)",15.9,"(13.8, 18.3)",15,"(12.9, 17.2)",4.5,"( 4.0,  5.0)",8.9,"( 7.8, 10.2)",33.7,"(29.2, 38.3)",35.1,"(30.0, 40.3)",15.3,"(12.9, 18.2)",19.7,"(16.8, 23.0)",16.2,"(13.9, 18.8)",10.3,"( 8.8, 11.9)",10.1,"( 8.8, 11.7)",24.8,"(21.1, 28.7)",POINT (-103.4038893 33.1263976)
NM,New Mexico,Lincoln,35027,35027960200,1726,"1,466",14.1,"(11.9, 16.4)",35,"(31.2, 39.1)",11.7,"( 9.5, 14.3)",44.6,"(40.0, 49.3)",80.9,"(77.7, 83.9)",10.7,"( 9.7, 11.9)",9.8,"( 8.6, 11.1)",10.8,"( 9.7, 12.0)",74.6,"(70.5, 78.4)",87,"(85.2, 88.7)",60.9,"(55.1, 66.3)",10.3,"( 9.0, 11.7)",15.5,"(13.2, 18.0)",58.8,"(54.8, 62.7)",22.7,"(19.3, 26.6)",17.1,"(14.8, 19.5)",27.9,"(24.5, 31.3)",40.3,"(35.7, 45.3)",29.8,"(25.1, 34.8)",66.6,"(57.5, 74.6)",15,"(13.2, 16.9)",32.7,"(25.8, 40.3)",18.5,"(16.4, 20.7)",32.1,"(25.9, 38.5)",5.5,"( 5.0,  6.0)",15.2,"(12.3, 18.3)",11.8,"(10.5, 13.2)",8.2,"( 7.4,  9.1)",15.3,"(13.5, 17.3)",21.3,"(18.7, 24.1)",6.1,"( 5.4,  6.7)",10.6,"( 9.3, 11.8)",39.9,"(35.2, 44.6)",32.2,"(27.3, 37.5)",17.2,"(14.4, 20.1)",19.2,"(16.3, 22.3)",13.8,"(11.8, 15.9)",10,"( 8.5, 11.4)",9.6,"( 8.4, 10.9)",23.4,"(19.9, 27.2)",POINT (-105.6609608 33.9119459)
NM,New Mexico,Lincoln,35027,35027960300,3059,"2,595",8.3,"( 6.9,  9.8)",32.7,"(28.9, 36.7)",13.1,"(10.7, 16.0)",39.5,"(35.0, 44.1)",80,"(76.6, 82.9)",11.7,"(10.6, 13.0)",9.8,"( 8.6, 11.2)",8.4,"( 7.5,  9.4)",75.3,"(71.4, 79.0)",89.5,"(88.0, 90.9)",68.6,"(63.2, 73.4)",7.5,"( 6.5,  8.6)",11.4,"( 9.6, 13.5)",68.8,"(65.2, 72.2)",23.1,"(19.5, 27.1)",12.3,"(10.5, 14.3)",19.1,"(16.5, 21.9)",38.5,"(33.9, 43.3)",21,"(17.3, 25.3)",70.6,"(62.1, 78.0)",13.9,"(12.1, 15.8)",28,"(21.8, 35.3)",14.7,"(12.9, 16.7)",30,"(24.1, 36.2)",4.1,"( 3.8,  4.5)",8.7,"( 6.9, 10.7)",9.5,"( 8.4, 10.6)",4.9,"( 4.4,  5.4)",12.2,"(10.6, 13.9)",15.1,"(13.1, 17.5)",3.9,"( 3.5,  4.3)",7.6,"( 6.7,  8.6)",32,"(27.6, 36.7)",31.1,"(26.2, 36.2)",8.4,"( 7.0,  9.9)",10.5,"( 8.9, 12.3)",8.8,"( 7.5, 10.2)",6.1,"( 5.3,  7.1)",6.1,"( 5.3,  6.9)",21.3,"(18.0, 24.6)",POINT (-105.239397 33.7095505)
NM,New Mexico,Lincoln,35027,35027960401,2306,"1,794",17.4,"(15.0, 20.0)",30.8,"(27.4, 34.5)",12.7,"(10.4, 15.6)",40.7,"(36.5, 45.3)",78,"(74.8, 81.1)",8.7,"( 7.9,  9.6)",10,"( 8.8, 11.3)",9.6,"( 8.7, 10.7)",71.7,"(67.5, 75.9)",84.8,"(82.8, 86.7)",59.6,"(53.8, 64.9)",9,"( 8.0, 10.1)",15.6,"(13.4, 18.0)",59.3,"(55.3, 63.1)",23.3,"(19.8, 27.2)",16.4,"(14.3, 18.8)",28.9,"(25.5, 32.3)",37.6,"(33.2, 42.3)",30.6,"(25.8, 35.7)",66,"(56.9, 74.1)",16.3,"(14.4, 18.4)",33.8,"(26.9, 41.9)",18.4,"(16.4, 20.7)",33.1,"(26.9, 39.6)",4.9,"( 4.6,  5.3)",13.5,"(11.1, 16.3)",10.7,"( 9.5, 12.0)",8.7,"( 8.0,  9.5)",16.8,"(14.9, 18.8)",20.2,"(17.8, 22.8)",6.2,"( 5.6,  6.8)",10.9,"( 9.7, 12.1)",39.6,"(35.0, 44.5)",34,"(28.9, 39.2)",19.9,"(17.0, 22.8)",23.1,"(20.0, 26.2)",17.5,"(15.1, 20.0)",12.1,"(10.5, 13.8)",11.5,"(10.1, 12.9)",25.1,"(21.3, 28.9)",POINT (-105.1118591 33.3066984)
NM,New Mexico,Lincoln,35027,35027960402,1161,969,6.4,"( 5.0,  8.2)",33,"(28.7, 37.3)",13.2,"(10.7, 16.1)",39.4,"(34.5, 44.3)",80.3,"(76.7, 83.6)",12.6,"(11.3, 14.0)",9.6,"( 8.3, 11.0)",8,"( 6.7,  9.3)",76.5,"(72.5, 80.1)",91.2,"(89.8, 92.6)",70.4,"(65.4, 75.0)",6.9,"( 5.4,  8.5)",10.2,"( 7.8, 13.0)",74.7,"(71.4, 77.6)",22.5,"(18.9, 26.6)",11.5,"( 9.5, 13.6)",16.7,"(13.6, 20.1)",39.2,"(34.4, 44.4)",18.3,"(14.2, 22.6)",73,"(64.8, 79.9)",12.7,"(10.8, 14.6)",26.8,"(20.5, 34.1)",13.6,"(11.4, 15.9)",28.2,"(22.5, 34.3)",3.8,"( 3.3,  4.4)",7,"( 5.4,  8.6)",8.9,"( 7.6, 10.3)",4,"( 3.4,  4.7)",10.6,"( 8.8, 12.5)",13.5,"(11.0, 16.4)",3.3,"( 2.7,  4.0)",6.6,"( 5.4,  7.9)",29.2,"(24.2, 34.2)",29.4,"(24.6, 34.4)",6.2,"( 4.5,  8.3)",7.9,"( 6.1, 10.1)",6.9,"( 5.5,  8.4)",4.9,"( 4.0,  5.9)",4.8,"( 4.0,  5.8)",19.7,"(16.2, 23.2)",POINT (-105.7124276 33.4236991)
NM,New Mexico,Lincoln,35027,35027960403,3535,"2,834",14.1,"(11.5, 16.9)",31.9,"(28.2, 35.8)",12.5,"(10.1, 15.2)",40.7,"(36.3, 45.4)",79.5,"(76.4, 82.4)",10.2,"( 9.2, 11.3)",9.7,"( 8.5, 11.0)",9.3,"( 8.3, 10.6)",73.5,"(69.5, 77.4)",86.7,"(84.7, 88.5)",59.8,"(54.0, 65.0)",8.7,"( 7.4, 10.3)",13.6,"(11.2, 16.3)",59.3,"(55.4, 63.0)",22.7,"(19.2, 26.6)",14.6,"(12.6, 17.0)",24.6,"(21.3, 28.3)",38.1,"(33.7, 43.0)",26.6,"(22.0, 31.6)",67,"(58.4, 74.7)",14.7,"(12.8, 16.7)",31.1,"(24.4, 38.9)",16.5,"(14.4, 18.8)",31.6,"(25.6, 38.0)",4.7,"( 4.2,  5.3)",18.2,"(15.0, 21.6)",10.4,"( 9.2, 11.8)",7,"( 6.2,  7.9)",14.4,"(12.5, 16.6)",18,"(15.6, 20.9)",5.1,"( 4.4,  5.8)",9.4,"( 8.2, 10.8)",36.2,"(31.4, 41.2)",32.2,"(27.1, 37.4)",15.1,"(12.5, 18.0)",17.5,"(14.6, 20.6)",13.2,"(11.2, 15.3)",9.2,"( 7.9, 10.7)",9,"( 7.8, 10.3)",22.6,"(19.1, 26.4)",POINT (-105.5665202 33.3951284)
NM,New Mexico,Lincoln,35027,35027960601,1913,"1,641",13.8,"(11.3, 16.5)",35.3,"(31.5, 39.2)",12.2,"( 9.9, 15.0)",43.5,"(39.0, 48.1)",79.7,"(76.5, 82.6)",10.7,"( 9.6, 11.9)",10.8,"( 9.5, 12.2)",10.9,"( 9.5, 12.2)",73.5,"(69.4, 77.5)",85.7,"(83.6, 87.7)",59,"(53.1, 64.5)",11.5,"( 9.7, 13.3)",17.2,"(14.4, 20.2)",56.2,"(52.2, 60.0)",25.3,"(21.6, 29.4)",16.3,"(14.1, 18.7)",28.8,"(24.8, 32.7)",39.4,"(34.8, 44.1)",29.1,"(24.1, 34.1)",65.7,"(56.9, 73.8)",16.6,"(14.5, 18.7)",33.1,"(26.2, 40.9)",19.3,"(16.8, 21.8)",33.6,"(27.3, 40.1)",5.6,"( 5.0,  6.3)",20,"(16.2, 23.8)",11.7,"(10.2, 13.2)",8.5,"( 7.4,  9.5)",17,"(14.7, 19.3)",21.9,"(18.7, 25.0)",6.7,"( 5.8,  7.6)",11.8,"(10.2, 13.5)",40.7,"(35.6, 45.7)",33,"(28.0, 38.4)",19.9,"(16.7, 23.6)",20.6,"(17.5, 24.3)",14.8,"(12.7, 17.3)",11.2,"( 9.6, 12.9)",10.7,"( 9.3, 12.3)",23.3,"(19.7, 27.2)",POINT (-105.6985374 33.3660326)
NM,New Mexico,Lincoln,35027,35027960602,1898,"1,508",10.2,"( 8.5, 12.3)",32.3,"(28.8, 36.1)",12.8,"(10.4, 15.6)",40.4,"(36.2, 45.1)",79,"(75.9, 82.0)",10.4,"( 9.3, 11.5)",10.2,"( 9.0, 11.6)",9.1,"( 8.0, 10.3)",74,"(70.0, 77.9)",86.9,"(84.9, 88.6)",61.8,"(56.0, 67.0)",8.6,"( 7.1, 10.1)",13.4,"(10.8, 16.3)",60.7,"(56.7, 64.5)",24.3,"(20.8, 28.4)",14.3,"(12.3, 16.6)",23.1,"(19.8, 26.8)",37.4,"(33.1, 42.1)",24.6,"(20.1, 29.6)",67.7,"(58.8, 75.5)",15.4,"(13.4, 17.5)",31.6,"(25.0, 39.5)",16.2,"(14.1, 18.5)",32.1,"(26.0, 38.6)",4.6,"( 4.0,  5.2)",12.1,"( 9.7, 14.8)",10.2,"( 8.9, 11.5)",6.7,"( 5.9,  7.5)",14.1,"(12.2, 16.2)",17.5,"(14.9, 20.4)",5,"( 4.3,  5.7)",9.5,"( 8.2, 10.9)",35.3,"(30.7, 40.4)",31.2,"(26.3, 36.2)",15.1,"(12.1, 18.0)",16.2,"(13.2, 19.0)",12.5,"(10.5, 14.5)",9.8,"( 8.3, 11.3)",9,"( 7.7, 10.3)",21,"(17.6, 24.6)",POINT (-105.6541472 33.3362405)
NM,New Mexico,Lincoln,35027,35027960603,2182,"1,866",7.6,"( 6.1,  9.3)",33.3,"(29.5, 37.6)",12.2,"( 9.9, 14.9)",39.8,"(35.2, 44.8)",81.2,"(77.9, 84.3)",12.8,"(11.5, 14.1)",9.5,"( 8.4, 10.9)",8.3,"( 7.2,  9.6)",77.1,"(73.3, 80.7)",91.1,"(89.7, 92.4)",62.7,"(56.9, 68.0)",6.8,"( 5.5,  8.4)",9.3,"( 7.4, 11.7)",61.2,"(57.3, 64.9)",21.7,"(18.4, 25.6)",12.1,"(10.3, 14.2)",17.6,"(14.6, 21.0)",39.1,"(34.6, 44.1)",19.8,"(15.7, 24.4)",65.3,"(56.1, 73.4)",12.4,"(10.8, 14.3)",26.5,"(20.4, 33.9)",13.9,"(11.9, 16.2)",30.7,"(24.7, 36.9)",4.1,"( 3.5,  4.7)",14.2,"(11.5, 17.1)",9.6,"( 8.4, 11.0)",4.6,"( 4.0,  5.3)",10.8,"( 9.3, 12.6)",14.7,"(12.2, 17.5)",3.5,"( 3.0,  4.1)",7,"( 5.9,  8.4)",30.9,"(26.4, 35.9)",29.9,"(25.1, 35.1)",6.8,"( 5.2,  8.6)",8.9,"( 7.0, 11.0)",7.5,"( 6.2,  9.1)",5.2,"( 4.3,  6.2)",5.2,"( 4.4,  6.2)",19.9,"(16.7, 23.6)",POINT (-105.6555358 33.3767508)
NM,New Mexico,Lincoln,35027,35027960800,2489,"2,005",14.4,"(11.4, 17.5)",31.3,"(27.8, 35.0)",13.1,"(10.7, 16.0)",39.4,"(35.2, 44.0)",77.9,"(74.6, 80.9)",9.6,"( 8.6, 10.6)",10.3,"( 9.0, 11.6)",8.9,"( 7.9, 10.1)",72.2,"(68.0, 76.3)",85.9,"(83.7, 87.9)",61.2,"(55.6, 66.4)",8.8,"( 7.3, 10.4)",14.7,"(12.2, 17.5)",60,"(56.1, 63.8)",24.1,"(20.5, 28.2)",14.4,"(12.5, 16.6)",25.5,"(22.0, 29.5)",37.2,"(32.8, 41.8)",27,"(22.6, 32.3)",64.7,"(56.1, 72.9)",16.1,"(14.1, 18.3)",31.9,"(25.4, 39.7)",17.3,"(15.2, 19.7)",33,"(26.6, 39.5)",4.6,"( 4.1,  5.2)",13.7,"(11.1, 16.7)",10,"( 8.8, 11.3)",7.2,"( 6.4,  8.3)",15.7,"(13.7, 18.1)",18.5,"(15.8, 21.5)",5.4,"( 4.7,  6.2)",10.1,"( 8.7, 11.7)",37.2,"(32.5, 42.3)",33.7,"(28.7, 39.1)",16.2,"(13.2, 19.5)",19,"(15.6, 22.6)",14.9,"(12.6, 17.4)",10.3,"( 8.8, 12.0)",9.9,"( 8.5, 11.4)",24.1,"(20.6, 28.3)",POINT (-105.6992041 33.3154857)
NM,New Mexico,Los Alamos,35028,35028000100,4256,"3,153",5.7,"( 4.2,  7.5)",24,"(20.8, 27.3)",15.6,"(12.6, 18.8)",29.2,"(25.0, 33.2)",74.6,"(70.4, 78.0)",9.2,"( 8.2, 10.2)",9.2,"( 8.0, 10.5)",5.3,"( 4.5,  6.2)",72.7,"(68.1, 76.5)",89,"(86.9, 90.6)",64.6,"(59.5, 69.5)",4.2,"( 3.3,  5.4)",7.9,"( 5.9, 10.2)",75.7,"(72.8, 78.6)",21,"(17.5, 24.6)",8.4,"( 7.0,  9.8)",12.6,"(10.1, 15.4)",33.9,"(29.3, 38.2)",14.3,"(11.0, 18.0)",76.8,"(69.4, 83.2)",12.4,"(10.6, 14.3)",25.3,"(18.9, 31.9)",10.4,"( 8.7, 12.3)",28.9,"(23.5, 34.9)",2.6,"( 2.2,  3.1)",5.8,"( 4.6,  7.2)",6.3,"( 5.5,  7.3)",3.1,"( 2.6,  3.7)",9.7,"( 8.1, 11.5)",9.2,"( 7.4, 11.4)",2.4,"( 2.0,  2.9)",5.2,"( 4.2,  6.3)",22.7,"(18.5, 27.0)",31,"(26.0, 36.6)",4.9,"( 3.5,  6.6)",7.1,"( 5.4,  9.2)",6.6,"( 5.2,  8.3)",4.5,"( 3.7,  5.6)",4.5,"( 3.7,  5.5)",20.1,"(16.7, 24.2)",POINT (-106.2758276 35.9384241)
NM,New Mexico,Los Alamos,35028,35028000200,5388,"4,016",4.8,"( 3.8,  5.8)",20.3,"(17.4, 23.3)",17.7,"(14.3, 21.1)",25,"(21.3, 28.8)",70.7,"(66.4, 74.5)",7.7,"( 6.9,  8.5)",9,"( 7.8, 10.3)",3.9,"( 3.4,  4.4)",70.8,"(66.2, 75.0)",88.8,"(86.8, 90.4)",65,"(59.9, 69.9)",3.1,"( 2.6,  3.8)",6.7,"( 5.1,  8.5)",78.7,"(76.0, 81.3)",21.1,"(17.6, 24.7)",6.8,"( 5.7,  8.1)",10.1,"( 8.4, 12.0)",30.9,"(26.6, 35.1)",11.7,"( 9.0, 14.6)",77.6,"(70.4, 83.9)",12.2,"(10.4, 14.0)",24.8,"(18.3, 31.5)",8.9,"( 7.5, 10.2)",27.9,"(22.7, 33.8)",2,"( 1.7,  2.2)",4.1,"( 3.2,  5.2)",4.8,"( 4.2,  5.4)",2.4,"( 2.1,  2.8)",8.8,"( 7.3, 10.2)",6.8,"( 5.6,  8.1)",1.8,"( 1.6,  2.1)",4.2,"( 3.6,  4.9)",18.8,"(15.5, 22.3)",30.6,"(25.4, 35.9)",3.7,"( 2.7,  5.0)",5.7,"( 4.4,  7.3)",6,"( 4.8,  7.5)",4.1,"( 3.4,  5.0)",4,"( 3.3,  4.8)",19.3,"(15.9, 23.0)",POINT (-106.3473497 35.9219446)
NM,New Mexico,Los Alamos,35028,35028000400,3907,"3,297",7.1,"( 5.6,  8.7)",22.9,"(19.9, 26.1)",15.7,"(12.6, 18.8)",29.5,"(25.5, 33.5)",73.4,"(69.8, 76.4)",8.1,"( 7.3,  9.0)",9.1,"( 7.9, 10.4)",5.6,"( 4.9,  6.4)",70.7,"(66.0, 74.7)",86,"(83.8, 87.9)",64.3,"(59.2, 69.1)",4.6,"( 3.8,  5.5)",8.5,"( 6.7, 10.8)",73.1,"(69.9, 76.3)",21.1,"(17.6, 24.7)",9.1,"( 7.7, 10.7)",14.5,"(12.1, 17.1)",32.5,"(28.2, 36.7)",16.2,"(12.9, 20.0)",77.1,"(70.0, 83.4)",13.2,"(11.5, 15.3)",26.8,"(20.1, 33.7)",10.9,"( 9.3, 12.6)",29.3,"(23.9, 35.3)",2.8,"( 2.5,  3.2)",4.8,"( 3.8,  6.1)",6.7,"( 5.9,  7.7)",3.9,"( 3.4,  4.5)",10.9,"( 9.3, 12.8)",10.1,"( 8.5, 12.1)",2.8,"( 2.4,  3.2)",6,"( 5.1,  7.1)",25,"(21.1, 29.2)",31.9,"(26.7, 37.4)",7.3,"( 5.6,  9.3)",9.6,"( 7.7, 11.8)",8.4,"( 6.9, 10.2)",6.1,"( 5.1,  7.2)",6,"( 5.1,  7.1)",21,"(17.4, 24.6)",POINT (-106.2880898 35.8407129)
NM,New Mexico,Los Alamos,35028,35028000500,5868,"4,584",4.6,"( 3.6,  5.6)",25.2,"(21.7, 28.7)",15.6,"(12.5, 18.7)",30,"(25.7, 34.1)",76.3,"(72.4, 79.7)",10.3,"( 9.3, 11.4)",9,"( 7.8, 10.3)",5.4,"( 4.7,  6.1)",74.4,"(70.0, 78.1)",90.8,"(89.2, 92.1)",69.7,"(65.1, 74.1)",3.9,"( 3.1,  4.7)",6.4,"( 4.7,  8.2)",79.8,"(77.2, 82.4)",20.3,"(16.8, 24.0)",8.3,"( 6.9,  9.8)",11.1,"( 9.1, 13.2)",34.9,"(30.2, 39.4)",12.6,"( 9.6, 15.8)",77.5,"(70.2, 83.7)",11.3,"( 9.6, 13.2)",24.9,"(18.3, 31.6)",9.8,"( 8.2, 11.4)",26.7,"(21.5, 32.4)",2.6,"( 2.2,  3.0)",4.8,"( 3.8,  5.9)",6.4,"( 5.6,  7.3)",2.7,"( 2.4,  3.1)",8.4,"( 7.0,  9.9)",8.7,"( 7.1, 10.4)",2.1,"( 1.8,  2.5)",4.5,"( 3.8,  5.3)",21.4,"(17.6, 25.4)",29.2,"(24.4, 34.5)",3.4,"( 2.6,  4.5)",5.2,"( 4.1,  6.6)",5.4,"( 4.4,  6.6)",3.8,"( 3.1,  4.6)",3.7,"( 3.1,  4.4)",18.2,"(15.1, 21.7)",POINT (-106.3431514 35.817215)
NM,New Mexico,Luna,35029,35029000100,5838,"4,352",25.8,"(21.4, 30.9)",30.6,"(27.1, 34.1)",11.5,"( 9.2, 13.9)",41.2,"(36.9, 45.7)",77.7,"(74.7, 80.4)",7.9,"( 7.1,  8.7)",10.1,"( 8.8, 11.4)",10.9,"( 9.6, 12.2)",70,"(65.5, 74.1)",81.3,"(78.7, 83.6)",56,"(50.0, 61.6)",10.7,"( 9.3, 12.4)",17.9,"(15.0, 21.0)",47.9,"(43.7, 52.0)",23,"(19.4, 26.8)",18.8,"(16.4, 21.4)",34.8,"(30.5, 39.5)",39.5,"(35.0, 44.0)",36.9,"(31.1, 43.0)",66.4,"(57.0, 75.0)",17.5,"(15.3, 19.9)",36.9,"(29.5, 44.9)",20.6,"(18.0, 23.3)",36.6,"(29.6, 43.9)",5.8,"( 5.2,  6.4)",20.3,"(16.7, 24.1)",11.9,"(10.5, 13.3)",12.3,"(10.9, 13.9)",19.9,"(17.3, 22.9)",24,"(21.0, 27.3)",8.2,"( 7.2,  9.2)",13.6,"(11.9, 15.5)",43.7,"(38.4, 49.0)",35.1,"(29.7, 40.5)",31.8,"(27.0, 36.6)",33.6,"(28.7, 38.4)",23.5,"(20.2, 26.9)",16.8,"(14.5, 19.2)",16,"(13.8, 18.3)",26.4,"(22.3, 30.6)",POINT (-107.7022911 32.2482451)
NM,New Mexico,Luna,35029,35029000200,4261,"3,082",25.8,"(21.6, 30.5)",28,"(24.8, 31.4)",12,"( 9.6, 14.5)",38.5,"(34.4, 42.9)",76.1,"(73.0, 78.9)",6.8,"( 6.1,  7.5)",9.9,"( 8.7, 11.3)",9.4,"( 8.4, 10.4)",68.9,"(64.2, 73.1)",80.8,"(78.0, 83.2)",51.3,"(45.0, 57.4)",8.9,"( 7.9, 10.0)",16.5,"(14.2, 19.2)",50.9,"(46.5, 55.2)",22.6,"(19.2, 26.6)",17.7,"(15.6, 20.1)",33.5,"(29.8, 37.6)",37.7,"(33.3, 42.2)",36.5,"(31.3, 42.2)",64.4,"(54.4, 73.3)",17.8,"(15.6, 20.0)",36.7,"(29.4, 44.5)",19.7,"(17.5, 22.2)",37,"(29.9, 44.2)",5.1,"( 4.6,  5.5)",18,"(14.4, 21.8)",10.6,"( 9.5, 11.9)",11.8,"(10.6, 13.0)",19.8,"(17.5, 22.5)",22.3,"(19.7, 25.1)",7.5,"( 6.7,  8.3)",12.8,"(11.4, 14.4)",42.2,"(37.4, 47.4)",36.1,"(30.6, 41.6)",30.3,"(25.9, 34.6)",33.8,"(29.2, 38.5)",24.5,"(21.1, 28.1)",16.8,"(14.4, 19.0)",15.9,"(13.8, 18.2)",27.3,"(23.2, 31.6)",POINT (-107.7826793 32.2365982)
NM,New Mexico,Luna,35029,35029000300,2305,"1,720",21.8,"(17.2, 26.7)",30.8,"(27.3, 34.3)",11.1,"( 9.0, 13.5)",40.4,"(36.1, 44.7)",79.5,"(76.5, 82.0)",8.8,"( 7.9,  9.7)",9.6,"( 8.5, 11.0)",10.3,"( 9.1, 11.5)",72.3,"(68.2, 76.1)",84.9,"(82.5, 87.0)",57.7,"(51.5, 63.4)",8.7,"( 7.3, 10.2)",13.4,"(11.0, 15.9)",56.2,"(52.1, 60.2)",21.4,"(18.0, 25.0)",17.6,"(15.3, 20.0)",30.1,"(25.9, 34.4)",39.7,"(35.0, 44.2)",33.1,"(27.7, 38.8)",69.5,"(60.3, 77.6)",15.5,"(13.4, 17.7)",33.8,"(26.7, 41.5)",18.6,"(16.2, 21.1)",33.6,"(26.9, 40.6)",5.4,"( 4.8,  6.0)",18.9,"(15.4, 22.6)",11.7,"(10.3, 13.1)",10.3,"( 9.0, 11.7)",17,"(14.5, 19.5)",22.2,"(19.1, 25.3)",6.7,"( 5.8,  7.7)",11.5,"(10.0, 13.3)",40.8,"(35.4, 46.1)",34.1,"(28.8, 39.8)",22.2,"(18.1, 26.6)",26,"(21.6, 30.9)",18.9,"(15.8, 22.3)",12.6,"(10.6, 14.7)",12.4,"(10.5, 14.6)",25,"(21.0, 29.4)",POINT (-107.7665526 32.2587546)
NM,New Mexico,Luna,35029,35029000401,3589,"2,635",25.2,"(21.7, 29.0)",29.6,"(26.1, 33.0)",12,"( 9.7, 14.6)",39.7,"(35.4, 44.0)",76.9,"(73.7, 79.8)",7.7,"( 7.0,  8.5)",10.2,"( 8.9, 11.5)",10.3,"( 9.2, 11.4)",69.3,"(64.8, 73.5)",81.8,"(79.3, 83.9)",49.9,"(43.7, 55.8)",9.9,"( 8.7, 11.2)",17.2,"(14.8, 19.7)",46.7,"(42.5, 50.8)",22.9,"(19.3, 26.7)",17.8,"(15.5, 20.2)",33.5,"(29.7, 37.2)",39.3,"(34.7, 43.7)",34.8,"(29.5, 40.1)",65.5,"(55.6, 74.1)",17.3,"(15.2, 19.4)",35.5,"(28.2, 43.4)",20.1,"(17.8, 22.5)",36.6,"(29.6, 43.8)",5.4,"( 4.9,  5.8)",23.6,"(19.4, 27.8)",11.2,"(10.0, 12.6)",11.3,"(10.2, 12.4)",19.6,"(17.3, 21.9)",22.7,"(20.0, 25.5)",7.6,"( 6.9,  8.4)",12.7,"(11.3, 14.2)",42.3,"(37.2, 47.3)",35.7,"(30.3, 41.2)",27.7,"(23.9, 31.4)",31.2,"(27.3, 35.2)",22.4,"(19.5, 25.5)",15.1,"(13.1, 17.1)",14.9,"(13.1, 16.8)",27.2,"(23.1, 31.4)",POINT (-107.771516 31.953907)
NM,New Mexico,Luna,35029,35029000402,2220,"1,773",20.6,"(17.4, 24.1)",33.7,"(30.1, 37.5)",11,"( 8.9, 13.4)",43.6,"(39.2, 48.2)",80.4,"(77.4, 83.1)",9.7,"( 8.7, 10.8)",10,"( 8.8, 11.4)",11.7,"(10.4, 13.1)",72.7,"(68.5, 76.7)",85,"(82.8, 86.8)",59.1,"(52.9, 64.7)",11,"( 9.4, 12.8)",16.3,"(13.8, 19.3)",55.1,"(50.9, 59.1)",22.2,"(18.8, 25.9)",18.7,"(16.3, 21.4)",31.6,"(27.8, 35.9)",42.2,"(37.5, 46.8)",33.2,"(28.1, 38.8)",69,"(59.8, 76.9)",15.9,"(14.0, 18.0)",34.1,"(27.0, 42.0)",19.9,"(17.6, 22.5)",34.3,"(27.5, 41.3)",5.9,"( 5.3,  6.6)",18.6,"(15.1, 22.3)",12.6,"(11.2, 14.1)",10.4,"( 9.3, 11.7)",17.5,"(15.4, 20.0)",23.7,"(20.7, 27.1)",7.3,"( 6.5,  8.3)",12.1,"(10.6, 13.8)",42.2,"(37.3, 47.4)",33.7,"(28.5, 39.3)",22.9,"(19.3, 26.8)",25.6,"(21.9, 29.8)",17.7,"(15.2, 20.5)",12.2,"(10.5, 14.1)",12.3,"(10.7, 14.1)",25.4,"(21.5, 29.7)",POINT (-107.4892665 32.028909)
NM,New Mexico,Luna,35029,35029000500,4228,"3,159",25.8,"(22.1, 29.4)",33.3,"(29.7, 36.9)",11,"( 8.8, 13.5)",44.3,"(39.9, 48.6)",78.7,"(75.7, 81.4)",8.4,"( 7.5,  9.2)",10.6,"( 9.3, 12.0)",12.6,"(11.4, 13.9)",70.3,"(65.9, 74.6)",81,"(78.5, 83.4)",53.4,"(47.2, 59.2)",13.1,"(11.5, 14.7)",21.1,"(18.3, 23.8)",47.9,"(43.7, 51.9)",24.1,"(20.5, 27.9)",20.7,"(18.2, 23.3)",38.1,"(34.2, 42.0)",41.2,"(36.6, 45.7)",39.1,"(33.7, 44.3)",65.9,"(56.2, 74.5)",18.4,"(16.4, 20.6)",38,"(30.6, 46.2)",22.7,"(20.1, 25.1)",36.4,"(29.4, 43.7)",6.6,"( 6.1,  7.2)",25.1,"(20.7, 29.7)",13.3,"(11.9, 14.8)",13.7,"(12.5, 15.0)",21.6,"(19.2, 23.9)",27.1,"(24.1, 30.1)",9.6,"( 8.7, 10.6)",15.3,"(13.7, 17.0)",46.9,"(41.9, 51.6)",35.5,"(29.9, 41.1)",35.8,"(31.8, 40.1)",36.1,"(32.0, 40.5)",24.4,"(21.4, 27.6)",18,"(15.9, 20.3)",17.3,"(15.3, 19.4)",27.2,"(23.1, 31.6)",POINT (-107.8576489 32.2864828)
NM,New Mexico,Luna,35029,35029000600,2986,"2,397",26.5,"(21.6, 31.6)",22.4,"(19.5, 25.3)",14.2,"(11.5, 17.2)",34.1,"(30.1, 38.2)",70.6,"(67.6, 73.3)",4.9,"( 4.4,  5.4)",9.8,"( 8.6, 11.2)",8.5,"( 7.4,  9.6)",64,"(59.2, 68.5)",72.9,"(69.4, 76.2)",47.7,"(41.6, 53.8)",8,"( 6.7,  9.2)",17.5,"(14.7, 20.8)",45.2,"(41.0, 49.3)",23.7,"(20.0, 27.7)",16.1,"(13.8, 18.4)",34.5,"(29.9, 39.0)",34.6,"(30.4, 38.8)",35.4,"(29.6, 41.2)",63.9,"(53.7, 72.7)",19.8,"(17.3, 22.5)",35.1,"(27.7, 42.9)",19.1,"(16.5, 21.6)",37,"(29.9, 44.3)",4.5,"( 3.9,  5.0)",27.7,"(23.1, 32.8)",10,"( 8.7, 11.2)",12.7,"(11.0, 14.3)",23,"(19.8, 26.2)",20.1,"(17.2, 23.0)",7.6,"( 6.5,  8.7)",13.9,"(12.0, 15.8)",43.2,"(37.6, 49.0)",38.4,"(32.9, 44.2)",33.3,"(27.8, 38.8)",36.8,"(30.9, 42.7)",25.3,"(21.4, 29.3)",17.8,"(15.2, 20.5)",18.7,"(15.9, 21.6)",28.6,"(24.2, 33.4)",POINT (-107.7432256 32.2748182)
NM,New Mexico,McKinley,35031,35031940301,2131,"1,578",12.9,"(10.0, 16.3)",27.7,"(24.7, 30.7)",12.9,"(10.6, 15.6)",38.2,"(34.4, 42.1)",72,"(68.6, 75.2)",5.9,"( 5.3,  6.6)",15.1,"(13.3, 16.9)",9.1,"( 8.1, 10.3)",66,"(61.8, 70.5)",77.7,"(74.7, 80.8)",39.1,"(33.9, 44.3)",11.1,"( 9.5, 12.9)",28.7,"(24.6, 32.6)",42.7,"(38.7, 46.3)",24.8,"(21.3, 28.5)",19.1,"(16.9, 21.5)",35.1,"(30.7, 39.7)",34,"(30.3, 37.8)",30.7,"(25.9, 35.4)",63.7,"(54.9, 71.8)",23.9,"(21.4, 26.5)",41.2,"(35.0, 47.9)",22.7,"(20.0, 25.4)",41.8,"(36.0, 47.7)",5.9,"( 5.3,  6.7)",30.3,"(25.5, 35.4)",11.7,"(10.5, 13.2)",12.3,"(10.7, 14.0)",23.5,"(20.5, 26.6)",23,"(20.0, 26.2)",7.5,"( 6.4,  8.7)",16.3,"(14.2, 18.6)",44,"(39.0, 49.0)",39.1,"(34.0, 44.4)",35.6,"(30.3, 41.2)",41.6,"(36.0, 47.5)",29.1,"(25.1, 33.2)",22.9,"(20.0, 26.0)",22.9,"(19.8, 26.1)",34.9,"(30.3, 39.7)",POINT (-108.8322593 35.0759872)
NM,New Mexico,McKinley,35031,35031940302,4002,"2,953",14.2,"(11.0, 18.2)",27.6,"(24.6, 31.0)",12.7,"(10.4, 15.4)",38.7,"(34.9, 43.0)",71.2,"(67.8, 74.5)",5.6,"( 5.0,  6.2)",15.3,"(13.6, 17.3)",9.4,"( 8.2, 10.7)",65.5,"(61.1, 69.9)",75.7,"(72.3, 79.1)",40.8,"(35.6, 45.9)",12.1,"(10.2, 14.3)",30.8,"(26.2, 35.7)",43.6,"(39.5, 47.3)",25.6,"(22.0, 29.7)",19.8,"(17.3, 22.5)",37.6,"(32.8, 42.8)",33.8,"(30.0, 38.0)",32.7,"(27.7, 38.1)",53.5,"(44.2, 62.1)",24.9,"(22.1, 27.9)",42.9,"(36.8, 49.8)",23.6,"(20.8, 26.8)",42.4,"(36.6, 48.4)",6.2,"( 5.4,  7.0)",38.3,"(32.3, 43.9)",12,"(10.6, 13.6)",13.9,"(12.1, 16.1)",25.2,"(21.7, 28.9)",24.1,"(20.9, 27.7)",8.5,"( 7.2,  9.9)",18.1,"(15.5, 20.9)",45.8,"(40.5, 51.2)",39.2,"(34.0, 44.5)",42.7,"(36.2, 49.3)",46.6,"(39.9, 53.2)",32.1,"(27.5, 37.1)",26.6,"(23.0, 30.4)",26.1,"(22.5, 30.1)",34.5,"(29.7, 39.6)",POINT (-108.865105 35.0674044)
NM,New Mexico,McKinley,35031,35031940500,1324,896,12.4,"( 9.9, 15.6)",21.8,"(19.2, 24.4)",14,"(11.5, 17.0)",31.5,"(28.0, 35.1)",65.8,"(62.2, 69.4)",4.4,"( 4.0,  4.9)",14.3,"(12.7, 16.2)",6.3,"( 5.6,  7.1)",63.4,"(58.8, 67.8)",75.5,"(72.2, 78.8)",41,"(35.7, 46.1)",8.4,"( 7.2,  9.8)",25.1,"(21.1, 28.9)",45.9,"(41.9, 49.5)",25.6,"(22.2, 29.5)",14.4,"(12.6, 16.3)",30,"(26.1, 34.1)",29.8,"(26.5, 33.5)",27.1,"(22.8, 31.5)",58.3,"(49.3, 66.6)",24.1,"(21.3, 26.9)",39.4,"(33.3, 45.7)",19.3,"(17.0, 21.6)",42.2,"(36.4, 48.0)",4.2,"( 3.7,  4.7)",35.7,"(30.2, 41.0)",8.5,"( 7.5,  9.6)",10.1,"( 8.8, 11.4)",22.6,"(19.5, 25.6)",17.1,"(14.9, 19.7)",6.1,"( 5.3,  6.9)",14.5,"(12.4, 16.5)",38.3,"(33.6, 43.0)",39,"(33.8, 44.7)",34,"(28.2, 40.0)",38.9,"(32.8, 44.9)",28.5,"(24.0, 32.6)",22.7,"(19.4, 25.9)",22.1,"(19.0, 25.4)",33,"(28.3, 38.0)",POINT (-108.7611741 35.0944239)
NM,New Mexico,McKinley,35031,35031943500,3762,"2,718",12.9,"(10.5, 15.9)",26.9,"(24.0, 29.8)",12.7,"(10.4, 15.4)",37.4,"(33.6, 41.1)",71.5,"(68.3, 74.5)",5.7,"( 5.2,  6.3)",14.9,"(13.2, 16.7)",8.9,"( 8.0,  9.9)",66,"(61.8, 70.4)",76.5,"(73.4, 79.5)",42.7,"(37.5, 47.8)",11.1,"( 9.7, 12.5)",27.7,"(23.9, 31.3)",45.5,"(41.5, 49.1)",25.4,"(21.8, 29.2)",18.6,"(16.4, 20.8)",34.6,"(30.8, 38.5)",33.3,"(29.6, 37.1)",30.7,"(26.2, 35.3)",60.6,"(51.5, 68.8)",24.1,"(21.5, 26.7)",41.2,"(35.2, 47.5)",22.1,"(19.6, 24.5)",41.1,"(35.3, 46.9)",5.8,"( 5.2,  6.4)",26.5,"(22.2, 31.1)",11.4,"(10.2, 12.7)",12.5,"(11.2, 13.8)",23.7,"(21.0, 26.7)",22.3,"(19.6, 24.9)",7.6,"( 6.7,  8.5)",16.7,"(14.7, 18.7)",43.5,"(38.8, 48.2)",38.7,"(33.5, 44.0)",38.3,"(33.1, 43.3)",42.4,"(37.2, 47.5)",29.4,"(25.5, 33.3)",24.1,"(21.1, 27.2)",23.8,"(20.9, 26.9)",33.3,"(28.8, 37.9)",POINT (-108.0270728 35.8191179)
NM,New Mexico,McKinley,35031,35031943601,3576,"2,498",16.6,"(13.6, 19.8)",29,"(26.0, 32.1)",11.8,"( 9.7, 14.4)",40.7,"(37.0, 44.7)",71.3,"(68.3, 74.3)",5.5,"( 4.9,  6.0)",16.1,"(14.3, 18.0)",11.1,"(10.1, 12.3)",65.2,"(61.0, 69.4)",72.1,"(69.1, 75.2)",37.9,"(32.8, 42.9)",15,"(13.2, 16.8)",34.9,"(31.0, 39.2)",36.1,"(32.4, 39.4)",27.4,"(23.8, 31.4)",22.1,"(19.8, 24.7)",43.5,"(39.2, 47.9)",34.4,"(30.8, 38.2)",37.3,"(32.2, 42.7)",53.7,"(44.5, 62.4)",27.3,"(24.5, 30.3)",45.4,"(39.1, 51.9)",26.4,"(23.6, 29.3)",43.1,"(37.1, 49.0)",7.3,"( 6.7,  8.0)",41.1,"(35.5, 46.6)",13.9,"(12.5, 15.4)",17.7,"(16.0, 19.6)",29,"(25.9, 32.4)",27.9,"(25.0, 31.1)",10.8,"( 9.7, 12.0)",22.3,"(19.9, 24.8)",51.1,"(46.3, 56.3)",40.1,"(35.1, 45.3)",54.8,"(49.9, 59.8)",55.5,"(50.6, 60.4)",37.4,"(33.5, 41.7)",33,"(29.6, 36.6)",32.4,"(29.2, 35.8)",34.7,"(30.4, 39.4)",POINT (-108.5396889 35.5975191)
NM,New Mexico,McKinley,35031,35031943602,2883,"2,064",13.8,"(11.4, 16.5)",27.5,"(24.6, 30.5)",12.6,"(10.4, 15.2)",38.7,"(35.0, 42.6)",72,"(68.9, 75.0)",6,"( 5.4,  6.6)",14.8,"(13.1, 16.5)",9.9,"( 8.9, 10.9)",66,"(61.9, 70.2)",76.1,"(73.3, 78.8)",44,"(38.6, 49.1)",11.8,"(10.4, 13.3)",28.5,"(25.0, 32.2)",45.1,"(41.4, 48.7)",24.8,"(21.3, 28.4)",19.6,"(17.4, 21.8)",36.3,"(32.5, 40.0)",34.1,"(30.5, 37.8)",31.4,"(27.1, 35.9)",61.1,"(52.0, 69.2)",23.7,"(21.2, 26.3)",41.5,"(35.3, 47.9)",22.7,"(20.4, 25.1)",40.6,"(35.0, 46.4)",6.3,"( 5.7,  6.8)",28.5,"(24.4, 32.8)",12.6,"(11.3, 14.0)",13.4,"(12.2, 14.8)",24,"(21.4, 26.8)",23.5,"(21.0, 26.1)",8.1,"( 7.2,  9.0)",17.3,"(15.4, 19.2)",45,"(40.3, 49.5)",38.4,"(33.4, 43.5)",39.5,"(34.8, 44.5)",43.5,"(38.6, 48.3)",29.6,"(26.0, 33.4)",24.5,"(21.6, 27.7)",24.6,"(21.8, 27.6)",33.4,"(29.1, 37.9)",POINT (-108.3125112 35.5636851)
NM,New Mexico,McKinley,35031,35031943701,2124,"1,559",15.5,"(12.8, 18.4)",29.9,"(26.9, 33.0)",11.9,"( 9.7, 14.3)",41.6,"(37.8, 45.5)",72.6,"(69.5, 75.6)",6.1,"( 5.5,  6.7)",15.4,"(13.7, 17.3)",11.4,"(10.3, 12.5)",66.1,"(61.9, 70.3)",75,"(72.1, 77.8)",41.9,"(36.6, 47.0)",14.2,"(12.7, 15.8)",33.4,"(29.8, 37.0)",39.4,"(35.7, 42.9)",25.9,"(22.4, 29.8)",22.1,"(19.8, 24.6)",41.4,"(37.7, 45.4)",35.1,"(31.4, 39.0)",35.8,"(31.2, 40.6)",57.7,"(48.7, 66.1)",25.4,"(22.9, 28.2)",44.4,"(38.1, 50.8)",25.6,"(23.1, 28.2)",42.7,"(36.8, 48.6)",7.3,"( 6.8,  7.9)",43.4,"(38.0, 48.8)",14.2,"(12.9, 15.7)",16.2,"(14.8, 17.7)",26.6,"(24.0, 29.5)",27.5,"(24.8, 30.2)",10,"( 9.1, 11.0)",20.3,"(18.3, 22.4)",49.4,"(44.8, 53.9)",39,"(33.8, 44.2)",48.8,"(44.0, 53.6)",50.7,"(45.9, 55.5)",34.3,"(30.5, 38.3)",29.5,"(26.4, 32.8)",28.7,"(25.8, 31.9)",34.6,"(30.2, 39.2)",POINT (-108.6150896 35.8918233)
NM,New Mexico,McKinley,35031,35031943702,1818,"1,370",13.8,"(11.3, 16.9)",30.5,"(27.4, 33.8)",11.8,"( 9.6, 14.2)",42.5,"(38.7, 46.5)",74.3,"(71.2, 77.2)",6.3,"( 5.7,  7.0)",15.2,"(13.5, 17.1)",11.6,"(10.5, 12.9)",67.3,"(63.1, 71.3)",76.7,"(73.8, 79.5)",43.7,"(38.4, 48.9)",13.9,"(12.2, 15.8)",31.5,"(27.7, 35.7)",40.6,"(36.8, 44.2)",25,"(21.6, 28.8)",22.9,"(20.4, 25.5)",40,"(35.9, 44.5)",36.2,"(32.5, 40.2)",34.2,"(29.5, 39.4)",59,"(49.8, 67.4)",24.3,"(21.7, 27.1)",43.6,"(37.4, 50.2)",25.1,"(22.4, 27.9)",42.3,"(36.5, 48.3)",7.3,"( 6.6,  8.0)",41.1,"(35.6, 46.6)",14.2,"(12.8, 15.8)",15.4,"(13.8, 17.1)",25.2,"(22.4, 28.3)",27.2,"(24.1, 30.4)",9.6,"( 8.6, 10.8)",19,"(16.9, 21.4)",48.2,"(43.4, 53.2)",38.2,"(33.1, 43.6)",44.4,"(39.3, 49.6)",47.5,"(42.4, 52.7)",31.6,"(27.8, 35.6)",27.1,"(24.0, 30.3)",26.8,"(23.7, 29.9)",33.9,"(29.5, 38.6)",POINT (-108.4459359 35.7962042)
NM,New Mexico,McKinley,35031,35031943801,2033,"1,149",16.7,"(13.0, 21.2)",24.7,"(21.9, 27.5)",12.7,"(10.4, 15.4)",36.5,"(32.8, 40.2)",65.5,"(62.3, 68.9)",4.3,"( 3.8,  4.8)",16.2,"(14.3, 18.2)",8.7,"( 7.7,  9.7)",62.7,"(58.2, 67.3)",68.6,"(64.7, 72.6)",37.6,"(32.6, 42.4)",13.1,"(11.2, 15.1)",35.6,"(30.4, 40.6)",32.6,"(29.1, 35.9)",28.8,"(24.9, 32.9)",18.4,"(16.2, 20.6)",41.7,"(36.6, 47.1)",30.4,"(26.9, 34.0)",36.4,"(30.9, 42.0)",57.1,"(47.0, 65.9)",29.1,"(25.9, 32.4)",45.7,"(39.4, 52.1)",24.7,"(21.7, 27.8)",44.5,"(38.4, 50.6)",5.9,"( 5.3,  6.6)",42.3,"(36.6, 47.5)",11.7,"(10.3, 13.0)",16.7,"(14.5, 19.0)",30.2,"(26.0, 34.2)",24,"(20.9, 27.2)",9.6,"( 8.3, 11.1)",22.2,"(19.1, 25.3)",49.4,"(43.8, 54.8)",41,"(35.7, 46.8)",57.9,"(51.4, 63.7)",57.4,"(50.8, 63.1)",40,"(34.9, 44.8)",35.9,"(31.8, 39.9)",34.2,"(29.9, 38.4)",34.9,"(30.0, 39.9)",POINT (-109.0048646 35.8801724)
NM,New Mexico,McKinley,35031,35031943802,2207,"1,668",12.8,"(10.7, 15.2)",29.2,"(26.2, 32.4)",12.1,"( 9.9, 14.6)",40.1,"(36.4, 43.9)",73.8,"(70.7, 76.7)",6.5,"( 5.9,  7.1)",15,"(13.4, 16.8)",10.4,"( 9.4, 11.5)",67.5,"(63.4, 71.5)",78,"(75.5, 80.6)",45,"(39.7, 50.2)",12.1,"(10.7, 13.5)",27.8,"(24.5, 31.2)",46.1,"(42.2, 49.8)",24.9,"(21.6, 28.6)",20.6,"(18.3, 22.9)",36.2,"(32.6, 39.7)",35.2,"(31.5, 39.1)",31.3,"(27.0, 35.7)",61.6,"(52.6, 69.7)",23.5,"(21.1, 26.0)",41.6,"(35.5, 47.9)",23.1,"(20.8, 25.5)",40.8,"(35.1, 46.7)",6.6,"( 6.1,  7.1)",30.6,"(26.1, 35.2)",13,"(11.8, 14.4)",13.4,"(12.2, 14.6)",23.4,"(21.1, 25.9)",24.5,"(21.9, 27.1)",8.3,"( 7.5,  9.1)",17.2,"(15.5, 19.0)",45.2,"(40.8, 49.6)",37.9,"(32.9, 42.9)",38,"(33.8, 42.6)",42.2,"(37.8, 46.7)",28.9,"(25.5, 32.2)",24,"(21.3, 26.8)",23.9,"(21.4, 26.6)",32.9,"(28.7, 37.2)",POINT (-108.8407114 35.8783574)
NM,New Mexico,McKinley,35031,35031943803,1775,"1,249",14.6,"(12.2, 17.6)",31.3,"(28.2, 34.6)",11.4,"( 9.4, 13.8)",43.3,"(39.6, 47.4)",74,"(71.0, 76.9)",6.2,"( 5.7,  6.9)",15.5,"(13.9, 17.4)",11.8,"(10.8, 13.0)",67.3,"(63.3, 71.4)",75.4,"(72.6, 78.0)",43.8,"(38.5, 49.0)",15.1,"(13.6, 16.8)",34.2,"(30.6, 38.1)",44.4,"(40.5, 48.1)",26.1,"(22.6, 29.9)",23.6,"(21.2, 26.2)",42.3,"(38.5, 46.4)",35.9,"(32.3, 40.0)",36.9,"(32.0, 42.0)",59.6,"(50.5, 67.9)",25.6,"(22.9, 28.4)",45.6,"(39.3, 52.2)",26.2,"(23.7, 28.9)",41.8,"(36.0, 47.7)",7.7,"( 7.1,  8.3)",30.3,"(25.4, 35.1)",14.5,"(13.1, 16.1)",16.9,"(15.5, 18.5)",26.6,"(23.9, 29.7)",28.7,"(26.0, 31.6)",10.5,"( 9.6, 11.5)",20.9,"(18.8, 23.1)",50.2,"(45.5, 54.9)",38.2,"(33.2, 43.5)",51.8,"(47.5, 56.3)",52.4,"(48.0, 56.9)",34.7,"(31.1, 38.6)",31,"(27.8, 34.2)",29.6,"(26.8, 32.5)",33.7,"(29.4, 38.3)",POINT (-108.9384892 35.7264382)
NM,New Mexico,McKinley,35031,35031943903,2508,"1,861",14.9,"(12.5, 17.6)",27.5,"(24.6, 30.5)",12.5,"(10.3, 15.0)",38.1,"(34.5, 41.9)",71.9,"(68.8, 74.8)",5.9,"( 5.3,  6.5)",14.9,"(13.3, 16.7)",9.4,"( 8.4, 10.4)",65.9,"(61.7, 70.1)",76.3,"(73.5, 78.9)",45.8,"(40.4, 51.0)",11.7,"(10.4, 13.2)",28.2,"(24.8, 31.9)",47.1,"(43.2, 50.7)",25.2,"(21.8, 28.9)",19.3,"(17.1, 21.5)",36.4,"(32.8, 40.4)",34,"(30.4, 37.9)",31.9,"(27.6, 36.5)",62.4,"(53.5, 70.4)",24,"(21.6, 26.6)",41.6,"(35.5, 48.1)",22.8,"(20.5, 25.4)",40.1,"(34.4, 45.9)",6.1,"( 5.6,  6.6)",24.9,"(20.9, 28.9)",12,"(10.7, 13.3)",13.4,"(12.1, 14.8)",24.3,"(21.7, 27.1)",23.5,"(21.0, 26.3)",8.1,"( 7.3,  9.1)",17.4,"(15.6, 19.4)",44.8,"(40.4, 49.4)",38.7,"(33.7, 43.8)",39.9,"(35.5, 44.7)",44,"(39.6, 48.9)",30.2,"(26.8, 34.0)",24.6,"(21.9, 27.6)",24.6,"(22.0, 27.6)",33.3,"(29.1, 37.8)",POINT (-108.6768928 35.4252452)
NM,New Mexico,McKinley,35031,35031943904,1733,"1,265",13.5,"(11.0, 16.2)",26.1,"(23.3, 29.0)",13,"(10.6, 15.5)",35.8,"(32.1, 39.5)",72,"(68.7, 75.0)",6.3,"( 5.7,  6.9)",14.1,"(12.5, 15.8)",8.5,"( 7.6,  9.5)",66.1,"(62.0, 70.2)",78.2,"(75.3, 81.0)",46.1,"(40.8, 51.1)",9.8,"( 8.5, 11.2)",23.6,"(20.3, 27.0)",53.7,"(49.8, 57.1)",24,"(20.6, 27.4)",16.8,"(14.7, 19.0)",31.7,"(28.1, 35.7)",33.8,"(30.1, 37.5)",28.4,"(24.2, 32.7)",65.4,"(56.7, 73.0)",22.1,"(19.6, 24.5)",38,"(32.0, 44.2)",20.4,"(18.1, 22.8)",37.4,"(31.8, 43.0)",5.3,"( 4.8,  5.9)",27.5,"(23.2, 31.9)",11,"( 9.7, 12.2)",10.8,"( 9.6, 12.0)",21.8,"(19.0, 24.6)",20.5,"(18.0, 23.2)",6.5,"( 5.8,  7.3)",14.7,"(12.9, 16.5)",41,"(36.4, 45.4)",38.5,"(33.5, 43.8)",29.7,"(25.2, 34.5)",35.9,"(31.1, 40.9)",25.3,"(21.7, 29.0)",19.1,"(16.6, 21.9)",19.9,"(17.2, 22.7)",32.8,"(28.3, 37.5)",POINT (-108.8023823 35.4407903)
NM,New Mexico,McKinley,35031,35031943905,1231,893,16.9,"(13.9, 20.3)",29.2,"(26.3, 32.4)",11.8,"( 9.7, 14.2)",41.4,"(37.7, 45.2)",71.9,"(68.9, 74.7)",5.6,"( 5.0,  6.2)",15.8,"(14.0, 17.7)",11.3,"(10.2, 12.5)",65.2,"(61.0, 69.2)",72.2,"(69.0, 75.1)",34.5,"(29.6, 39.2)",15,"(13.2, 16.9)",34.9,"(31.0, 39.2)",37.1,"(33.3, 40.5)",26.8,"(23.2, 30.7)",22.4,"(20.1, 24.9)",43.6,"(39.4, 48.1)",34.7,"(31.0, 38.6)",37.9,"(33.0, 43.1)",54,"(44.7, 62.6)",27,"(24.2, 29.8)",45.2,"(39.1, 51.7)",26.3,"(23.6, 29.3)",43.5,"(37.6, 49.3)",7.4,"( 6.7,  8.2)",45.4,"(39.7, 50.8)",14.1,"(12.7, 15.7)",17.8,"(16.0, 19.6)",28.9,"(25.7, 32.3)",28.2,"(25.2, 31.5)",10.7,"( 9.6, 11.9)",22.1,"(19.8, 24.7)",51.4,"(46.6, 56.3)",40.2,"(35.1, 45.3)",53.9,"(48.7, 58.8)",55.2,"(50.1, 59.9)",36.8,"(32.7, 40.8)",32.2,"(28.9, 35.6)",31.8,"(28.4, 35.1)",35.1,"(30.7, 39.8)",POINT (-108.9135741 35.3865249)
NM,New Mexico,McKinley,35031,35031943906,2260,"1,680",17,"(14.6, 19.4)",28.7,"(25.7, 31.8)",11.9,"( 9.8, 14.3)",40.2,"(36.5, 44.0)",73,"(70.0, 75.8)",5.9,"( 5.4,  6.6)",14.7,"(13.1, 16.5)",10.6,"( 9.6, 11.7)",66.1,"(62.0, 70.2)",75.6,"(72.9, 78.3)",41.1,"(35.8, 46.3)",13.1,"(11.6, 14.5)",29.8,"(26.4, 33.2)",39.2,"(35.5, 42.8)",25.2,"(21.7, 28.8)",21.3,"(18.9, 23.6)",39.6,"(35.9, 43.3)",35.5,"(31.8, 39.3)",35,"(30.4, 39.7)",57.3,"(48.0, 65.8)",24.3,"(21.8, 26.8)",43.3,"(37.1, 49.7)",24.3,"(21.9, 26.7)",41.9,"(36.1, 47.8)",6.7,"( 6.2,  7.3)",39.4,"(34.1, 44.5)",13,"(11.6, 14.4)",15.1,"(13.7, 16.4)",25.5,"(22.8, 28.1)",25.8,"(23.2, 28.4)",9.3,"( 8.4, 10.3)",18.7,"(16.8, 20.6)",47.2,"(42.6, 51.6)",38.5,"(33.5, 43.5)",44.8,"(40.3, 49.4)",47.8,"(43.1, 52.3)",32.4,"(28.8, 36.3)",26.9,"(24.0, 29.9)",26.4,"(23.6, 29.3)",33.4,"(29.1, 38.0)",POINT (-108.7802013 35.6136836)
NM,New Mexico,McKinley,35031,35031943907,1902,"1,440",16.1,"(13.5, 18.9)",29.7,"(26.7, 32.8)",12,"( 9.9, 14.5)",41.3,"(37.4, 45.3)",72.7,"(69.7, 75.6)",6,"( 5.4,  6.6)",15.3,"(13.6, 17.1)",10.9,"( 9.8, 12.0)",65.9,"(61.7, 70.0)",75,"(72.2, 77.8)",40.9,"(35.6, 45.8)",14.1,"(12.5, 15.8)",32.8,"(29.2, 36.7)",42.6,"(38.7, 46.3)",26,"(22.6, 29.9)",21.8,"(19.5, 24.3)",41,"(37.1, 45.1)",35.6,"(31.9, 39.6)",35.8,"(31.2, 40.9)",59.1,"(49.9, 67.7)",25.2,"(22.7, 28.0)",44.4,"(38.2, 50.9)",25.3,"(22.7, 28.1)",41.5,"(35.7, 47.4)",7,"( 6.4,  7.6)",34.4,"(29.2, 39.6)",13.3,"(12.0, 14.9)",15.7,"(14.3, 17.2)",26.4,"(23.8, 29.4)",26.9,"(24.1, 29.9)",9.8,"( 8.9, 10.9)",19.8,"(17.8, 22.0)",48.5,"(43.9, 53.4)",38.9,"(33.9, 43.9)",48.1,"(43.8, 52.8)",50.1,"(45.7, 54.6)",33.9,"(30.3, 37.7)",28.8,"(25.7, 32.0)",27.9,"(25.2, 30.9)",34.2,"(29.9, 38.7)",POINT (-108.9637599 35.5483445)
NM,New Mexico,McKinley,35031,35031944000,2009,"1,430",18.4,"(15.5, 21.5)",30.5,"(27.5, 33.7)",11.6,"( 9.5, 14.0)",43,"(39.2, 47.0)",72.1,"(69.1, 75.2)",5.7,"( 5.2,  6.3)",16,"(14.4, 18.0)",12.3,"(11.2, 13.7)",65,"(60.7, 69.2)",71.9,"(68.9, 74.9)",35.3,"(30.4, 40.1)",16.7,"(15.0, 18.7)",37.5,"(33.6, 41.7)",34.6,"(31.0, 38.1)",27.1,"(23.5, 31.0)",23.9,"(21.5, 26.6)",46.5,"(42.4, 50.7)",35.8,"(32.1, 39.8)",39.7,"(34.8, 44.7)",55,"(46.1, 63.6)",27.1,"(24.5, 30.1)",46.2,"(40.0, 52.9)",28,"(25.4, 31.0)",43.6,"(37.7, 49.6)",8.1,"( 7.4,  8.8)",52,"(46.6, 57.6)",15.1,"(13.6, 16.7)",19.4,"(17.7, 21.3)",30,"(26.9, 33.3)",30.5,"(27.6, 33.6)",12.2,"(11.1, 13.5)",23.6,"(21.3, 26.1)",53.2,"(48.5, 58.0)",40.1,"(35.0, 45.3)",57.3,"(52.4, 61.8)",57.6,"(52.9, 62.1)",38.7,"(34.8, 42.8)",34.1,"(30.7, 37.4)",33.4,"(30.2, 36.7)",35.6,"(31.2, 40.3)",POINT (-107.5021169 35.6422258)
NM,New Mexico,McKinley,35031,35031945201,3264,"2,248",16.3,"(13.4, 19.4)",23.5,"(20.9, 26.5)",12.8,"(10.4, 15.4)",34.5,"(30.9, 38.2)",70.7,"(67.4, 73.8)",5.3,"( 4.8,  5.8)",12.7,"(11.3, 14.3)",7.7,"( 6.9,  8.5)",65.6,"(61.1, 69.7)",77.5,"(74.6, 80.2)",45.5,"(40.3, 50.4)",8.7,"( 7.6,  9.9)",21,"(17.7, 24.3)",48.2,"(44.3, 51.9)",23.6,"(20.3, 27.3)",16.5,"(14.6, 18.5)",31.4,"(27.8, 35.1)",33.2,"(29.8, 37.0)",29.9,"(25.7, 34.4)",65.6,"(57.0, 73.3)",21.3,"(18.9, 23.7)",39.8,"(33.8, 46.3)",19.2,"(17.2, 21.6)",39,"(33.4, 44.8)",4.6,"( 4.2,  5.1)",19.7,"(16.3, 23.2)",9.4,"( 8.4, 10.5)",11.1,"(10.0, 12.4)",21.1,"(18.6, 23.8)",18.7,"(16.6, 21.2)",6.8,"( 6.1,  7.6)",14,"(12.3, 15.8)",38.5,"(34.3, 42.9)",36.3,"(31.5, 41.2)",33.6,"(28.9, 38.7)",37.5,"(32.9, 42.7)",26.9,"(23.4, 30.8)",21.4,"(18.7, 24.3)",20.3,"(17.8, 23.0)",29.5,"(25.5, 33.7)",POINT (-108.7887906 35.5108966)
NM,New Mexico,McKinley,35031,35031945202,3251,"2,255",22.2,"(19.1, 25.3)",27.4,"(24.6, 30.5)",11.3,"( 9.2, 13.6)",40.6,"(36.9, 44.6)",71.2,"(68.1, 74.2)",5.1,"( 4.6,  5.7)",13.9,"(12.3, 15.5)",10.7,"( 9.7, 11.6)",65,"(60.7, 69.4)",72.3,"(69.4, 75.3)",44.8,"(39.4, 49.8)",14.1,"(12.6, 15.5)",30.3,"(27.0, 33.7)",49.6,"(45.6, 53.3)",26.5,"(23.0, 30.3)",22,"(19.8, 24.4)",43.9,"(40.3, 47.7)",35.4,"(31.8, 39.2)",40,"(35.4, 44.9)",64.8,"(56.1, 72.6)",25,"(22.5, 27.6)",47.1,"(40.9, 53.6)",25.3,"(22.9, 27.7)",38.9,"(33.3, 44.6)",6.6,"( 6.1,  7.1)",24.1,"(20.1, 28.2)",12.3,"(11.1, 13.7)",18.5,"(17.1, 20.0)",27.8,"(24.9, 30.7)",26.9,"(24.4, 29.6)",11.8,"(10.9, 12.8)",21.3,"(19.3, 23.4)",48.6,"(44.3, 53.0)",36.8,"(32.1, 41.8)",57.5,"(53.0, 61.9)",55,"(50.6, 59.1)",37.8,"(33.9, 41.5)",34.3,"(31.0, 37.7)",31,"(28.0, 34.0)",30.1,"(26.2, 34.2)",POINT (-108.8266399 35.5325913)
NM,New Mexico,McKinley,35031,35031945300,3271,"2,282",20.5,"(17.4, 24.1)",24.8,"(22.0, 27.6)",12.2,"(10.0, 14.6)",37,"(33.3, 40.9)",71.6,"(68.5, 74.6)",5.2,"( 4.7,  5.8)",12.6,"(11.2, 14.2)",9.1,"( 8.1, 10.0)",65,"(60.8, 69.0)",76.1,"(73.3, 78.9)",43.8,"(38.6, 48.9)",9.9,"( 8.7, 11.2)",23.6,"(20.5, 26.9)",43.9,"(40.1, 47.5)",23.2,"(20.0, 26.8)",19,"(16.8, 21.2)",36.6,"(32.6, 40.5)",35,"(31.3, 38.9)",34.6,"(29.8, 39.7)",62.2,"(53.2, 70.4)",21.9,"(19.6, 24.3)",41.5,"(35.3, 48.0)",21.5,"(19.2, 23.9)",38.6,"(32.9, 44.3)",5.4,"( 4.9,  5.9)",29,"(24.7, 33.5)",10.9,"( 9.7, 12.2)",13.5,"(12.2, 15.0)",23.3,"(20.6, 26.2)",22.1,"(19.6, 24.7)",8.2,"( 7.4,  9.2)",15.9,"(14.1, 17.8)",43,"(38.2, 47.7)",37.5,"(32.6, 42.5)",39.1,"(34.6, 43.7)",43.4,"(39.0, 48.1)",30.4,"(26.8, 34.1)",23.6,"(20.8, 26.4)",22.8,"(20.3, 25.5)",31.6,"(27.5, 36.0)",POINT (-108.7310412 35.5747618)
NM,New Mexico,McKinley,35031,35031945400,2979,"2,280",14.1,"(11.4, 16.9)",22.6,"(20.0, 25.4)",13.3,"(11.0, 16.1)",32.4,"(28.8, 35.9)",71.5,"(68.4, 74.6)",5.9,"( 5.4,  6.6)",11.8,"(10.4, 13.3)",6.8,"( 6.1,  7.6)",66.2,"(62.0, 70.3)",80.7,"(78.0, 83.2)",53.2,"(47.8, 58.2)",7,"( 6.0,  8.0)",16.7,"(14.0, 19.6)",62.6,"(58.9, 66.0)",21.9,"(18.8, 25.4)",14.1,"(12.3, 16.0)",25.7,"(22.4, 29.3)",33.4,"(29.9, 37.3)",25.5,"(21.5, 29.9)",72.4,"(64.5, 79.2)",18.9,"(16.6, 21.3)",35.6,"(29.8, 41.7)",16.6,"(14.6, 18.8)",33.9,"(28.7, 39.4)",4,"( 3.6,  4.4)",10.2,"( 8.2, 12.4)",8.4,"( 7.5,  9.5)",8.2,"( 7.3,  9.3)",17.8,"(15.4, 20.4)",15.6,"(13.6, 17.8)",5.1,"( 4.5,  5.7)",11,"( 9.5, 12.5)",33.7,"(29.4, 38.3)",35.6,"(30.9, 40.6)",21.8,"(18.0, 25.7)",27.5,"(23.1, 31.9)",20.8,"(17.7, 23.9)",14.9,"(12.8, 17.2)",14.7,"(12.7, 16.9)",28.8,"(24.8, 32.9)",POINT (-108.7434986 35.5191061)
NM,New Mexico,McKinley,35031,35031945501,1951,"1,522",7.8,"( 6.3,  9.4)",23,"(20.2, 25.8)",13,"(10.8, 15.7)",31.4,"(27.9, 35.1)",75.3,"(72.1, 78.5)",7.9,"( 7.1,  8.7)",10,"( 8.8, 11.2)",6.1,"( 5.4,  6.8)",70.5,"(66.6, 74.4)",87.7,"(86.0, 89.4)",58.5,"(53.3, 63.3)",4.9,"( 4.2,  5.7)",9.5,"( 7.9, 11.4)",72.6,"(69.3, 75.4)",18.5,"(15.8, 21.4)",11.8,"(10.2, 13.5)",16.6,"(14.4, 18.9)",35.4,"(31.5, 39.4)",17.8,"(14.7, 21.0)",75.1,"(67.9, 81.4)",13.6,"(12.0, 15.3)",29.1,"(23.9, 34.7)",12.5,"(11.0, 14.1)",30.4,"(25.4, 35.5)",3.3,"( 3.0,  3.7)",7.3,"( 5.8,  8.9)",7.5,"( 6.7,  8.4)",4.8,"( 4.3,  5.4)",11.3,"( 9.8, 12.8)",11.6,"( 9.9, 13.3)",3.2,"( 2.8,  3.6)",6.7,"( 5.9,  7.6)",25,"(21.6, 28.4)",31,"(26.6, 36.0)",8.5,"( 6.8, 10.4)",12.9,"(10.6, 15.3)",10.7,"( 9.0, 12.6)",7.4,"( 6.3,  8.6)",7.4,"( 6.3,  8.5)",24,"(20.6, 28.0)",POINT (-108.7235409 35.4820421)
NM,New Mexico,McKinley,35031,35031945502,1665,"1,238",11.3,"( 9.3, 13.7)",25.1,"(22.4, 28.1)",12.4,"(10.2, 14.9)",34.1,"(30.6, 37.8)",75.8,"(72.7, 78.7)",8.1,"( 7.3,  9.0)",10.3,"( 9.2, 11.6)",7.5,"( 6.7,  8.3)",69.6,"(65.6, 73.6)",85.2,"(83.2, 87.1)",53.1,"(47.7, 58.4)",6.7,"( 5.8,  7.8)",12.4,"(10.4, 14.6)",64.6,"(60.9, 67.9)",20,"(17.2, 23.2)",13.4,"(11.7, 15.2)",21.4,"(18.6, 24.3)",36.2,"(32.5, 40.3)",22.6,"(19.0, 26.5)",72.4,"(64.7, 79.0)",15.5,"(13.7, 17.4)",32,"(26.6, 37.9)",14.8,"(13.1, 16.7)",32,"(27.0, 37.3)",4.1,"( 3.7,  4.5)",13.3,"(10.8, 16.0)",8.9,"( 8.0, 10.0)",6.5,"( 5.8,  7.2)",14.1,"(12.3, 16.0)",14.6,"(12.7, 16.7)",4.3,"( 3.8,  4.8)",8.9,"( 7.8, 10.1)",30.2,"(26.4, 34.3)",32.5,"(27.9, 37.3)",13.8,"(11.4, 16.4)",18.4,"(15.6, 21.4)",14.1,"(12.0, 16.4)",9.9,"( 8.5, 11.5)",9.8,"( 8.5, 11.2)",25.3,"(21.6, 29.2)",POINT (-108.7161624 35.5171909)
NM,New Mexico,McKinley,35031,35031945503,2251,"1,679",14.2,"(11.9, 16.9)",25.4,"(22.6, 28.3)",12.5,"(10.2, 15.0)",35.6,"(32.0, 39.3)",73.9,"(70.9, 76.8)",7,"( 6.4,  7.7)",11.3,"(10.0, 12.7)",8.3,"( 7.4,  9.2)",67.3,"(63.2, 71.3)",81,"(78.5, 83.4)",51.8,"(46.4, 56.9)",8.6,"( 7.5,  9.8)",17.5,"(15.0, 20.3)",62.1,"(58.3, 65.5)",21.9,"(18.8, 25.2)",15.4,"(13.5, 17.4)",27.3,"(24.2, 30.5)",35.7,"(32.0, 39.7)",27.2,"(23.2, 31.5)",69,"(60.7, 76.1)",18.4,"(16.3, 20.5)",35.8,"(30.1, 41.8)",17.6,"(15.7, 19.7)",33.7,"(28.5, 39.1)",4.7,"( 4.2,  5.1)",16.1,"(13.1, 19.0)",9.8,"( 8.7, 10.9)",8.9,"( 8.1,  9.9)",17.9,"(15.8, 20.2)",17.6,"(15.5, 19.9)",5.9,"( 5.3,  6.5)",11.8,"(10.5, 13.2)",35.4,"(31.3, 39.5)",34.4,"(29.8, 39.4)",23.6,"(20.0, 27.2)",27.5,"(23.8, 31.6)",19.8,"(16.9, 23.0)",15,"(12.9, 17.3)",14.5,"(12.6, 16.6)",27.7,"(24.0, 31.9)",POINT (-108.7267922 35.5220708)
NM,New Mexico,McKinley,35031,35031945601,2009,"1,484",9.5,"( 7.8, 11.4)",22.9,"(20.3, 25.8)",13.9,"(11.6, 16.7)",31.6,"(28.2, 35.3)",73.6,"(70.5, 76.6)",7.3,"( 6.6,  8.0)",10.9,"( 9.6, 12.2)",6.6,"( 5.9,  7.3)",68.5,"(64.6, 72.3)",84.9,"(83.0, 86.8)",59.1,"(53.7, 63.8)",5.6,"( 4.9,  6.4)",12.2,"(10.3, 14.4)",70.2,"(66.8, 73.2)",20.4,"(17.3, 23.6)",12.3,"(10.8, 14.1)",19.3,"(16.9, 21.9)",33.8,"(30.1, 37.7)",19.6,"(16.5, 23.2)",73.4,"(65.7, 79.8)",16,"(14.1, 18.1)",31.9,"(26.3, 37.9)",13.9,"(12.3, 15.7)",31.6,"(26.5, 36.8)",3.6,"( 3.3,  4.0)",9.3,"( 7.5, 11.3)",8.3,"( 7.4,  9.3)",5.8,"( 5.2,  6.4)",13.7,"(12.0, 15.5)",12.8,"(11.2, 14.6)",3.7,"( 3.3,  4.1)",8.2,"( 7.2,  9.2)",28.4,"(24.8, 32.3)",32.7,"(28.2, 37.6)",12.1,"(10.2, 14.4)",17.1,"(14.6, 20.0)",14,"(12.1, 16.2)",9.9,"( 8.5, 11.4)",9.8,"( 8.7, 11.3)",25.6,"(22.2, 29.5)",POINT (-108.6605978 35.5313202)
NM,New Mexico,McKinley,35031,35031945602,3707,"2,630",16.7,"(13.9, 19.9)",22.3,"(19.8, 25.0)",13.7,"(11.3, 16.4)",33.2,"(29.8, 36.9)",66.9,"(63.7, 70.0)",4.5,"( 4.0,  5.0)",13.7,"(12.1, 15.5)",7.3,"( 6.5,  8.1)",63.3,"(58.7, 67.6)",73.8,"(70.7, 76.9)",43.1,"(37.9, 48.3)",9,"( 8.0, 10.3)",24.6,"(21.3, 28.0)",46.1,"(42.0, 49.7)",25.5,"(21.9, 29.2)",16,"(14.1, 18.0)",33.3,"(29.7, 37.3)",30.8,"(27.4, 34.5)",30.8,"(26.3, 35.6)",63.4,"(54.4, 71.3)",24.4,"(21.8, 27.1)",41.8,"(35.7, 48.3)",20.3,"(18.1, 22.7)",40.5,"(34.7, 46.4)",4.6,"( 4.2,  5.1)",26.4,"(22.1, 30.9)",9.5,"( 8.5, 10.7)",12,"(10.9, 13.4)",24.1,"(21.4, 27.1)",18.9,"(16.8, 21.4)",7.1,"( 6.4,  7.9)",15.8,"(14.1, 17.8)",41.4,"(36.8, 46.1)",38.6,"(33.6, 43.7)",39.5,"(34.7, 44.2)",43.4,"(38.4, 48.3)",31.4,"(27.8, 35.3)",25.5,"(22.7, 28.5)",24.4,"(21.7, 27.3)",31.9,"(27.9, 36.3)",POINT (-108.695548 35.5230922)
NM,New Mexico,McKinley,35031,35031945701,1027,805,10.2,"( 8.4, 12.5)",27.4,"(24.5, 30.5)",13,"(10.7, 15.6)",36.6,"(33.0, 40.5)",74.7,"(71.7, 77.7)",7.5,"( 6.8,  8.2)",13.2,"(11.8, 14.9)",8.5,"( 7.6,  9.4)",68.6,"(64.7, 72.5)",82.2,"(79.9, 84.3)",53,"(47.5, 58.1)",8.9,"( 7.7, 10.3)",19.4,"(16.5, 22.6)",52.2,"(48.4, 55.8)",22.8,"(19.6, 26.3)",16.3,"(14.4, 18.5)",26.9,"(23.7, 30.7)",35.3,"(31.5, 39.2)",24.7,"(20.7, 29.0)",63.5,"(54.4, 71.5)",19.7,"(17.5, 22.1)",36.3,"(30.5, 42.5)",18.5,"(16.5, 20.9)",37.6,"(32.1, 43.2)",5.1,"( 4.6,  5.6)",18.2,"(14.9, 21.6)",10.7,"( 9.5, 12.1)",8.7,"( 7.8,  9.8)",18.2,"(15.8, 20.8)",18.6,"(16.3, 21.2)",5.5,"( 4.9,  6.2)",12.1,"(10.6, 13.7)",37.1,"(32.7, 41.8)",35.7,"(31.0, 40.7)",21.5,"(17.9, 25.2)",27.3,"(23.2, 31.3)",19.7,"(16.8, 22.6)",14.8,"(12.8, 17.0)",15.3,"(13.3, 17.4)",29.7,"(25.7, 34.2)",POINT (-108.7162192 35.2962536)
NM,New Mexico,McKinley,35031,35031945702,1411,"1,068",17.5,"(14.0, 21.4)",36.1,"(32.8, 39.6)",10,"( 8.1, 12.2)",49.1,"(45.2, 53.2)",77.2,"(74.3, 80.0)",7.2,"( 6.4,  7.9)",15.6,"(13.9, 17.6)",15.3,"(13.7, 17.1)",68.6,"(64.5, 72.7)",75.7,"(72.7, 78.6)",41.1,"(35.7, 46.4)",19.8,"(17.3, 22.4)",38.6,"(34.2, 42.9)",34.4,"(30.8, 38.1)",25.8,"(22.4, 29.6)",28.3,"(25.5, 31.4)",49,"(44.4, 53.7)",39.6,"(35.7, 43.9)",42.9,"(37.6, 48.4)",57.2,"(47.7, 65.9)",25.5,"(22.9, 28.4)",47.3,"(40.9, 53.9)",29.9,"(26.9, 33.3)",42.8,"(37.1, 48.7)",9.8,"( 8.8, 11.0)",43.6,"(37.9, 49.2)",17.8,"(16.0, 19.7)",21.1,"(18.9, 23.4)",28.7,"(25.6, 32.1)",35.4,"(31.7, 39.2)",13.6,"(12.0, 15.5)",24.4,"(21.8, 27.2)",55.5,"(50.7, 60.4)",38.2,"(33.2, 43.8)",59.3,"(53.7, 64.6)",57.9,"(52.1, 63.2)",36.8,"(32.4, 41.6)",33.4,"(29.9, 37.5)",32.3,"(28.5, 36.4)",34.5,"(29.9, 39.5)",POINT (-108.9119204 35.2416598)
NM,New Mexico,McKinley,35031,35031946001,2510,"1,773",15.7,"(12.9, 19.1)",25.9,"(23.2, 28.9)",12.8,"(10.5, 15.5)",37,"(33.4, 40.9)",69.9,"(66.6, 73.1)",5.4,"( 4.9,  6.0)",14.6,"(13.1, 16.6)",9.2,"( 8.3, 10.2)",64.3,"(60.0, 68.7)",74.1,"(70.9, 77.2)",37.4,"(32.2, 42.6)",11.5,"(10.1, 13.3)",29,"(25.3, 33.2)",38.8,"(35.0, 42.3)",25.4,"(22.0, 29.3)",18.2,"(16.2, 20.4)",36.9,"(32.6, 41.8)",33.3,"(29.6, 37.2)",32.7,"(28.2, 37.9)",57.3,"(48.4, 65.6)",24.8,"(22.2, 27.9)",41.1,"(35.1, 47.5)",22.7,"(20.3, 25.5)",42.3,"(36.5, 48.1)",5.8,"( 5.3,  6.4)",38.8,"(33.5, 44.0)",11.7,"(10.5, 13.0)",13.5,"(12.0, 15.1)",25.5,"(22.4, 29.1)",22.7,"(20.2, 25.7)",8.2,"( 7.2,  9.3)",17.9,"(15.8, 20.4)",45.2,"(40.3, 50.6)",39.8,"(34.7, 45.0)",41.4,"(36.4, 46.5)",45.5,"(40.4, 50.9)",31.3,"(27.5, 35.5)",25.5,"(22.5, 28.6)",25.6,"(22.6, 28.8)",34.4,"(30.0, 39.2)",POINT (-108.2583977 35.440465)
NM,New Mexico,McKinley,35031,35031946002,1350,972,22,"(18.5, 26.1)",32.7,"(29.6, 36.1)",10.5,"( 8.6, 12.8)",45.2,"(41.3, 49.2)",73.9,"(71.0, 76.6)",6.4,"( 5.8,  7.1)",15.9,"(14.2, 17.8)",14.3,"(12.9, 15.7)",65.6,"(61.4, 69.7)",71,"(68.0, 74.2)",41,"(35.8, 46.1)",19.6,"(17.4, 21.8)",38,"(33.7, 42.2)",36.1,"(32.6, 39.5)",27.5,"(23.9, 31.4)",25.6,"(23.0, 28.4)",50.3,"(45.7, 54.7)",38.6,"(34.8, 42.6)",43.1,"(37.6, 48.3)",55.1,"(45.8, 63.6)",27,"(24.2, 29.8)",46.1,"(39.7, 52.8)",29.8,"(26.8, 32.8)",41.3,"(35.6, 47.1)",9,"( 8.2,  9.9)",45.3,"(39.8, 50.6)",16.5,"(14.8, 18.2)",21.7,"(19.5, 23.7)",31.5,"(28.0, 35.0)",33.7,"(30.3, 36.9)",14.1,"(12.6, 15.6)",25.8,"(22.9, 28.5)",56,"(50.9, 60.7)",40.1,"(35.0, 45.5)",60.7,"(55.7, 65.5)",59.4,"(54.5, 64.4)",39,"(34.8, 43.6)",34.5,"(31.0, 38.4)",34.6,"(31.1, 38.4)",34.9,"(30.4, 39.8)",POINT (-108.1171923 35.3446936)
NM,New Mexico,McKinley,35031,35031946003,1861,"1,275",19.3,"(16.3, 22.8)",30.4,"(27.6, 33.6)",11.4,"( 9.4, 13.8)",42.7,"(39.0, 46.6)",72.2,"(69.2, 75.0)",5.8,"( 5.3,  6.4)",16,"(14.3, 17.9)",12.5,"(11.4, 13.7)",64.8,"(60.6, 69.0)",71,"(68.0, 74.0)",40.2,"(35.0, 45.3)",17.1,"(15.4, 18.9)",37.2,"(33.4, 41.2)",33.5,"(30.0, 36.8)",27.1,"(23.6, 31.1)",23.6,"(21.3, 26.2)",46.9,"(42.8, 50.9)",36.3,"(32.6, 40.2)",39.8,"(35.0, 44.9)",55,"(45.7, 63.9)",27.2,"(24.5, 30.0)",45.3,"(39.1, 51.9)",28.1,"(25.5, 30.8)",43.3,"(37.4, 49.2)",8,"( 7.4,  8.7)",49.3,"(43.7, 54.4)",15.1,"(13.7, 16.7)",19.5,"(17.8, 21.1)",30.4,"(27.4, 33.6)",30.5,"(27.7, 33.4)",12.2,"(11.1, 13.3)",23.9,"(21.5, 26.2)",53.7,"(49.1, 58.4)",40.6,"(35.5, 45.8)",57.3,"(52.8, 62.1)",57.8,"(53.2, 62.4)",38.2,"(34.4, 42.3)",33.4,"(30.2, 36.8)",33.7,"(30.6, 37.0)",35.7,"(31.4, 40.4)",POINT (-108.0037002 35.4504571)
NM,New Mexico,McKinley,35031,35031973100,1110,892,10.7,"( 9.0, 12.6)",34,"(30.6, 37.6)",10.9,"( 9.0, 13.2)",43.5,"(39.6, 47.6)",79.5,"(76.6, 82.2)",10,"( 9.2, 11.1)",12.2,"(10.8, 13.8)",11.6,"(10.4, 12.8)",72.1,"(68.5, 75.7)",84.5,"(82.7, 86.3)",55.9,"(50.4, 61.1)",12.6,"(11.1, 14.2)",19.3,"(16.7, 22.2)",60.1,"(56.4, 63.5)",23.6,"(20.3, 27.1)",19.1,"(16.8, 21.5)",29.7,"(26.4, 33.3)",41.1,"(37.0, 45.3)",27.8,"(23.8, 32.3)",69,"(61.0, 76.1)",18,"(16.1, 20.2)",38,"(32.2, 44.3)",20.3,"(18.1, 22.6)",32.6,"(27.6, 38.0)",6.3,"( 5.8,  6.9)",15.5,"(12.6, 18.4)",12.5,"(11.2, 13.9)",9.8,"( 8.9, 10.7)",17.7,"(15.7, 19.9)",22.4,"(19.8, 25.2)",7.4,"( 6.7,  8.1)",13.2,"(11.9, 14.8)",39,"(34.7, 43.5)",31.8,"(27.4, 36.6)",24.8,"(21.6, 28.3)",25.6,"(22.4, 29.1)",17.2,"(15.0, 19.7)",14.6,"(12.8, 16.7)",13.8,"(12.2, 15.5)",24.5,"(21.1, 28.3)",POINT (-108.4489584 35.3088522)
NM,New Mexico,Mora,35033,35033955201,2056,"1,722",20.2,"(17.4, 23.4)",28.6,"(25.0, 32.3)",11.5,"( 9.2, 14.1)",39.5,"(35.0, 44.2)",79.1,"(75.6, 82.2)",7.5,"( 6.8,  8.3)",8.5,"( 7.4,  9.6)",8.8,"( 7.9,  9.8)",73.1,"(68.8, 77.2)",87.5,"(85.8, 89.1)",61.2,"(55.6, 66.9)",6.2,"( 5.4,  7.0)",11,"( 9.4, 12.9)",58.5,"(54.6, 62.8)",17.9,"(14.9, 21.2)",18.4,"(16.0, 20.9)",27.6,"(24.4, 31.2)",39.7,"(34.9, 44.6)",31,"(26.4, 36.4)",70.7,"(62.1, 78.9)",13,"(11.4, 14.8)",33.9,"(26.0, 42.6)",16.9,"(15.0, 19.0)",34.2,"(27.6, 41.9)",4.5,"( 4.1,  4.9)",11.6,"( 9.3, 14.3)",10,"( 8.9, 11.3)",8.9,"( 8.1,  9.7)",13.9,"(12.3, 15.8)",19.3,"(16.9, 21.9)",5.6,"( 5.1,  6.2)",8.6,"( 7.7,  9.7)",36.8,"(32.5, 41.7)",31.5,"(26.2, 37.0)",15.6,"(13.3, 18.3)",21.7,"(18.7, 25.1)",17,"(14.7, 19.6)",10.5,"( 9.1, 12.0)",10.2,"( 9.0, 11.5)",24.2,"(20.5, 28.2)",POINT (-105.4895762 36.0117407)
NM,New Mexico,Mora,35033,35033955202,2133,"1,777",17.5,"(15.0, 20.2)",29.8,"(26.1, 33.6)",11.1,"( 8.9, 13.6)",40.7,"(36.0, 45.5)",80.1,"(76.9, 83.1)",8.3,"( 7.5,  9.1)",8.6,"( 7.6,  9.8)",9.3,"( 8.3, 10.3)",74.2,"(70.1, 78.2)",88,"(86.4, 89.6)",59.7,"(54.0, 65.7)",6.7,"( 5.9,  7.5)",11.1,"( 9.4, 13.0)",57.3,"(53.4, 61.4)",18.5,"(15.4, 21.9)",18.3,"(15.9, 20.9)",26.9,"(23.6, 30.2)",40.1,"(35.2, 45.0)",30,"(25.1, 35.1)",70,"(61.4, 78.2)",12.9,"(11.3, 14.6)",33.7,"(25.8, 42.3)",16.6,"(14.6, 18.7)",33.5,"(27.0, 41.0)",4.6,"( 4.2,  5.0)",15.4,"(12.7, 18.9)",10.5,"( 9.3, 11.7)",8.8,"( 7.9,  9.6)",13.6,"(11.9, 15.3)",19.4,"(16.8, 21.9)",5.7,"( 5.1,  6.2)",8.8,"( 7.8,  9.8)",36.4,"(31.7, 41.3)",30.3,"(25.2, 36.0)",16,"(13.8, 18.5)",20.6,"(17.9, 23.8)",15.6,"(13.6, 17.9)",10.3,"( 9.0, 11.8)",9.8,"( 8.7, 11.2)",22.3,"(18.9, 26.3)",POINT (-104.8414691 36.0165664)
NM,New Mexico,Otero,35035,35035000100,1618,"1,276",23.8,"(19.7, 28.3)",28.7,"(25.5, 31.8)",11.8,"( 9.6, 14.3)",41.6,"(37.5, 45.6)",76.2,"(73.6, 78.6)",6.2,"( 5.6,  6.9)",10.5,"( 9.2, 12.0)",10.5,"( 9.4, 11.7)",70,"(65.8, 73.9)",76.7,"(73.9, 79.5)",49.3,"(44.0, 54.8)",10.9,"( 9.4, 12.5)",19.9,"(16.8, 22.9)",44.3,"(40.7, 48.3)",24.3,"(20.7, 28.0)",20,"(17.6, 22.5)",37.7,"(33.4, 42.0)",38.4,"(34.4, 42.6)",37.6,"(32.1, 43.0)",66.9,"(58.5, 74.8)",19.1,"(16.8, 21.5)",43.4,"(36.4, 50.4)",20.8,"(18.3, 23.4)",37.1,"(31.5, 43.4)",6,"( 5.4,  6.7)",25.5,"(21.5, 29.8)",11.5,"(10.1, 12.8)",14.5,"(12.9, 16.2)",22.8,"(19.9, 25.7)",25,"(21.9, 28.1)",9.4,"( 8.3, 10.7)",16,"(14.0, 18.0)",46.4,"(41.2, 51.4)",36.4,"(31.6, 41.5)",39.5,"(34.8, 44.1)",39.9,"(35.3, 44.7)",26.4,"(23.1, 29.9)",20.8,"(18.3, 23.4)",19.8,"(17.4, 22.3)",26.7,"(22.9, 30.6)",POINT (-105.950662 32.896461)
NM,New Mexico,Otero,35035,35035000200,1748,"1,402",15,"(12.0, 18.2)",27.2,"(24.1, 30.4)",13.8,"(11.1, 16.6)",36.5,"(32.6, 40.6)",75.2,"(72.1, 78.0)",7.4,"( 6.7,  8.3)",10.6,"( 9.3, 12.0)",8.1,"( 7.1,  9.1)",70.3,"(65.9, 74.3)",81.7,"(79.0, 84.1)",58.8,"(53.5, 64.2)",8.3,"( 7.0,  9.6)",15.9,"(13.3, 18.8)",56.9,"(53.4, 60.7)",24.9,"(21.4, 28.9)",14,"(12.1, 16.0)",25.9,"(22.6, 29.8)",36.6,"(32.4, 40.7)",26.2,"(21.8, 31.1)",65.8,"(57.3, 73.9)",17.6,"(15.4, 19.9)",37.8,"(31.1, 44.8)",16.6,"(14.5, 18.9)",34.6,"(29.2, 40.5)",4.4,"( 3.9,  4.8)",15.2,"(12.6, 18.2)",9.2,"( 8.1, 10.3)",8,"( 7.1,  9.0)",17.8,"(15.5, 20.5)",17.5,"(15.0, 20.1)",5.7,"( 5.0,  6.4)",11,"( 9.6, 12.6)",36.8,"(32.3, 41.9)",34.8,"(30.1, 39.9)",20.4,"(17.4, 23.9)",23,"(19.7, 26.9)",17.3,"(15.0, 20.0)",12.6,"(11.0, 14.5)",12,"(10.6, 13.8)",24.5,"(21.1, 28.4)",POINT (-105.9525377 32.9039225)
NM,New Mexico,Otero,35035,35035000303,2281,"1,795",16.4,"(13.7, 19.3)",29,"(25.8, 32.4)",13.4,"(10.9, 16.2)",38.8,"(34.6, 42.9)",75.8,"(72.6, 78.5)",7.6,"( 6.9,  8.5)",10.8,"( 9.5, 12.2)",8.8,"( 7.8,  9.7)",70.5,"(66.1, 74.5)",80.6,"(78.0, 83.0)",54.7,"(49.3, 60.2)",9.8,"( 8.5, 11.2)",18.2,"(15.4, 21.1)",54.9,"(51.3, 58.8)",25.8,"(22.0, 29.8)",15.2,"(13.1, 17.4)",28.7,"(25.2, 32.3)",37.2,"(33.0, 41.4)",29.1,"(24.6, 34.0)",69,"(61.2, 76.7)",18.5,"(16.3, 20.7)",40.3,"(33.3, 47.5)",17.9,"(15.8, 20.2)",35.5,"(29.9, 41.5)",4.9,"( 4.4,  5.4)",22.2,"(18.6, 26.4)",9.8,"( 8.7, 11.0)",9.1,"( 8.2, 10.1)",19.2,"(16.9, 21.7)",19.6,"(17.1, 22.2)",6.6,"( 5.8,  7.3)",12.5,"(11.1, 14.1)",39.5,"(34.8, 44.4)",34.8,"(30.2, 39.9)",25.8,"(22.3, 29.5)",26.8,"(23.3, 30.6)",19.5,"(17.0, 22.3)",14.9,"(13.1, 17.0)",13.7,"(12.1, 15.5)",24.5,"(21.1, 28.3)",POINT (-105.9463394 32.9187924)
NM,New Mexico,Otero,35035,35035000304,3454,"2,670",7.9,"( 6.4,  9.5)",25.5,"(22.4, 28.7)",15.2,"(12.4, 18.2)",32.3,"(28.6, 36.3)",76,"(72.6, 79.0)",9.3,"( 8.4, 10.3)",9.5,"( 8.3, 10.7)",6.1,"( 5.3,  6.9)",73,"(69.0, 76.8)",88,"(86.1, 89.7)",66.7,"(62.2, 71.2)",5.1,"( 4.3,  5.9)",9.3,"( 7.6, 11.1)",72.8,"(69.7, 75.9)",22.2,"(18.9, 25.9)",9.5,"( 8.1, 10.9)",14.9,"(12.7, 17.3)",35.4,"(31.3, 39.7)",16.2,"(13.2, 19.5)",75.8,"(68.6, 82.3)",13.5,"(11.8, 15.5)",30.9,"(24.8, 37.4)",11.6,"(10.1, 13.3)",31,"(25.9, 36.7)",3.1,"( 2.8,  3.5)",8.2,"( 6.6, 10.1)",7.3,"( 6.4,  8.3)",3.9,"( 3.4,  4.4)",11.4,"( 9.8, 13.1)",11.1,"( 9.4, 12.9)",2.9,"( 2.6,  3.3)",6.4,"( 5.5,  7.4)",26.4,"(22.7, 30.3)",31.4,"(27.0, 36.0)",6.8,"( 5.5,  8.3)",9.6,"( 7.9, 11.3)",9,"( 7.6, 10.4)",6.1,"( 5.2,  7.0)",5.8,"( 5.0,  6.6)",20.9,"(17.8, 24.1)",POINT (-105.9441248 32.9378206)
NM,New Mexico,Otero,35035,35035000305,3640,"2,822",15.7,"(12.8, 18.8)",29.1,"(25.9, 32.5)",13.2,"(10.6, 15.9)",38.8,"(34.9, 42.9)",76.4,"(73.2, 79.2)",7.9,"( 7.1,  8.8)",10.7,"( 9.4, 12.1)",8.9,"( 7.9, 10.0)",71.2,"(66.8, 75.2)",81.9,"(79.2, 84.3)",56.9,"(52.0, 62.0)",9.4,"( 8.0, 10.9)",17.1,"(14.3, 19.9)",59.8,"(56.2, 63.6)",25.3,"(21.7, 29.1)",15.2,"(13.1, 17.3)",27.8,"(24.2, 31.7)",37.5,"(33.5, 41.6)",28,"(23.4, 32.9)",69.9,"(61.8, 77.1)",17.7,"(15.6, 20.0)",39.5,"(32.7, 46.2)",17.6,"(15.4, 19.9)",33.9,"(28.6, 39.8)",4.9,"( 4.4,  5.4)",21.4,"(18.0, 25.2)",9.9,"( 8.7, 11.1)",8.9,"( 7.8,  9.9)",18.4,"(16.0, 20.8)",19.4,"(16.8, 22.1)",6.4,"( 5.6,  7.2)",12,"(10.5, 13.6)",38.7,"(33.8, 43.3)",34.2,"(29.4, 39.4)",23.7,"(20.1, 27.5)",25,"(21.4, 29.0)",18.4,"(15.8, 21.3)",14,"(12.2, 16.1)",12.9,"(11.2, 14.7)",23.9,"(20.4, 27.9)",POINT (-105.9471848 32.9104294)
NM,New Mexico,Otero,35035,35035000306,3153,"2,474",10,"( 8.1, 12.1)",27.9,"(24.6, 31.2)",14.2,"(11.5, 17.0)",35.9,"(31.9, 40.0)",77.3,"(74.1, 80.0)",9.1,"( 8.2, 10.1)",10,"( 8.8, 11.4)",7.5,"( 6.6,  8.5)",73.1,"(69.0, 76.9)",86.1,"(84.1, 88.2)",60.8,"(55.4, 65.9)",6.7,"( 5.6,  7.8)",11.6,"( 9.4, 13.8)",66.6,"(63.3, 70.2)",23.4,"(19.9, 27.2)",12,"(10.3, 13.8)",19.4,"(16.4, 22.3)",36.9,"(32.8, 41.1)",20.3,"(16.5, 24.2)",71.6,"(63.8, 78.7)",15,"(13.0, 17.1)",34,"(27.7, 40.6)",13.9,"(12.0, 15.8)",32.7,"(27.5, 38.6)",3.9,"( 3.5,  4.4)",12.7,"(10.3, 15.6)",8.7,"( 7.6,  9.8)",5.5,"( 4.9,  6.2)",13.7,"(11.8, 15.8)",14.4,"(12.3, 16.7)",4.1,"( 3.6,  4.7)",8.3,"( 7.2,  9.6)",31.5,"(27.1, 35.8)",32.3,"(27.8, 37.2)",11.2,"( 9.1, 13.7)",13.9,"(11.4, 16.8)",11.7,"( 9.9, 13.8)",8.4,"( 7.2,  9.8)",7.9,"( 6.8,  9.3)",21.8,"(18.6, 25.5)",POINT (-105.9236675 32.9111389)
NM,New Mexico,Otero,35035,35035000401,4927,"3,897",11.7,"( 9.5, 14.1)",27.5,"(24.4, 30.7)",13.8,"(11.3, 16.6)",36.1,"(32.2, 40.0)",76.7,"(73.8, 79.4)",8.5,"( 7.6,  9.4)",10.1,"( 8.9, 11.5)",7.7,"( 6.8,  8.7)",72.2,"(68.0, 75.9)",84.1,"(81.7, 86.2)",61.9,"(56.9, 66.9)",7.3,"( 6.2,  8.6)",12.8,"(10.6, 15.3)",64.6,"(61.1, 68.3)",23.9,"(20.4, 27.7)",12.6,"(10.9, 14.6)",21.7,"(18.6, 25.1)",36.4,"(32.3, 40.6)",22.6,"(18.6, 27.1)",71.8,"(64.2, 79.0)",15.9,"(13.8, 18.1)",35.3,"(28.9, 42.0)",14.6,"(12.8, 16.7)",32.7,"(27.5, 38.5)",4.1,"( 3.7,  4.6)",12.4,"(10.3, 14.9)",8.9,"( 7.8, 10.1)",6.5,"( 5.7,  7.4)",15.2,"(13.1, 17.6)",15.6,"(13.4, 18.0)",4.6,"( 4.1,  5.3)",9.5,"( 8.2, 10.9)",33.5,"(29.1, 38.3)",33.2,"(28.5, 38.1)",14.9,"(12.3, 17.8)",17.4,"(14.6, 20.3)",13.6,"(11.7, 15.8)",10,"( 8.6, 11.5)",9.5,"( 8.3, 11.0)",22.4,"(19.0, 25.9)",POINT (-105.925143 32.8978364)
NM,New Mexico,Otero,35035,35035000403,3141,"2,343",8.9,"( 7.0, 11.0)",23.6,"(20.6, 26.6)",16.2,"(13.3, 19.4)",30.8,"(27.0, 34.8)",73,"(69.4, 76.1)",7.9,"( 7.0,  8.7)",9.9,"( 8.7, 11.2)",5.6,"( 4.8,  6.3)",70.4,"(66.2, 74.5)",85.5,"(83.1, 87.7)",65.6,"(60.7, 70.5)",5.4,"( 4.5,  6.4)",11.4,"( 9.3, 14.1)",71.3,"(68.2, 74.5)",23.8,"(20.3, 27.6)",9.2,"( 7.8, 10.6)",16.1,"(13.6, 19.0)",33.7,"(29.6, 37.8)",17.1,"(13.9, 20.9)",74.5,"(67.2, 81.0)",15.2,"(13.2, 17.4)",32.4,"(26.2, 39.0)",12,"(10.4, 13.9)",31.4,"(26.3, 37.1)",3,"( 2.6,  3.3)",12.3,"(10.0, 14.9)",6.6,"( 5.8,  7.5)",4.2,"( 3.6,  4.7)",13,"(11.1, 15.3)",10.9,"( 9.1, 12.8)",3.1,"( 2.7,  3.6)",7,"( 6.0,  8.2)",26.7,"(22.8, 31.2)",32.6,"(28.0, 37.7)",9.3,"( 7.3, 11.5)",11.9,"( 9.7, 14.4)",10.8,"( 9.0, 12.8)",7.5,"( 6.4,  8.8)",6.9,"( 6.0,  8.1)",22.2,"(18.9, 26.0)",POINT (-105.9491254 32.8553495)
NM,New Mexico,Otero,35035,35035000404,4698,"3,778",11.7,"( 9.6, 14.1)",25.1,"(22.3, 28.2)",14.8,"(12.1, 17.8)",33.8,"(30.1, 37.7)",74.7,"(71.7, 77.5)",7.7,"( 6.9,  8.5)",9.9,"( 8.7, 11.2)",6.9,"( 6.1,  7.7)",70.6,"(66.3, 74.6)",83.1,"(80.8, 85.3)",65.2,"(60.3, 70.1)",6.5,"( 5.6,  7.5)",12.5,"(10.4, 14.8)",70.1,"(67.0, 73.4)",23.5,"(20.1, 27.2)",11.6,"(10.0, 13.3)",20.4,"(17.7, 23.4)",34.9,"(31.0, 39.1)",21.5,"(17.8, 25.7)",76.4,"(69.5, 82.7)",16,"(14.1, 18.3)",34.3,"(28.1, 41.0)",13.9,"(12.1, 15.7)",31.9,"(26.7, 37.8)",3.7,"( 3.3,  4.1)",8.3,"( 6.7, 10.3)",8.1,"( 7.2,  9.1)",5.9,"( 5.3,  6.6)",15.1,"(13.2, 17.2)",14,"(12.1, 16.1)",4.2,"( 3.7,  4.7)",8.8,"( 7.7, 10.0)",31.9,"(27.7, 36.4)",34,"(29.3, 38.9)",13.7,"(11.4, 16.2)",16.8,"(14.3, 19.5)",13.6,"(11.7, 15.8)",9.6,"( 8.3, 11.1)",9.3,"( 8.1, 10.6)",23.4,"(20.2, 27.1)",POINT (-105.9299823 32.8667542)
NM,New Mexico,Otero,35035,35035000501,2882,"2,199",13.2,"(10.6, 16.3)",24.1,"(21.2, 27.2)",15.3,"(12.4, 18.4)",33.4,"(29.5, 37.4)",73,"(69.6, 76.0)",6.7,"( 6.0,  7.4)",10,"( 8.8, 11.4)",6.7,"( 5.9,  7.5)",69.2,"(64.8, 73.5)",81.6,"(79.0, 84.2)",58.1,"(52.8, 63.3)",6.8,"( 5.8,  7.9)",14,"(11.6, 16.7)",61.4,"(57.8, 65.3)",24.3,"(20.7, 28.2)",12.1,"(10.5, 14.0)",22.2,"(19.2, 25.5)",34.5,"(30.5, 38.5)",22.7,"(18.8, 26.9)",70.8,"(62.9, 78.1)",16.8,"(14.7, 19.1)",36.7,"(30.1, 43.5)",14.6,"(12.7, 16.6)",33.9,"(28.4, 40.0)",3.6,"( 3.3,  4.0)",17.5,"(14.4, 20.8)",7.6,"( 6.7,  8.7)",6.6,"( 5.9,  7.4)",16.2,"(14.0, 18.6)",14.3,"(12.2, 16.5)",4.7,"( 4.1,  5.3)",9.3,"( 8.1, 10.6)",32.5,"(28.2, 37.2)",34,"(29.3, 38.9)",16.8,"(13.9, 19.8)",19.7,"(16.6, 23.1)",15.6,"(13.3, 18.1)",11.3,"( 9.8, 13.1)",10.7,"( 9.2, 12.2)",23.6,"(20.1, 27.3)",POINT (-105.9859092 32.8421986)
NM,New Mexico,Otero,35035,35035000502,1853,"1,443",15.2,"(12.6, 18.1)",32,"(28.4, 35.8)",12.2,"( 9.9, 14.7)",41.9,"(37.5, 46.4)",79.3,"(76.3, 82.0)",9.5,"( 8.6, 10.5)",10.2,"( 8.9, 11.6)",10.3,"( 9.2, 11.6)",73.5,"(69.5, 77.2)",84.9,"(82.8, 86.8)",55.5,"(50.3, 60.9)",9.9,"( 8.5, 11.6)",15.9,"(13.3, 18.6)",59.5,"(56.0, 63.3)",23.6,"(20.1, 27.3)",16.4,"(14.2, 18.9)",27.7,"(24.1, 31.4)",40.2,"(35.7, 44.7)",27.9,"(23.3, 32.9)",65.9,"(57.4, 73.9)",15.9,"(13.9, 18.0)",38.5,"(31.6, 45.6)",17.8,"(15.6, 20.2)",32.8,"(27.4, 38.6)",5.4,"( 4.8,  6.0)",17.5,"(14.6, 20.8)",11.5,"(10.1, 13.0)",8.8,"( 7.8,  9.8)",16.7,"(14.6, 19.0)",20.6,"(17.8, 23.5)",6.5,"( 5.7,  7.3)",11.5,"(10.1, 13.0)",38.9,"(34.2, 44.0)",32.3,"(27.8, 37.2)",20.3,"(17.1, 23.6)",22.1,"(18.8, 25.4)",16.1,"(13.7, 18.4)",12.2,"(10.5, 14.0)",11.2,"( 9.7, 12.7)",22.8,"(19.5, 26.5)",POINT (-106.0013097 32.9184365)
NM,New Mexico,Otero,35035,35035000601,871,855,20.1,"(15.6, 27.0)",8.1,"( 6.8,  9.6)",18.3,"(14.8, 22.6)",22.5,"(18.9, 26.2)",29.3,"(26.1, 33.2)",1.2,"( 1.0,  1.3)",11,"( 9.5, 12.8)",3.3,"( 2.8,  3.8)",56.3,"(50.5, 62.2)",44.2,"(38.2, 50.5)",62.9,"(57.5, 68.1)",6.6,"( 5.4,  8.1)",19.7,"(15.3, 24.5)",62.7,"(59.0, 66.4)",31,"(26.2, 36.0)",5,"( 4.2,  5.8)",33.6,"(28.3, 40.3)",17.2,"(14.6, 20.0)",29.3,"(23.2, 35.5)",67.9,"(59.3, 75.7)",29.8,"(25.4, 33.6)",38.2,"(31.0, 45.6)",15.6,"(13.1, 18.3)",33.9,"(28.4, 39.9)",1.8,"( 1.6,  2.1)",15,"(12.2, 18.3)",6.5,"( 5.5,  7.7)",13.4,"(11.4, 16.2)",35.2,"(29.9, 40.9)",9.5,"( 7.9, 11.4)",5.5,"( 4.7,  6.5)",21.2,"(17.7, 25.2)",49.4,"(42.7, 55.7)",45.4,"(39.4, 51.4)",53.2,"(42.4, 62.2)",50.6,"(41.1, 59.3)",29.7,"(24.4, 34.7)",27.8,"(23.1, 32.0)",34,"(28.1, 39.4)",29.2,"(24.3, 34.5)",POINT (-106.1729054 32.6597228)
NM,New Mexico,Otero,35035,35035000602,2275,"1,953",10.8,"( 9.1, 12.9)",28.4,"(25.2, 31.8)",14.7,"(12.0, 17.7)",36.6,"(32.6, 40.7)",76.4,"(73.2, 79.3)",9.1,"( 8.1, 10.0)",10.2,"( 8.9, 11.6)",7.9,"( 7.0,  8.8)",71.5,"(67.4, 75.4)",84.5,"(82.5, 86.4)",62.8,"(57.6, 68.0)",7.8,"( 6.7,  9.1)",14.2,"(12.0, 16.7)",64.8,"(61.4, 68.5)",24.1,"(20.5, 28.0)",12.1,"(10.4, 14.0)",21,"(18.1, 24.1)",37.7,"(33.4, 42.0)",21.3,"(17.5, 25.6)",70.8,"(63.1, 78.2)",15.9,"(13.8, 18.1)",34.6,"(28.1, 41.4)",14.9,"(13.0, 17.0)",32.9,"(27.6, 38.8)",4.1,"( 3.6,  4.5)",15.4,"(12.9, 18.5)",8.9,"( 7.9, 10.1)",5.7,"( 5.1,  6.4)",15.1,"(13.1, 17.2)",15.1,"(12.9, 17.4)",4.4,"( 3.9,  5.0)",9,"( 7.9, 10.2)",32.9,"(28.5, 37.7)",33.1,"(28.6, 38.2)",12.7,"(10.5, 15.1)",15.3,"(12.9, 17.9)",12.1,"(10.4, 14.0)",8.6,"( 7.5, 10.0)",8.5,"( 7.4,  9.7)",23.2,"(20.0, 26.9)",POINT (-105.9643375 32.7862634)
NM,New Mexico,Otero,35035,35035000603,2435,"1,953",11.4,"( 9.7, 13.3)",32.1,"(28.5, 35.7)",12.7,"(10.3, 15.3)",40.9,"(36.6, 45.3)",79.6,"(76.4, 82.4)",10,"( 9.0, 11.0)",10,"( 8.8, 11.3)",9.2,"( 8.3, 10.2)",74.2,"(70.4, 78.0)",86.9,"(85.1, 88.6)",62.8,"(57.6, 68.0)",8.9,"( 7.8, 10.0)",15,"(12.9, 17.4)",65.7,"(62.3, 69.3)",23.4,"(19.9, 27.0)",14.6,"(12.6, 16.6)",23.5,"(20.6, 26.5)",40.3,"(35.7, 44.8)",24.8,"(20.7, 29.1)",72.6,"(64.9, 79.5)",15.1,"(13.4, 17.1)",36.7,"(29.9, 43.5)",16.3,"(14.4, 18.3)",31.9,"(26.7, 37.6)",4.8,"( 4.4,  5.2)",11.8,"( 9.6, 14.4)",10.3,"( 9.2, 11.5)",6.8,"( 6.2,  7.4)",14.8,"(13.0, 16.6)",18,"(15.7, 20.5)",5.1,"( 4.6,  5.6)",9.6,"( 8.6, 10.8)",35.4,"(31.1, 39.8)",31.6,"(27.1, 36.4)",14.7,"(12.5, 17.1)",16.7,"(14.4, 19.3)",12.6,"(10.9, 14.5)",9.3,"( 8.0, 10.6)",8.6,"( 7.6,  9.7)",22.3,"(19.1, 25.8)",POINT (-105.9359668 32.9843589)
NM,New Mexico,Otero,35035,35035000604,2980,"2,133",9.5,"( 7.9, 11.5)",7.6,"( 6.3,  8.9)",22.4,"(18.6, 26.8)",14,"(11.8, 16.5)",36.2,"(32.6, 40.1)",1.7,"( 1.5,  1.9)",10.7,"( 9.4, 12.2)",1.4,"( 1.3,  1.6)",59,"(53.7, 64.1)",70.2,"(66.3, 74.0)",53.6,"(48.5, 58.7)",2.3,"( 2.0,  2.7)",9.8,"( 7.9, 11.7)",62.1,"(58.6, 65.9)",29.1,"(25.0, 33.6)",2.8,"( 2.4,  3.2)",12.7,"(10.6, 14.9)",16.5,"(14.0, 19.4)",13.4,"(10.7, 16.5)",71,"(63.0, 78.4)",22,"(19.0, 25.0)",29,"(23.2, 35.2)",8.6,"( 7.4,  9.9)",35.6,"(30.0, 41.7)",0.9,"( 0.8,  1.0)",11.3,"( 9.2, 14.0)",2.8,"( 2.5,  3.3)",3.4,"( 3.0,  3.9)",18.7,"(15.9, 21.3)",4,"( 3.4,  4.6)",1.7,"( 1.5,  1.9)",7.8,"( 6.6,  8.9)",24.9,"(20.9, 29.2)",42.4,"(37.3, 48.1)",11.7,"( 9.6, 14.2)",15.9,"(13.0, 19.0)",14.3,"(12.0, 16.8)",9.7,"( 8.3, 11.4)",11.1,"( 9.4, 12.9)",26.1,"(22.3, 30.5)",POINT (-106.0759922 32.8355412)
NM,New Mexico,Otero,35035,35035000701,4094,"3,185",14.5,"(12.1, 17.0)",31,"(27.5, 34.5)",12.6,"(10.2, 15.2)",40.4,"(36.0, 44.5)",78.7,"(75.5, 81.5)",9,"( 8.1, 10.0)",10.1,"( 8.9, 11.5)",9.2,"( 8.2, 10.2)",73.2,"(69.1, 77.0)",85.4,"(83.5, 87.3)",60.8,"(55.6, 66.0)",9,"( 7.8, 10.1)",15.5,"(13.2, 17.8)",60.1,"(56.6, 64.0)",23.5,"(20.0, 27.1)",15.5,"(13.4, 17.6)",26,"(22.8, 29.1)",39.7,"(35.3, 44.1)",26.8,"(22.5, 31.0)",69.2,"(60.9, 77.0)",15.7,"(13.8, 17.6)",38.1,"(31.3, 45.0)",17.1,"(15.1, 19.1)",33.7,"(28.4, 39.7)",4.9,"( 4.4,  5.3)",13.4,"(11.0, 16.3)",10.3,"( 9.2, 11.5)",8,"( 7.2,  8.7)",16,"(14.1, 17.9)",19,"(16.6, 21.4)",5.8,"( 5.2,  6.3)",10.5,"( 9.3, 11.6)",37,"(32.6, 41.3)",32.3,"(27.9, 37.1)",18.1,"(15.5, 21.1)",20.7,"(17.9, 23.7)",15.4,"(13.3, 17.6)",11.3,"( 9.8, 12.9)",10.4,"( 9.1, 11.8)",23,"(19.7, 26.6)",POINT (-106.1421856 33.1551732)
NM,New Mexico,Otero,35035,35035000702,1591,"1,259",17.6,"(15.2, 20.2)",38.6,"(34.8, 42.4)",10.4,"( 8.4, 12.7)",49.4,"(45.0, 53.8)",81.6,"(78.8, 84.1)",9.9,"( 9.0, 10.9)",11.4,"(10.0, 12.8)",14,"(12.8, 15.4)",75,"(71.1, 78.7)",83.7,"(81.7, 85.6)",53.7,"(48.2, 59.4)",15.4,"(13.8, 17.0)",22.4,"(19.5, 25.3)",48.8,"(45.1, 53.0)",26.2,"(22.5, 30.1)",22.7,"(20.1, 25.4)",37.4,"(33.7, 41.2)",43.7,"(39.1, 48.2)",36.1,"(31.1, 41.1)",64.1,"(55.5, 72.4)",18.2,"(16.1, 20.4)",45,"(37.8, 52.1)",23.1,"(20.7, 25.6)",36.1,"(30.5, 42.1)",7.6,"( 7.0,  8.2)",28.9,"(24.5, 33.9)",14.6,"(13.1, 16.1)",13.6,"(12.5, 14.7)",20.7,"(18.5, 23.1)",29.1,"(26.2, 32.1)",10.4,"( 9.5, 11.3)",16.3,"(14.8, 18.0)",47.7,"(42.9, 52.4)",32.2,"(27.7, 37.2)",35.7,"(32.1, 39.7)",32.8,"(29.2, 36.7)",21.4,"(19.0, 24.1)",18.6,"(16.6, 20.8)",16.4,"(14.7, 18.3)",22.9,"(19.7, 26.6)",POINT (-105.91098 33.0727519)
NM,New Mexico,Otero,35035,35035000901,3597,"3,008",7.5,"( 6.4,  8.8)",36,"(32.1, 39.9)",11.9,"( 9.7, 14.4)",43.8,"(39.4, 48.3)",81.8,"(78.6, 84.5)",12.2,"(11.1, 13.5)",10.2,"( 9.0, 11.6)",10.2,"( 9.1, 11.3)",77.2,"(73.5, 80.6)",89.4,"(87.9, 90.8)",66.7,"(61.7, 71.7)",9.5,"( 8.4, 10.8)",13.6,"(11.6, 15.9)",66.6,"(63.1, 70.2)",24,"(20.5, 27.8)",14.8,"(12.9, 17.1)",21.2,"(18.6, 24.1)",42.8,"(38.1, 47.4)",21.4,"(17.7, 25.3)",71.8,"(64.1, 78.9)",14,"(12.3, 15.9)",36,"(29.4, 42.8)",15.9,"(14.0, 18.0)",31.3,"(26.1, 37.1)",5,"( 4.6,  5.5)",12.1,"( 9.9, 14.7)",11,"( 9.7, 12.3)",5.9,"( 5.4,  6.5)",13,"(11.4, 14.7)",17.8,"(15.5, 20.2)",5,"( 4.5,  5.5)",9,"( 8.0, 10.1)",34.1,"(29.8, 38.5)",28.9,"(24.7, 33.5)",11.8,"(10.0, 13.8)",12.5,"(10.8, 14.5)",9.5,"( 8.2, 10.9)",7.8,"( 6.9,  9.0)",7.1,"( 6.3,  8.0)",19.3,"(16.5, 22.5)",POINT (-105.5823829 32.9407454)
NM,New Mexico,Otero,35035,35035000903,6585,"4,879",33.3,"(27.9, 39.1)",19.4,"(16.8, 22.1)",15,"(12.1, 18.1)",33.1,"(29.1, 37.0)",65.7,"(62.0, 69.2)",3.5,"( 3.1,  3.9)",9.3,"( 8.1, 10.5)",6.8,"( 6.0,  7.6)",62.4,"(57.4, 67.3)",72,"(68.3, 75.5)",41.8,"(36.8, 46.8)",6.9,"( 5.9,  7.9)",20,"(16.8, 23.0)",40.5,"(36.9, 44.4)",22.6,"(19.0, 26.2)",15.7,"(13.7, 17.8)",37,"(32.1, 41.5)",32.9,"(28.8, 37.0)",36.5,"(31.0, 42.0)",64.9,"(55.9, 73.2)",19.2,"(16.8, 21.6)",44.3,"(37.1, 51.5)",19,"(16.7, 21.4)",39.4,"(33.4, 45.7)",3.8,"( 3.4,  4.2)",28.3,"(24.0, 33.0)",8.3,"( 7.3,  9.3)",13.2,"(11.6, 14.8)",23.6,"(20.4, 26.7)",18.8,"(16.2, 21.4)",7.9,"( 6.8,  8.9)",13.5,"(11.6, 15.4)",42.5,"(37.2, 47.7)",38,"(32.9, 43.5)",39,"(33.8, 44.9)",44.3,"(38.8, 50.2)",32.9,"(28.8, 37.6)",23.1,"(20.2, 26.3)",21.5,"(18.7, 24.6)",29.9,"(25.7, 34.4)",POINT (-106.3334818 32.0526634)
NM,New Mexico,Otero,35035,35035000904,5994,"4,175",26.5,"(20.9, 32.2)",24,"(21.1, 27.1)",13.4,"(11.0, 16.2)",34.4,"(30.4, 38.5)",73.1,"(69.7, 76.3)",5.8,"( 5.3,  6.4)",9.7,"( 8.4, 11.1)",7.6,"( 6.8,  8.5)",67.6,"(63.0, 72.0)",79.9,"(76.7, 82.9)",53.9,"(48.6, 59.3)",7.5,"( 6.5,  8.6)",15.6,"(12.7, 18.4)",56.2,"(52.8, 60.0)",22.5,"(19.0, 26.4)",15,"(13.0, 17.3)",31,"(26.4, 35.6)",36.2,"(31.9, 40.5)",31.1,"(25.9, 36.6)",65.1,"(56.5, 73.0)",16.8,"(14.7, 19.3)",39.6,"(32.6, 47.0)",17.7,"(15.3, 20.1)",34.5,"(29.0, 40.6)",4.1,"( 3.7,  4.5)",20.2,"(16.9, 24.0)",8.6,"( 7.6,  9.8)",10,"( 8.6, 11.4)",19.4,"(16.4, 22.6)",18.4,"(15.8, 21.2)",6.4,"( 5.5,  7.4)",11.4,"( 9.7, 13.1)",38.6,"(33.5, 44.1)",36.3,"(31.4, 41.7)",25.1,"(20.6, 29.9)",31.3,"(26.2, 36.8)",23.7,"(20.0, 27.6)",15.1,"(13.0, 17.5)",14.8,"(12.5, 17.2)",26.9,"(23.1, 31.2)",POINT (-105.6060873 32.3585954)
NM,New Mexico,Otero,35035,35035940000,4022,"2,719",14.2,"(11.7, 17.2)",25.2,"(22.1, 28.2)",14.5,"(11.8, 17.5)",35.3,"(31.3, 39.4)",68.2,"(64.5, 71.6)",4.8,"( 4.3,  5.4)",14.6,"(12.8, 16.4)",7.2,"( 6.4,  8.0)",67.3,"(62.7, 71.7)",75.7,"(72.6, 78.6)",46,"(40.6, 51.4)",9.4,"( 8.1, 10.7)",28.7,"(24.8, 32.6)",46.2,"(42.6, 50.2)",28.4,"(24.4, 32.6)",15.7,"(13.7, 17.9)",33.4,"(29.3, 37.5)",31.2,"(27.4, 35.1)",29.4,"(24.7, 34.4)",57.7,"(48.8, 66.5)",24.2,"(21.4, 27.1)",43.9,"(36.7, 51.1)",20.5,"(18.1, 23.1)",42.5,"(36.5, 48.9)",4.7,"( 4.3,  5.3)",26.4,"(22.5, 30.8)",9.7,"( 8.6, 11.0)",11.6,"(10.3, 12.9)",24.3,"(21.2, 27.5)",20.4,"(17.8, 23.2)",6.9,"( 6.1,  7.7)",16,"(14.0, 18.1)",44.4,"(39.3, 49.5)",40,"(35.0, 45.3)",38,"(33.0, 43.3)",41.8,"(37.0, 47.1)",30.3,"(26.5, 34.4)",24.5,"(21.6, 27.6)",23.8,"(21.1, 27.0)",31.8,"(27.7, 36.3)",POINT (-105.5832417 33.1761346)
NM,New Mexico,Quay,35037,35037958601,3019,"2,320",17.2,"(14.0, 20.5)",30.6,"(27.0, 34.3)",12.3,"( 9.8, 15.1)",40.3,"(35.8, 44.9)",78.2,"(74.9, 81.1)",8.6,"( 7.7,  9.5)",10.2,"( 8.9, 11.6)",9.5,"( 8.4, 10.7)",72.3,"(67.7, 76.5)",84,"(81.7, 86.2)",56.4,"(50.2, 62.5)",9.3,"( 7.9, 10.7)",15.4,"(12.8, 18.0)",52.2,"(47.8, 56.7)",22.8,"(19.2, 26.8)",16.7,"(14.5, 19.1)",28.3,"(24.6, 32.3)",38.5,"(33.9, 43.3)",31.2,"(26.1, 36.7)",65.9,"(56.4, 74.7)",16.4,"(14.2, 18.6)",38,"(29.9, 46.6)",18,"(15.7, 20.4)",35.4,"(28.6, 43.0)",5,"( 4.5,  5.6)",17.3,"(14.0, 21.1)",10.5,"( 9.3, 11.8)",9.2,"( 8.1, 10.4)",17.1,"(14.8, 19.6)",20.3,"(17.5, 23.2)",6.4,"( 5.6,  7.2)",11.3,"( 9.9, 12.9)",39,"(33.9, 44.1)",32.1,"(27.0, 37.4)",22.3,"(18.7, 26.1)",24.4,"(20.5, 28.4)",17.5,"(14.9, 20.2)",12.7,"(10.9, 14.5)",12.1,"(10.4, 13.8)",23.5,"(19.7, 27.4)",POINT (-103.7213207 35.1633802)
NM,New Mexico,Quay,35037,35037958602,2946,"2,220",22.3,"(18.4, 26.3)",30,"(26.3, 33.8)",12.2,"( 9.7, 15.2)",40.7,"(36.1, 45.5)",77.2,"(73.9, 80.4)",7.5,"( 6.7,  8.3)",10.1,"( 8.8, 11.5)",9.8,"( 8.7, 11.0)",70.6,"(65.9, 75.2)",82.3,"(79.8, 84.8)",56.2,"(50.2, 62.1)",9.6,"( 8.4, 10.9)",17.5,"(15.0, 20.5)",54.5,"(50.2, 59.0)",22.4,"(18.8, 26.3)",18.3,"(16.0, 20.9)",33,"(29.1, 37.4)",39,"(34.3, 43.9)",35.8,"(30.4, 41.7)",67.9,"(58.5, 76.4)",17.1,"(15.0, 19.5)",39.5,"(31.2, 48.5)",19.8,"(17.5, 22.4)",35.1,"(28.1, 42.5)",5.3,"( 4.8,  5.8)",19.8,"(16.1, 23.9)",11,"( 9.7, 12.3)",11.1,"( 9.9, 12.3)",19.2,"(16.8, 22.0)",22.6,"(19.8, 25.7)",7.4,"( 6.6,  8.4)",12.6,"(11.0, 14.3)",42.3,"(37.1, 47.7)",33.9,"(28.4, 39.6)",26.8,"(22.6, 31.0)",30.2,"(25.6, 34.7)",21.2,"(18.1, 24.5)",14.6,"(12.5, 16.7)",14.2,"(12.2, 16.2)",26.3,"(22.1, 30.7)",POINT (-103.7494778 35.1966547)
NM,New Mexico,Quay,35037,35037958900,2781,"2,288",10.5,"( 8.9, 12.3)",37.1,"(32.8, 41.4)",11.7,"( 9.3, 14.4)",45.8,"(40.8, 50.7)",81.7,"(78.4, 84.5)",12.1,"(10.9, 13.3)",10.3,"( 9.0, 11.7)",11.6,"(10.4, 12.9)",76,"(71.9, 80.0)",88.1,"(86.5, 89.7)",60.4,"(54.2, 66.5)",11.1,"( 9.8, 12.6)",15.7,"(13.4, 18.4)",60.8,"(56.5, 65.0)",23.1,"(19.3, 27.1)",16.9,"(14.5, 19.4)",25.6,"(22.4, 29.2)",42.4,"(37.3, 47.4)",27.9,"(23.1, 33.3)",69.1,"(59.7, 77.6)",15.1,"(13.3, 17.2)",36.3,"(28.0, 44.9)",18.1,"(16.0, 20.5)",32.3,"(25.9, 39.5)",5.8,"( 5.2,  6.3)",20.5,"(16.8, 24.9)",12.6,"(11.2, 14.2)",7.6,"( 6.8,  8.4)",14.9,"(13.2, 16.9)",21.1,"(18.4, 24.2)",6,"( 5.4,  6.7)",10.7,"( 9.5, 12.0)",38.9,"(34.0, 44.0)",29.5,"(24.6, 34.5)",15.9,"(13.6, 18.5)",16.4,"(14.0, 19.0)",11.6,"(10.0, 13.4)",9.1,"( 7.9, 10.5)",8.6,"( 7.6,  9.8)",21.2,"(17.9, 24.7)",POINT (-103.5480713 35.1070184)
NM,New Mexico,Rio Arriba,35039,35039000100,3233,"2,661",25.6,"(21.2, 30.4)",29.8,"(26.3, 33.5)",10.5,"( 8.4, 13.1)",40.6,"(36.1, 45.0)",77.9,"(74.5, 81.0)",6.7,"( 6.0,  7.5)",9.3,"( 8.1, 10.5)",10,"( 8.9, 11.2)",71.6,"(67.2, 75.9)",83.9,"(81.5, 86.2)",58.2,"(52.9, 63.6)",7.9,"( 6.8,  9.1)",14.4,"(12.1, 17.0)",63.2,"(59.5, 67.1)",19.3,"(16.2, 22.9)",21.6,"(18.9, 24.4)",35.2,"(30.9, 39.4)",38.3,"(33.7, 42.9)",37.7,"(32.2, 43.4)",74.9,"(67.4, 81.7)",15.3,"(13.3, 17.3)",43.6,"(35.9, 51.5)",20,"(17.5, 22.5)",32.8,"(27.3, 39.1)",5.3,"( 4.8,  5.9)",10.4,"( 8.3, 12.9)",11.3,"(10.0, 12.6)",12.8,"(11.3, 14.3)",17.8,"(15.4, 20.3)",24.6,"(21.4, 27.9)",8,"( 7.0,  9.0)",11.8,"(10.3, 13.4)",44.1,"(38.9, 49.2)",32.6,"(27.7, 37.8)",28.1,"(23.6, 32.6)",32.5,"(27.7, 37.3)",23.4,"(20.0, 26.9)",16.5,"(14.2, 19.0)",15.1,"(12.9, 17.4)",25.7,"(21.7, 29.8)",POINT (-105.740633 36.0280316)
NM,New Mexico,Rio Arriba,35039,35039000200,3802,"3,032",20.7,"(17.4, 24.3)",28,"(24.7, 31.5)",11.5,"( 9.1, 14.2)",37,"(32.8, 41.4)",76.4,"(73.0, 79.6)",7.1,"( 6.4,  7.9)",9.5,"( 8.3, 10.9)",8.5,"( 7.7,  9.5)",71,"(66.6, 75.3)",84.2,"(82.0, 86.3)",54.4,"(49.0, 59.9)",7.2,"( 6.4,  8.1)",13.4,"(11.4, 15.6)",54.2,"(50.4, 58.3)",20.4,"(17.1, 24.0)",17.4,"(15.2, 19.9)",29.4,"(26.1, 33.0)",36.3,"(31.9, 41.0)",31.8,"(27.1, 37.0)",71.2,"(63.1, 78.7)",15.3,"(13.4, 17.4)",40.1,"(32.7, 47.9)",17.7,"(15.6, 19.9)",34.8,"(29.3, 41.3)",4.5,"( 4.1,  4.9)",14.8,"(12.1, 17.9)",9.9,"( 8.8, 11.1)",9.8,"( 8.9, 10.8)",16.5,"(14.5, 18.7)",20.4,"(17.9, 22.9)",6.2,"( 5.6,  6.9)",10.4,"( 9.3, 11.7)",39.6,"(35.0, 44.5)",32.8,"(28.0, 37.7)",21.5,"(18.3, 24.8)",25.8,"(22.0, 29.5)",19.4,"(16.7, 22.3)",13.3,"(11.6, 15.3)",12.5,"(10.9, 14.2)",24.9,"(21.0, 28.7)",POINT (-105.8877658 36.1076311)
NM,New Mexico,Rio Arriba,35039,35039000301,3440,"2,728",19.7,"(16.7, 22.6)",23.3,"(20.1, 26.5)",13,"(10.4, 16.0)",31.5,"(27.4, 35.8)",73.5,"(69.6, 77.0)",6,"( 5.4,  6.7)",8.9,"( 7.7, 10.2)",6.3,"( 5.6,  7.0)",69.4,"(64.8, 73.8)",85.2,"(83.2, 87.2)",55.8,"(50.5, 61.4)",4.8,"( 4.1,  5.4)",10.5,"( 8.9, 12.4)",63.1,"(59.4, 66.9)",18.9,"(15.6, 22.4)",14.3,"(12.3, 16.5)",24.4,"(21.3, 27.5)",33.9,"(29.5, 38.4)",27.3,"(22.8, 32.0)",75.1,"(67.8, 81.9)",14.2,"(12.3, 16.2)",37.5,"(30.1, 45.1)",15,"(13.2, 17.0)",33.2,"(27.7, 39.5)",3.3,"( 3.1,  3.6)",11.1,"( 8.9, 13.6)",7.6,"( 6.6,  8.5)",7.4,"( 6.7,  8.1)",14.6,"(12.7, 16.5)",15.6,"(13.6, 17.7)",4.6,"( 4.1,  5.0)",8,"( 7.0,  8.9)",33.8,"(29.3, 38.5)",33.2,"(28.5, 38.1)",14.5,"(12.1, 16.9)",20.9,"(17.9, 23.9)",17.4,"(15.0, 19.9)",10.5,"( 9.1, 12.1)",10.1,"( 8.8, 11.4)",25.5,"(21.9, 29.4)",POINT (-106.0324065 36.1892435)
NM,New Mexico,Rio Arriba,35039,35039000302,3164,"2,499",21.5,"(18.2, 25.0)",24,"(21.0, 27.4)",12.9,"(10.3, 15.8)",32.7,"(28.7, 37.0)",73.5,"(69.8, 77.1)",5.9,"( 5.3,  6.6)",9.1,"( 7.9, 10.4)",6.8,"( 6.0,  7.6)",68.9,"(64.4, 73.4)",83.9,"(81.7, 86.0)",55.1,"(49.9, 60.7)",5.4,"( 4.7,  6.1)",11.7,"( 9.8, 13.8)",62.1,"(58.4, 66.0)",19.3,"(16.1, 22.9)",15.2,"(13.2, 17.5)",26.7,"(23.4, 30.2)",34.1,"(29.7, 38.6)",29.4,"(24.8, 34.4)",74.8,"(67.4, 81.7)",14.9,"(13.1, 17.0)",38.9,"(31.5, 46.6)",16,"(14.1, 18.2)",33.6,"(28.0, 39.8)",3.6,"( 3.3,  4.0)",11.6,"( 9.4, 14.3)",8.1,"( 7.1,  9.2)",8.4,"( 7.6,  9.3)",15.8,"(13.8, 18.0)",17.1,"(14.9, 19.6)",5.2,"( 4.7,  5.8)",8.9,"( 7.8, 10.1)",36.2,"(31.6, 40.9)",33.7,"(29.0, 38.9)",17.3,"(14.7, 20.1)",23.8,"(20.5, 27.2)",19.3,"(16.8, 22.0)",12,"(10.5, 13.8)",11.5,"(10.1, 13.1)",26.1,"(22.4, 30.1)",POINT (-106.0504002 36.1336913)
NM,New Mexico,Rio Arriba,35039,35039000401,1784,"1,477",23.9,"(20.8, 27.3)",32.4,"(28.6, 36.4)",10.3,"( 8.2, 12.7)",41.7,"(37.1, 46.5)",78.8,"(75.3, 82.0)",8.2,"( 7.4,  9.1)",9.8,"( 8.5, 11.2)",10.6,"( 9.5, 11.8)",72.5,"(68.2, 76.6)",85.6,"(83.6, 87.4)",53.9,"(48.4, 59.6)",9.3,"( 8.2, 10.5)",15.4,"(13.2, 18.0)",53.5,"(49.7, 57.6)",20.1,"(16.8, 23.8)",20.6,"(17.9, 23.5)",33.9,"(30.3, 37.9)",39.9,"(35.1, 44.9)",35.6,"(30.3, 41.2)",70.3,"(62.2, 77.9)",15.2,"(13.3, 17.3)",41.2,"(33.6, 49.1)",20.3,"(17.9, 22.8)",33.9,"(28.3, 40.2)",5.5,"( 5.1,  6.1)",19.8,"(16.4, 23.9)",11.7,"(10.4, 13.1)",11.2,"(10.2, 12.3)",17.4,"(15.4, 19.8)",24.7,"(21.8, 27.8)",7.5,"( 6.8,  8.3)",11.6,"(10.4, 13.1)",44,"(39.0, 49.1)",33.2,"(28.3, 38.3)",23.2,"(20.1, 26.3)",28,"(24.6, 31.6)",20.1,"(17.6, 22.8)",13.4,"(11.7, 15.2)",12.9,"(11.4, 14.4)",26.5,"(22.6, 30.5)",POINT (-106.5106624 36.1609765)
NM,New Mexico,Rio Arriba,35039,35039000402,2928,"2,355",16.5,"(14.3, 19.1)",27.8,"(24.3, 31.4)",12.1,"( 9.7, 14.9)",36.2,"(31.9, 40.6)",77.2,"(73.6, 80.4)",7.8,"( 7.0,  8.6)",9,"( 7.9, 10.3)",7.8,"( 7.0,  8.7)",72.5,"(68.2, 76.6)",87.4,"(85.6, 89.1)",59.5,"(54.2, 65.2)",5.8,"( 5.1,  6.5)",10.5,"( 8.9, 12.2)",60.8,"(56.9, 64.8)",19,"(15.8, 22.5)",16.1,"(13.9, 18.5)",24,"(21.2, 27.1)",36.8,"(32.3, 41.5)",26.8,"(22.5, 31.5)",73.8,"(66.0, 80.9)",13.7,"(11.9, 15.6)",38.3,"(31.0, 46.1)",15.6,"(13.7, 17.6)",33.9,"(28.2, 40.2)",4,"( 3.6,  4.3)",12.1,"( 9.8, 14.9)",9,"( 8.0, 10.2)",7.3,"( 6.7,  8.0)",13.5,"(11.9, 15.2)",17.1,"(15.0, 19.5)",4.8,"( 4.4,  5.3)",7.9,"( 7.1,  8.9)",35,"(30.6, 39.7)",31,"(26.4, 35.9)",13.1,"(11.1, 15.3)",18.2,"(15.7, 20.9)",15.3,"(13.2, 17.5)",9.9,"( 8.6, 11.4)",9.2,"( 8.1, 10.4)",23.6,"(20.1, 27.4)",POINT (-106.1458976 36.6349374)
NM,New Mexico,Rio Arriba,35039,35039000500,3658,"3,042",16,"(13.7, 18.5)",31.4,"(27.7, 35.4)",11.2,"( 8.9, 13.8)",40.1,"(35.6, 44.8)",79,"(75.5, 82.3)",9,"( 8.1, 10.0)",9.3,"( 8.1, 10.6)",9.5,"( 8.5, 10.5)",73.9,"(69.6, 77.8)",87.7,"(85.9, 89.3)",58.4,"(53.1, 63.9)",7.6,"( 6.7,  8.5)",12.5,"(10.6, 14.5)",60.8,"(57.0, 64.7)",19.3,"(16.1, 22.8)",17.6,"(15.3, 20.2)",26.4,"(23.3, 29.7)",39,"(34.4, 43.9)",28.6,"(24.0, 33.6)",73,"(65.4, 80.1)",13.7,"(12.0, 15.5)",38.2,"(31.0, 45.9)",17,"(15.0, 19.2)",32.6,"(27.1, 38.8)",4.8,"( 4.4,  5.2)",14.8,"(12.1, 18.1)",10.7,"( 9.5, 12.0)",8.2,"( 7.5,  9.0)",14.1,"(12.4, 15.9)",19.9,"(17.5, 22.6)",5.6,"( 5.1,  6.1)",9.1,"( 8.1, 10.2)",38.1,"(33.5, 42.9)",30.7,"(26.2, 35.6)",15,"(12.8, 17.3)",19,"(16.5, 21.7)",14.5,"(12.6, 16.5)",10,"( 8.6, 11.4)",9.5,"( 8.3, 10.7)",23.7,"(20.2, 27.3)",POINT (-106.6388469 36.5522912)
NM,New Mexico,Rio Arriba,35039,35039940700,3570,"2,786",24.3,"(19.3, 29.5)",25.8,"(22.5, 29.2)",11.8,"( 9.4, 14.5)",35.3,"(31.1, 39.7)",74.8,"(71.3, 78.1)",5.9,"( 5.3,  6.7)",9.4,"( 8.1, 10.8)",7.9,"( 6.9,  9.0)",69.3,"(64.7, 73.7)",82.3,"(79.3, 85.0)",50.1,"(44.9, 55.7)",6.5,"( 5.5,  7.6)",13.5,"(11.0, 16.2)",51.6,"(47.7, 55.8)",20,"(16.6, 23.6)",17.4,"(15.1, 20.0)",31.1,"(26.7, 35.9)",35,"(30.6, 39.8)",33.9,"(28.1, 40.1)",71.6,"(63.7, 79.0)",16,"(13.7, 18.2)",40.8,"(33.3, 48.6)",17.9,"(15.4, 20.6)",35.4,"(29.6, 41.8)",4.3,"( 3.8,  4.9)",13.2,"(10.7, 16.2)",9.3,"( 8.2, 10.6)",10.6,"( 9.1, 12.2)",17.7,"(15.0, 20.7)",20.4,"(17.4, 23.6)",6.4,"( 5.5,  7.4)",10.8,"( 9.2, 12.7)",40.6,"(35.0, 46.3)",34.4,"(29.6, 39.7)",23.8,"(19.6, 28.7)",29.6,"(24.7, 34.8)",22.3,"(18.8, 25.9)",14.7,"(12.6, 17.1)",14,"(11.9, 16.4)",26.6,"(22.8, 31.0)",POINT (-106.0772845 35.9984165)
NM,New Mexico,Rio Arriba,35039,35039940800,4534,"3,589",15.3,"(12.9, 18.1)",28.3,"(24.9, 32.0)",12.1,"( 9.7, 14.9)",36.5,"(32.2, 41.0)",76.2,"(72.6, 79.4)",7.4,"( 6.6,  8.2)",10.4,"( 9.1, 11.9)",8.1,"( 7.2,  9.1)",71.9,"(67.6, 76.0)",85.6,"(83.5, 87.5)",58.5,"(53.0, 64.1)",6.8,"( 5.9,  7.8)",13.9,"(11.7, 16.4)",62,"(58.3, 65.7)",20.5,"(17.2, 24.3)",16.6,"(14.3, 19.2)",26.4,"(23.0, 29.9)",35.5,"(31.0, 40.1)",27.6,"(23.0, 32.7)",74.9,"(67.5, 81.8)",15.6,"(13.6, 17.7)",39,"(31.7, 46.9)",16.9,"(14.8, 19.2)",33.8,"(28.2, 40.1)",4.4,"( 4.0,  4.9)",13.1,"(10.7, 15.8)",9.7,"( 8.6, 11.0)",8.5,"( 7.6,  9.4)",15.4,"(13.6, 17.6)",19,"(16.4, 21.6)",5.4,"( 4.8,  6.0)",9.7,"( 8.5, 11.0)",37.9,"(33.2, 42.9)",32.7,"(28.1, 37.8)",17.5,"(14.7, 20.3)",22.4,"(19.2, 25.7)",17.3,"(14.8, 19.9)",12.2,"(10.6, 13.9)",11.8,"(10.3, 13.4)",25.3,"(21.7, 29.3)",POINT (-106.1402939 35.9645597)
NM,New Mexico,Rio Arriba,35039,35039941000,3670,"2,510",12.8,"(10.6, 15.5)",26.9,"(23.5, 30.4)",13.8,"(11.0, 16.9)",35.1,"(30.9, 39.6)",69.3,"(65.5, 72.8)",5.4,"( 4.8,  6.1)",14.3,"(12.5, 16.2)",7.6,"( 6.7,  8.5)",67.3,"(62.6, 72.0)",77.5,"(74.4, 80.4)",43.7,"(38.5, 49.4)",9.1,"( 7.8, 10.5)",26.8,"(22.9, 31.0)",45.3,"(41.4, 49.5)",26.3,"(22.0, 30.8)",16.5,"(14.2, 18.8)",31.9,"(28.0, 36.1)",30.1,"(26.1, 34.4)",30.1,"(25.0, 35.5)",61.8,"(53.1, 70.9)",23.5,"(20.7, 26.6)",43.7,"(36.1, 51.8)",20.3,"(17.8, 23.1)",41.9,"(35.7, 48.6)",4.9,"( 4.4,  5.4)",33.9,"(28.9, 39.3)",10.2,"( 8.9, 11.5)",10.8,"( 9.6, 12.0)",22.6,"(19.7, 25.7)",20.9,"(18.1, 23.8)",6.4,"( 5.6,  7.2)",14.6,"(12.8, 16.6)",45.2,"(39.7, 50.7)",38.9,"(33.5, 44.1)",33.4,"(28.8, 38.2)",37.2,"(32.3, 42.1)",27,"(23.4, 30.7)",21.8,"(19.1, 24.7)",21.2,"(18.6, 23.9)",32.4,"(27.9, 37.0)",POINT (-107.2233454 36.6311825)
NM,New Mexico,Rio Arriba,35039,35039944100,6580,"5,108",19.7,"(17.1, 22.7)",25.7,"(22.4, 29.0)",12.6,"(10.0, 15.5)",34.9,"(30.8, 39.1)",73.5,"(69.7, 76.8)",5.9,"( 5.2,  6.5)",10.3,"( 9.0, 11.7)",7.6,"( 6.8,  8.4)",69.2,"(64.5, 73.6)",82.5,"(80.4, 84.7)",52.8,"(47.4, 58.5)",6.5,"( 5.8,  7.3)",15.4,"(13.2, 17.7)",53.8,"(49.9, 57.9)",20.8,"(17.4, 24.5)",16.9,"(14.7, 19.3)",29.4,"(26.0, 32.8)",33.8,"(29.5, 38.2)",31.2,"(26.3, 36.2)",70.2,"(62.2, 77.9)",16.9,"(14.8, 19.1)",41.4,"(33.9, 49.1)",17.7,"(15.6, 19.9)",36.8,"(30.9, 43.3)",4.2,"( 3.9,  4.6)",15.7,"(12.9, 19.0)",9.2,"( 8.2, 10.4)",9.8,"( 9.0, 10.7)",17.5,"(15.5, 19.7)",19.4,"(17.0, 21.7)",5.9,"( 5.4,  6.5)",10.7,"( 9.5, 11.9)",39.7,"(34.9, 44.4)",34.3,"(29.5, 39.3)",23.3,"(20.3, 26.5)",28.7,"(25.4, 32.4)",22.1,"(19.3, 25.1)",15.4,"(13.5, 17.6)",14.5,"(12.8, 16.3)",27.2,"(23.4, 31.3)",POINT (-106.0717366 36.0532804)
NM,New Mexico,Roosevelt,35041,35041000100,4700,"3,522",13.7,"(10.9, 17.0)",23.1,"(20.4, 26.0)",15.2,"(12.4, 18.4)",29.9,"(26.4, 33.7)",70,"(66.7, 73.0)",6.6,"( 6.0,  7.3)",10.2,"( 9.0, 11.6)",6,"( 5.3,  6.8)",65.4,"(60.7, 69.9)",80.2,"(77.3, 82.9)",56.7,"(51.2, 62.1)",6.2,"( 5.2,  7.3)",12.7,"(10.5, 15.2)",60.4,"(56.4, 64.2)",24.6,"(21.0, 28.4)",10.4,"( 8.9, 12.1)",20.9,"(17.8, 24.5)",33.1,"(29.1, 37.3)",24.2,"(19.9, 29.3)",67.9,"(59.0, 75.8)",17.8,"(15.6, 20.4)",31.7,"(25.0, 39.0)",14.2,"(12.3, 16.4)",35.3,"(29.0, 42.0)",3.2,"( 2.9,  3.6)",10.5,"( 8.5, 12.9)",7.3,"( 6.4,  8.3)",6.1,"( 5.4,  6.9)",16.9,"(14.5, 19.8)",13.4,"(11.5, 15.7)",4.1,"( 3.5,  4.7)",9.4,"( 8.1, 10.9)",33.9,"(29.3, 39.1)",35.6,"(30.1, 41.3)",15.5,"(12.5, 18.9)",18.8,"(15.4, 22.7)",15.2,"(12.8, 18.1)",10.4,"( 8.8, 12.2)",10.5,"( 8.8, 12.3)",23.4,"(19.5, 27.4)",POINT (-103.3315789 34.1737009)
NM,New Mexico,Roosevelt,35041,35041000200,3543,"2,565",21.2,"(16.8, 25.9)",22.1,"(19.5, 25.0)",14.4,"(11.7, 17.4)",31.2,"(27.3, 35.0)",70,"(66.7, 73.3)",5.4,"( 4.8,  5.9)",9.4,"( 8.3, 10.7)",6.2,"( 5.5,  7.0)",64.3,"(59.6, 69.1)",79,"(76.0, 81.9)",51.4,"(46.1, 56.7)",5.9,"( 5.0,  6.7)",13.3,"(11.1, 15.7)",56.9,"(53.0, 60.8)",22,"(18.7, 25.6)",13.1,"(11.3, 15.0)",26,"(22.4, 30.0)",34.5,"(30.3, 38.6)",30.3,"(25.1, 35.4)",67.3,"(58.6, 75.3)",17.3,"(15.1, 19.6)",34.6,"(27.4, 42.2)",15.8,"(13.8, 17.9)",35.6,"(29.2, 42.3)",3.4,"( 3.0,  3.7)",17,"(13.9, 20.5)",7.5,"( 6.6,  8.5)",8.1,"( 7.1,  9.2)",18.2,"(15.6, 21.1)",15.5,"(13.3, 17.8)",5,"( 4.4,  5.7)",9.9,"( 8.5, 11.3)",37.1,"(31.9, 42.2)",36.4,"(31.1, 42.2)",19.8,"(16.3, 23.6)",25.9,"(21.6, 30.2)",20.3,"(17.2, 23.5)",12.8,"(10.9, 14.8)",12.8,"(10.9, 14.8)",26,"(21.9, 30.3)",POINT (-103.3444503 34.1930072)
NM,New Mexico,Roosevelt,35041,35041000300,4311,"3,440",13.5,"(10.4, 17.1)",18.1,"(15.8, 20.4)",16.3,"(13.3, 19.6)",24.9,"(21.8, 28.3)",64.3,"(61.5, 67.0)",5,"( 4.5,  5.5)",10.4,"( 9.1, 11.8)",4.8,"( 4.2,  5.4)",62.4,"(57.5, 67.2)",74.2,"(70.5, 78.1)",54.2,"(48.8, 59.5)",5.3,"( 4.5,  6.1)",11.7,"( 9.6, 13.9)",59.2,"(55.1, 63.0)",25.9,"(22.1, 30.1)",8.2,"( 7.0,  9.4)",19.7,"(16.6, 23.1)",28.2,"(24.6, 31.9)",23,"(18.6, 27.9)",67.7,"(59.3, 75.7)",19.9,"(17.1, 22.9)",29.7,"(23.1, 36.9)",12.9,"(11.1, 14.7)",35.5,"(29.2, 42.2)",2.6,"( 2.3,  2.9)",16.4,"(13.3, 19.9)",6.1,"( 5.4,  6.9)",5.9,"( 5.2,  6.8)",19,"(15.9, 22.3)",10.9,"( 9.3, 12.6)",3.5,"( 3.1,  3.9)",9.8,"( 8.3, 11.5)",33.9,"(28.7, 39.3)",38.9,"(33.5, 44.9)",16.5,"(13.3, 20.1)",20.7,"(16.7, 25.1)",15.7,"(13.0, 18.6)",10.7,"( 9.1, 12.5)",12.2,"(10.2, 14.3)",24.2,"(20.3, 28.6)",POINT (-103.3555183 34.1699191)
NM,New Mexico,Roosevelt,35041,35041000401,3173,"2,353",18.9,"(15.9, 22.3)",30.5,"(27.2, 33.9)",12.7,"(10.3, 15.4)",39.1,"(34.9, 43.3)",74.6,"(71.3, 77.7)",7.8,"( 7.0,  8.6)",10.8,"( 9.5, 12.2)",9.6,"( 8.6, 10.7)",67.3,"(62.8, 71.7)",80.2,"(77.7, 82.7)",52.1,"(46.6, 57.4)",10.8,"( 9.4, 12.3)",19.3,"(16.4, 22.5)",54.6,"(50.7, 58.4)",25.4,"(21.6, 29.3)",16.4,"(14.3, 18.6)",31.3,"(27.4, 35.2)",39.3,"(34.8, 43.7)",33.9,"(28.7, 39.1)",62.1,"(52.8, 70.7)",19,"(16.7, 21.2)",37.7,"(30.2, 45.6)",19.8,"(17.6, 22.3)",36.2,"(29.8, 42.9)",5.1,"( 4.6,  5.6)",21.8,"(18.0, 26.1)",10.6,"( 9.4, 11.8)",10,"( 8.9, 11.2)",20.5,"(17.9, 23.0)",21.7,"(19.0, 24.6)",7.3,"( 6.5,  8.2)",13.3,"(11.7, 15.0)",43.3,"(38.3, 48.5)",34.9,"(29.6, 40.7)",27.3,"(23.2, 31.8)",28.6,"(24.5, 32.8)",20.5,"(17.5, 23.6)",15.3,"(13.1, 17.5)",14.3,"(12.4, 16.4)",24.6,"(20.8, 28.7)",POINT (-103.6894863 34.2295414)
NM,New Mexico,Roosevelt,35041,35041000402,3464,"2,560",14.1,"(11.8, 16.5)",27.4,"(24.2, 30.7)",14.3,"(11.7, 17.2)",34.6,"(30.6, 38.8)",73.6,"(70.2, 76.7)",8,"( 7.2,  8.9)",10,"( 8.8, 11.4)",7.4,"( 6.5,  8.3)",67.3,"(62.8, 71.5)",82.9,"(80.6, 85.2)",59,"(53.8, 64.1)",7.5,"( 6.5,  8.7)",14.6,"(12.2, 17.2)",60.7,"(56.8, 64.4)",23.8,"(20.2, 27.6)",12.2,"(10.5, 14.1)",22.5,"(19.3, 25.8)",37,"(32.7, 41.2)",26.2,"(21.6, 31.0)",68.7,"(60.2, 76.4)",17,"(14.9, 19.2)",33,"(26.0, 40.4)",15.6,"(13.6, 17.7)",34.7,"(28.4, 41.3)",3.9,"( 3.5,  4.3)",16,"(13.1, 19.2)",8.6,"( 7.6,  9.7)",6.3,"( 5.6,  7.0)",16.3,"(14.3, 18.6)",15.6,"(13.4, 17.9)",4.5,"( 4.0,  5.0)",9.4,"( 8.2, 10.7)",35.6,"(30.8, 40.4)",34.2,"(28.7, 39.8)",15,"(12.4, 17.8)",18.2,"(15.2, 21.3)",14.5,"(12.3, 16.8)",9.9,"( 8.4, 11.4)",9.5,"( 8.2, 10.9)",23.7,"(19.9, 27.8)",POINT (-103.3265855 33.8873226)
NM,New Mexico,Sandoval,35043,35043010503,3340,"2,593",20.5,"(16.2, 25.3)",25.8,"(22.8, 29.0)",12.6,"(10.3, 15.2)",36.8,"(32.9, 41.0)",75.4,"(72.2, 78.4)",6.6,"( 5.9,  7.3)",9.4,"( 8.3, 10.7)",7.5,"( 6.6,  8.5)",68.8,"(64.3, 72.8)",84,"(81.5, 86.3)",55.2,"(49.4, 60.2)",6.5,"( 5.5,  7.7)",13.2,"(10.9, 15.9)",60.3,"(56.3, 63.6)",22.2,"(18.8, 25.8)",15.9,"(13.9, 18.3)",27.5,"(23.8, 31.7)",37.4,"(33.3, 41.6)",30.8,"(25.8, 36.2)",68.8,"(59.9, 75.9)",15.9,"(13.9, 18.1)",36.5,"(29.9, 43.4)",17,"(14.8, 19.4)",36.5,"(30.8, 42.0)",4,"( 3.6,  4.5)",15.1,"(12.1, 18.0)",8.8,"( 7.7,  9.9)",8.7,"( 7.6,  9.9)",16.4,"(14.1, 18.9)",18.1,"(15.6, 21.0)",5.5,"( 4.8,  6.3)",9.6,"( 8.3, 11.1)",37.5,"(32.6, 42.6)",34.2,"(29.2, 39.4)",19.4,"(15.8, 23.3)",25.5,"(21.0, 30.1)",19.1,"(16.0, 22.4)",12.1,"(10.3, 14.1)",12,"(10.2, 14.0)",26.2,"(22.1, 30.4)",POINT (-106.5427332 35.318567)
NM,New Mexico,Sandoval,35043,35043010601,4359,"3,667",7.8,"( 5.9,  9.9)",31.2,"(27.7, 35.1)",12.2,"( 9.9, 14.8)",39.1,"(34.8, 43.6)",80.2,"(76.8, 83.2)",11.5,"(10.4, 12.8)",9.3,"( 8.1, 10.6)",7.7,"( 6.6,  8.9)",75.4,"(71.5, 79.1)",90.9,"(89.4, 92.4)",70.1,"(65.2, 74.1)",6.2,"( 4.9,  7.7)",8.9,"( 6.9, 11.4)",75.8,"(72.6, 78.4)",22.1,"(18.8, 25.8)",12.5,"(10.7, 14.7)",17,"(14.1, 20.5)",40.9,"(36.4, 45.3)",19.5,"(15.8, 23.9)",74.6,"(67.0, 80.8)",12.4,"(10.8, 14.5)",29.9,"(24.0, 36.3)",13.4,"(11.4, 15.7)",30.5,"(25.2, 35.5)",3.8,"( 3.3,  4.4)",6.1,"( 4.9,  7.5)",8.9,"( 7.7, 10.1)",4.6,"( 3.9,  5.4)",10.6,"( 8.9, 12.6)",13.9,"(11.4, 16.8)",3.5,"( 2.9,  4.2)",6.5,"( 5.4,  7.8)",29.8,"(25.3, 34.6)",28.8,"(24.3, 33.5)",6.9,"( 5.0,  9.0)",9.5,"( 7.3, 11.9)",7.7,"( 6.1,  9.4)",5.3,"( 4.3,  6.3)",5.4,"( 4.4,  6.4)",19.7,"(16.3, 23.1)",POINT (-106.6146707 35.2333177)
NM,New Mexico,Sandoval,35043,35043010602,4134,"3,627",6.5,"( 5.1,  8.0)",32.9,"(29.2, 36.8)",11.3,"( 9.2, 13.7)",40.6,"(36.3, 45.2)",81.7,"(78.5, 84.7)",12.7,"(11.4, 14.1)",9.2,"( 8.1, 10.5)",7.9,"( 6.8,  9.0)",77.5,"(73.9, 80.8)",92.5,"(91.3, 93.7)",74.3,"(69.6, 78.2)",6.1,"( 4.8,  7.6)",7.9,"( 6.1, 10.1)",77,"(73.9, 79.5)",21.4,"(18.1, 24.8)",12.6,"(10.8, 14.7)",15.8,"(13.2, 18.8)",42.3,"(37.6, 47.1)",18.1,"(14.7, 22.3)",75.4,"(67.8, 81.8)",11.4,"( 9.8, 13.1)",29.2,"(23.5, 35.4)",13,"(11.1, 15.0)",29.5,"(24.4, 34.3)",3.9,"( 3.3,  4.4)",9.1,"( 7.1, 11.1)",9,"( 7.9, 10.3)",4.2,"( 3.7,  4.9)",9.5,"( 7.9, 11.1)",13.6,"(11.3, 16.3)",3.3,"( 2.8,  3.9)",6,"( 5.0,  7.2)",28.9,"(24.7, 33.3)",27.5,"(22.9, 32.3)",5.7,"( 4.2,  7.5)",7.9,"( 6.1, 10.1)",6.5,"( 5.2,  8.1)",4.6,"( 3.8,  5.6)",4.7,"( 3.9,  5.6)",18.5,"(15.2, 22.0)",POINT (-106.6269957 35.2436673)
NM,New Mexico,Sandoval,35043,35043010702,7404,"6,306",9.5,"( 7.8, 11.5)",30.1,"(26.7, 33.6)",12.7,"(10.4, 15.3)",38.2,"(34.1, 42.4)",79.3,"(76.0, 82.2)",10.7,"( 9.7, 11.8)",9.3,"( 8.2, 10.5)",7.5,"( 6.7,  8.5)",73.9,"(70.0, 77.5)",89.7,"(88.2, 91.1)",70,"(65.0, 74.2)",6.2,"( 5.3,  7.2)",9.5,"( 7.8, 11.4)",70.3,"(66.6, 73.3)",22.2,"(18.9, 25.8)",12.5,"(10.7, 14.4)",17.7,"(15.2, 20.5)",39.6,"(35.3, 44.2)",20.7,"(17.2, 24.8)",72.5,"(64.1, 79.3)",13.3,"(11.7, 15.2)",30.7,"(24.8, 37.1)",13.7,"(12.0, 15.6)",32.7,"(27.2, 37.9)",3.8,"( 3.4,  4.2)",8.3,"( 6.5, 10.0)",8.8,"( 7.7,  9.9)",4.8,"( 4.3,  5.3)",11.4,"(10.0, 13.2)",14.1,"(12.0, 16.3)",3.5,"( 3.1,  4.0)",6.8,"( 5.9,  7.8)",30.8,"(26.7, 35.2)",30.3,"(25.7, 35.1)",7.6,"( 6.1,  9.2)",10.8,"( 8.9, 12.8)",9.2,"( 7.7, 10.7)",6.1,"( 5.1,  7.0)",6.1,"( 5.2,  7.0)",21.5,"(18.1, 25.1)",POINT (-106.5879742 35.295681)
NM,New Mexico,Sandoval,35043,35043010705,5840,"4,583",11.2,"( 9.1, 13.8)",24.9,"(22.0, 28.2)",14.7,"(12.0, 17.7)",32.8,"(29.0, 36.8)",74.8,"(71.4, 78.0)",8.2,"( 7.3,  9.1)",9.5,"( 8.3, 10.8)",5.9,"( 5.2,  6.7)",69.6,"(65.4, 73.7)",86.9,"(85.0, 88.9)",65.4,"(60.4, 69.7)",5.3,"( 4.4,  6.3)",10.2,"( 8.4, 12.3)",70.7,"(67.0, 73.6)",23.3,"(19.8, 27.1)",10.7,"( 9.2, 12.5)",17.4,"(14.8, 20.4)",35.4,"(31.3, 39.7)",20.5,"(16.9, 24.7)",72.8,"(64.6, 79.4)",15,"(13.1, 17.1)",31,"(25.0, 37.7)",13.1,"(11.4, 15.1)",33.9,"(28.2, 39.2)",3.1,"( 2.8,  3.5)",8.1,"( 6.4, 10.0)",7.1,"( 6.2,  8.1)",4.6,"( 4.1,  5.3)",12.8,"(11.0, 14.8)",12.2,"(10.3, 14.3)",3.3,"( 2.8,  3.8)",6.8,"( 5.9,  7.9)",29.3,"(25.2, 34.0)",32.9,"(28.1, 37.8)",8.7,"( 6.9, 10.6)",12.9,"(10.4, 15.5)",11.3,"( 9.4, 13.4)",7,"( 5.9,  8.2)",7.1,"( 6.0,  8.2)",23.7,"(20.0, 27.5)",POINT (-106.6896503 35.2564351)
NM,New Mexico,Sandoval,35043,35043010712,5404,"4,125",14.3,"(11.4, 17.6)",23.8,"(21.0, 26.7)",15,"(12.3, 18.1)",32.7,"(28.9, 36.6)",72,"(68.4, 75.2)",6.8,"( 6.1,  7.5)",9.9,"( 8.7, 11.3)",6.1,"( 5.4,  6.8)",67,"(62.6, 71.4)",83.1,"(80.8, 85.4)",61.4,"(56.2, 65.7)",6.1,"( 5.1,  7.1)",13,"(10.7, 15.3)",63.6,"(59.8, 66.8)",25.1,"(21.4, 28.9)",11.6,"( 9.9, 13.3)",21.1,"(18.0, 24.3)",33.8,"(29.9, 37.9)",24,"(19.7, 28.5)",70.6,"(62.1, 77.6)",17.3,"(15.1, 19.5)",34.5,"(28.2, 41.2)",14.6,"(12.6, 16.5)",36.2,"(30.4, 41.6)",3.3,"( 2.9,  3.7)",12.5,"( 9.9, 15.0)",7.2,"( 6.3,  8.2)",6,"( 5.3,  6.8)",15.7,"(13.4, 17.9)",13.5,"(11.4, 15.6)",4.1,"( 3.6,  4.6)",8.5,"( 7.3,  9.7)",32.7,"(28.1, 37.2)",34.3,"(29.5, 39.5)",15,"(12.2, 18.0)",19.1,"(15.9, 22.8)",15.7,"(13.2, 18.4)",10.5,"( 8.9, 12.2)",10.1,"( 8.7, 11.7)",24.9,"(21.1, 28.9)",POINT (-106.7051495 35.2527181)
NM,New Mexico,Sandoval,35043,35043010713,5624,"4,296",16.8,"(13.5, 20.6)",24.8,"(21.8, 27.8)",14.4,"(11.8, 17.2)",34.2,"(30.3, 38.1)",72.1,"(68.7, 75.1)",6.6,"( 5.8,  7.3)",10.2,"( 8.9, 11.6)",6.7,"( 5.8,  7.5)",66.6,"(62.1, 70.8)",81.8,"(79.3, 84.2)",60.2,"(54.7, 64.9)",7.1,"( 6.0,  8.3)",15,"(12.4, 17.8)",62.4,"(58.5, 65.7)",25.7,"(21.9, 29.7)",13,"(11.1, 14.9)",24.7,"(21.3, 28.5)",34.6,"(30.5, 38.8)",27.4,"(22.8, 32.4)",69.6,"(61.0, 76.7)",18.2,"(16.0, 20.7)",36.5,"(29.9, 43.2)",16.3,"(14.1, 18.5)",36.9,"(31.1, 42.4)",3.7,"( 3.3,  4.1)",12,"( 9.6, 14.4)",7.8,"( 6.9,  8.9)",7.4,"( 6.5,  8.4)",17.5,"(15.1, 20.1)",15.7,"(13.4, 18.2)",5,"( 4.4,  5.7)",9.9,"( 8.6, 11.4)",35.9,"(31.1, 40.9)",34.8,"(29.8, 39.8)",19.6,"(16.1, 23.4)",23.5,"(19.6, 27.6)",18.3,"(15.4, 21.3)",12.5,"(10.6, 14.5)",12,"(10.3, 13.9)",25.5,"(21.6, 29.3)",POINT (-106.7318668 35.2484491)
NM,New Mexico,Sandoval,35043,35043010714,4823,"3,760",9.9,"( 8.0, 12.0)",26.5,"(23.4, 29.7)",13.8,"(11.3, 16.7)",34.3,"(30.4, 38.3)",76.6,"(73.3, 79.5)",9.1,"( 8.2, 10.1)",9.5,"( 8.3, 10.8)",6.5,"( 5.7,  7.3)",71.5,"(67.4, 75.4)",87.7,"(85.9, 89.5)",66.6,"(61.5, 70.9)",5.5,"( 4.5,  6.6)",9.3,"( 7.5, 11.3)",70.7,"(67.1, 73.6)",23.3,"(19.8, 26.9)",11.1,"( 9.5, 12.9)",17,"(14.4, 19.9)",36.2,"(32.0, 40.5)",19.9,"(16.3, 23.9)",71.4,"(63.0, 78.4)",14.4,"(12.6, 16.3)",30.7,"(24.7, 37.1)",12.9,"(11.2, 14.8)",33,"(27.6, 38.2)",3.3,"( 2.9,  3.8)",8.4,"( 6.7, 10.2)",7.7,"( 6.7,  8.7)",4.7,"( 4.1,  5.4)",12.1,"(10.4, 13.9)",12.6,"(10.7, 14.8)",3.3,"( 2.9,  3.8)",6.9,"( 5.9,  7.9)",29.5,"(25.4, 33.7)",31.5,"(26.8, 36.2)",8.7,"( 6.7, 10.7)",12,"( 9.7, 14.5)",10.4,"( 8.5, 12.4)",6.9,"( 5.8,  8.1)",6.9,"( 5.8,  8.0)",21.6,"(18.2, 25.2)",POINT (-106.663369 35.2529604)
NM,New Mexico,Sandoval,35043,35043010715,3828,"3,177",9.7,"( 7.8, 11.5)",27.9,"(24.5, 31.3)",13.4,"(11.0, 16.1)",35.6,"(31.5, 39.8)",77.8,"(74.6, 80.6)",9.9,"( 8.9, 10.9)",9.4,"( 8.2, 10.6)",6.7,"( 5.9,  7.6)",72.4,"(68.6, 76.0)",88.3,"(86.7, 89.9)",66.9,"(61.6, 71.2)",5.6,"( 4.7,  6.7)",9.2,"( 7.5, 11.1)",69.4,"(65.8, 72.4)",22.7,"(19.2, 26.4)",11.4,"( 9.6, 13.2)",16.9,"(14.3, 19.7)",37.1,"(33.0, 41.5)",20.2,"(16.4, 24.4)",72.5,"(64.2, 79.1)",14,"(12.1, 16.0)",30.3,"(24.4, 36.7)",13,"(11.2, 14.9)",33.6,"(28.1, 38.8)",3.5,"( 3.1,  3.9)",10.3,"( 8.2, 12.5)",8.1,"( 7.1,  9.2)",4.6,"( 4.1,  5.2)",11.8,"(10.2, 13.6)",13.1,"(11.0, 15.3)",3.3,"( 2.9,  3.7)",6.8,"( 5.9,  7.9)",30.1,"(25.8, 34.6)",31.3,"(26.6, 36.2)",8,"( 6.3,  9.7)",11.3,"( 9.1, 13.5)",9.7,"( 8.0, 11.4)",6.4,"( 5.4,  7.5)",6.5,"( 5.5,  7.4)",21.7,"(18.3, 25.3)",POINT (-106.6772028 35.2468398)
NM,New Mexico,Sandoval,35043,35043010719,4042,"3,294",10.4,"( 8.3, 12.8)",26,"(22.8, 29.2)",14.2,"(11.5, 17.1)",34.3,"(30.4, 38.4)",75.9,"(72.3, 79.1)",8.7,"( 7.8,  9.6)",9.2,"( 8.1, 10.5)",6.3,"( 5.5,  7.1)",70.9,"(66.6, 74.9)",88,"(86.1, 89.7)",65,"(59.9, 69.5)",5.3,"( 4.4,  6.3)",9.7,"( 7.9, 11.7)",69.5,"(65.9, 72.6)",22.4,"(19.1, 26.0)",11.4,"( 9.7, 13.1)",17.3,"(14.7, 20.0)",36.5,"(32.4, 40.8)",20.3,"(16.6, 24.5)",73.5,"(65.3, 80.2)",14.1,"(12.3, 16.0)",31.1,"(25.3, 37.9)",13.1,"(11.3, 15.0)",34,"(28.3, 39.3)",3.3,"( 2.9,  3.7)",8.6,"( 6.7, 10.5)",7.5,"( 6.6,  8.5)",4.7,"( 4.2,  5.4)",12,"(10.4, 13.9)",12.5,"(10.6, 14.7)",3.4,"( 2.9,  3.8)",6.6,"( 5.7,  7.6)",29.2,"(25.1, 33.5)",31.4,"(26.8, 36.2)",8.3,"( 6.5, 10.0)",12.1,"( 9.8, 14.5)",10.6,"( 8.8, 12.4)",6.8,"( 5.7,  7.8)",6.7,"( 5.7,  7.7)",22.5,"(19.1, 26.0)",POINT (-106.6680585 35.2304816)
NM,New Mexico,Sandoval,35043,35043010721,4905,"3,652",14.1,"(11.1, 17.6)",21.6,"(18.9, 24.4)",15.9,"(13.0, 19.2)",30.1,"(26.4, 33.8)",69.5,"(66.0, 73.0)",6,"( 5.4,  6.6)",10,"( 8.7, 11.3)",5.1,"( 4.5,  5.8)",65.9,"(61.4, 70.5)",82.7,"(80.3, 85.4)",58.1,"(52.7, 63.0)",5.3,"( 4.5,  6.2)",12.3,"(10.1, 14.7)",61.1,"(57.0, 64.4)",25.3,"(21.6, 29.2)",10.5,"( 9.0, 12.1)",20.1,"(17.0, 23.3)",31.9,"(28.0, 35.9)",22.7,"(18.5, 27.1)",68.8,"(60.0, 76.2)",17.4,"(15.2, 19.6)",34.1,"(27.6, 40.7)",13.8,"(12.0, 15.8)",37.8,"(32.0, 43.3)",2.9,"( 2.6,  3.2)",10,"( 7.9, 12.1)",6.3,"( 5.5,  7.1)",5.7,"( 4.9,  6.4)",15.5,"(13.3, 17.9)",12.2,"(10.3, 14.2)",3.8,"( 3.3,  4.4)",8.1,"( 6.9,  9.3)",30.9,"(26.5, 35.6)",34.6,"(29.6, 39.9)",14.3,"(11.4, 17.5)",18.7,"(15.2, 22.4)",15.9,"(13.2, 18.8)",10.5,"( 8.8, 12.2)",10,"( 8.4, 11.7)",24.9,"(20.9, 28.9)",POINT (-106.7066107 35.294669)
NM,New Mexico,Sandoval,35043,35043010722,6441,"4,581",12.8,"(10.8, 15.0)",20.9,"(18.2, 23.7)",16,"(13.1, 19.2)",29.3,"(25.8, 33.1)",69.8,"(66.1, 73.4)",6.1,"( 5.5,  6.7)",9.4,"( 8.2, 10.7)",4.8,"( 4.3,  5.4)",66.6,"(62.0, 70.9)",84.7,"(82.6, 86.6)",60.6,"(55.2, 65.2)",4.5,"( 4.0,  5.2)",10.8,"( 9.2, 12.6)",69.3,"(65.6, 72.2)",23.7,"(20.2, 27.4)",9.9,"( 8.6, 11.5)",17.8,"(15.5, 20.3)",32.1,"(28.2, 36.1)",20.9,"(17.3, 24.8)",72.6,"(64.5, 79.4)",15.9,"(14.0, 18.0)",32.8,"(26.7, 39.5)",12.7,"(11.2, 14.3)",35.2,"(29.5, 40.6)",2.6,"( 2.4,  2.9)",9.3,"( 7.4, 11.3)",5.9,"( 5.2,  6.7)",4.8,"( 4.4,  5.3)",13.6,"(12.0, 15.4)",10.8,"( 9.4, 12.4)",3.3,"( 2.9,  3.6)",6.8,"( 6.1,  7.7)",28.1,"(24.3, 32.1)",33.4,"(28.7, 38.3)",11,"( 9.2, 13.0)",15.6,"(13.2, 18.1)",13.9,"(11.8, 16.0)",8.8,"( 7.6, 10.2)",8.4,"( 7.3,  9.5)",24.2,"(20.7, 28.0)",POINT (-106.7536378 35.2660037)
NM,New Mexico,Sandoval,35043,35043010724,2360,"1,762",12.8,"(10.1, 15.8)",22.1,"(19.4, 25.1)",15.5,"(12.7, 18.7)",30.6,"(27.0, 34.4)",70.8,"(67.2, 74.2)",6.3,"( 5.7,  7.1)",9.9,"( 8.7, 11.3)",5.3,"( 4.7,  6.0)",67,"(62.4, 71.4)",84,"(81.7, 86.2)",59.9,"(54.4, 64.6)",5.1,"( 4.3,  5.9)",11.8,"( 9.8, 13.9)",67.1,"(63.2, 70.2)",24.5,"(21.0, 28.4)",10.8,"( 9.3, 12.4)",19.4,"(16.7, 22.5)",32.7,"(28.8, 36.8)",22.3,"(18.3, 26.6)",70.7,"(61.9, 77.6)",16.8,"(14.7, 19.0)",33.4,"(27.3, 40.1)",13.6,"(11.9, 15.5)",36.2,"(30.3, 41.6)",2.9,"( 2.6,  3.3)",9.6,"( 7.6, 11.8)",6.5,"( 5.7,  7.4)",5.5,"( 4.8,  6.2)",14.7,"(12.7, 16.8)",12.2,"(10.5, 14.2)",3.6,"( 3.2,  4.1)",7.7,"( 6.7,  8.9)",30.5,"(26.3, 34.8)",34.2,"(29.3, 39.3)",12.8,"(10.2, 15.5)",17.5,"(14.3, 20.9)",14.8,"(12.4, 17.5)",9.6,"( 8.1, 11.2)",9.4,"( 8.0, 10.9)",24.7,"(20.9, 28.7)",POINT (-106.5827443 35.3281953)
NM,New Mexico,Sandoval,35043,35043010725,8468,"6,142",12.4,"( 9.9, 15.4)",21.6,"(18.7, 24.5)",15.7,"(12.8, 18.9)",29.8,"(26.1, 33.7)",70.9,"(67.1, 74.5)",6.5,"( 5.8,  7.2)",9.6,"( 8.4, 10.9)",5,"( 4.4,  5.6)",67.4,"(63.0, 71.8)",85.5,"(83.2, 87.7)",61.1,"(55.8, 65.8)",4.6,"( 3.9,  5.4)",10.5,"( 8.6, 12.5)",71.1,"(67.6, 74.0)",23.6,"(20.0, 27.5)",10.1,"( 8.6, 11.7)",17.7,"(14.9, 20.6)",32.8,"(28.9, 36.9)",20.4,"(16.6, 24.5)",74.1,"(66.1, 80.6)",15.7,"(13.7, 17.9)",32.1,"(26.0, 38.8)",12.7,"(11.0, 14.6)",35,"(29.4, 40.4)",2.7,"( 2.4,  3.0)",6.9,"( 5.4,  8.4)",6,"( 5.3,  6.8)",4.8,"( 4.2,  5.4)",13.4,"(11.5, 15.6)",11.1,"( 9.3, 12.9)",3.3,"( 2.8,  3.7)",6.8,"( 5.9,  7.9)",28.2,"(24.0, 32.5)",33.5,"(28.9, 38.5)",10.3,"( 8.2, 12.7)",14.9,"(12.2, 18.1)",13.4,"(11.2, 15.8)",8.4,"( 7.1,  9.8)",8.1,"( 6.9,  9.5)",24.2,"(20.8, 28.1)",POINT (-106.6204393 35.3543185)
NM,New Mexico,Sandoval,35043,35043010726,5335,"3,961",8.3,"( 6.6, 10.1)",23.6,"(20.6, 26.7)",15.1,"(12.3, 18.2)",31.1,"(27.3, 35.2)",74,"(70.3, 77.4)",8.2,"( 7.3,  9.1)",9.1,"( 8.0, 10.4)",5.1,"( 4.4,  5.7)",70.8,"(66.6, 74.8)",89.2,"(87.5, 90.8)",66.3,"(61.2, 70.7)",4.1,"( 3.4,  4.9)",8.2,"( 6.6, 10.0)",72.4,"(68.9, 75.2)",22.4,"(19.0, 26.0)",9.7,"( 8.3, 11.3)",14.1,"(11.9, 16.5)",35,"(30.8, 39.2)",16.6,"(13.6, 20.2)",72.6,"(64.5, 79.3)",13.3,"(11.6, 15.2)",29.9,"(24.1, 36.4)",11.3,"( 9.8, 13.0)",33.7,"(28.1, 39.0)",2.6,"( 2.3,  2.9)",4.9,"( 3.8,  6.0)",6.1,"( 5.3,  6.9)",3.6,"( 3.2,  4.1)",10.4,"( 8.9, 12.0)",9.8,"( 8.2, 11.6)",2.7,"( 2.3,  3.0)",5.3,"( 4.6,  6.1)",24.5,"(20.9, 28.5)",30.2,"(25.7, 34.9)",6.1,"( 4.8,  7.6)",9.4,"( 7.6, 11.5)",9.1,"( 7.6, 10.9)",5.9,"( 5.0,  7.0)",5.6,"( 4.8,  6.5)",21,"(17.7, 24.4)",POINT (-106.6141414 35.305189)
NM,New Mexico,Sandoval,35043,35043010727,2940,"2,061",11.3,"( 9.2, 13.8)",18.8,"(16.4, 21.3)",17.2,"(14.0, 20.6)",26.5,"(23.3, 30.0)",67.3,"(63.6, 70.8)",5.6,"( 5.0,  6.2)",9.6,"( 8.5, 10.9)",4,"( 3.5,  4.4)",65.6,"(60.9, 70.0)",84.5,"(82.1, 86.7)",60.4,"(55.2, 64.9)",3.7,"( 3.2,  4.3)",10,"( 8.3, 11.7)",70,"(66.4, 73.1)",24.5,"(21.0, 28.3)",8.4,"( 7.2,  9.6)",15.5,"(13.2, 17.6)",29.6,"(26.0, 33.4)",18.6,"(15.1, 22.2)",72.7,"(64.1, 79.3)",16.6,"(14.5, 18.7)",31.7,"(25.8, 38.1)",11.5,"(10.0, 13.0)",36,"(30.2, 41.5)",2.2,"( 2.0,  2.4)",5.6,"( 4.4,  6.8)",5.1,"( 4.5,  5.8)",4.1,"( 3.6,  4.5)",13.3,"(11.5, 15.1)",9.1,"( 7.7, 10.4)",2.7,"( 2.4,  3.0)",6.3,"( 5.5,  7.0)",26,"(22.3, 29.8)",34.3,"(29.5, 39.4)",9.1,"( 7.4, 10.9)",13.6,"(11.3, 16.1)",13.2,"(11.0, 15.4)",8.2,"( 6.9,  9.5)",7.8,"( 6.7,  8.9)",24.4,"(20.7, 28.2)",POINT (-106.6611554 35.3202252)
NM,New Mexico,Sandoval,35043,35043010728,2940,"2,307",8.1,"( 6.5,  9.9)",25.2,"(22.0, 28.5)",14.8,"(12.1, 17.9)",32.7,"(28.8, 36.8)",75.7,"(71.9, 79.0)",8.9,"( 8.0,  9.9)",9.2,"( 8.1, 10.5)",5.6,"( 4.9,  6.4)",71.6,"(67.4, 75.6)",89.5,"(87.9, 91.0)",66.8,"(61.6, 71.1)",4.6,"( 3.7,  5.5)",8.3,"( 6.7, 10.4)",74.7,"(71.3, 77.3)",22.2,"(18.9, 25.8)",10.1,"( 8.7, 11.8)",14.4,"(12.2, 17.1)",36.4,"(32.2, 40.8)",16.9,"(13.7, 20.6)",74.2,"(66.3, 80.5)",13.3,"(11.5, 15.2)",29.4,"(23.7, 35.9)",11.8,"(10.2, 13.6)",32.1,"(26.7, 37.2)",2.8,"( 2.5,  3.2)",5.5,"( 4.3,  6.7)",6.6,"( 5.7,  7.5)",3.7,"( 3.2,  4.2)",10.5,"( 9.1, 12.4)",10.5,"( 8.8, 12.5)",2.8,"( 2.4,  3.2)",5.5,"( 4.7,  6.4)",25.6,"(21.7, 29.8)",30.4,"(25.7, 35.1)",5.6,"( 4.4,  7.0)",8.9,"( 7.1, 10.9)",8.5,"( 7.0, 10.1)",5.4,"( 4.5,  6.3)",5.3,"( 4.5,  6.2)",21.3,"(17.9, 24.8)",POINT (-106.6382145 35.2823611)
NM,New Mexico,Sandoval,35043,35043010729,8456,"6,139",10.9,"( 8.7, 13.3)",23.9,"(20.9, 27.0)",15.1,"(12.4, 18.2)",31.8,"(28.0, 35.6)",73.3,"(69.7, 76.7)",7.7,"( 6.9,  8.5)",9.5,"( 8.3, 10.8)",5.5,"( 4.9,  6.2)",68.9,"(64.5, 73.0)",86.6,"(84.5, 88.4)",65.5,"(60.1, 70.1)",5,"( 4.2,  5.9)",10.5,"( 8.4, 12.8)",69.7,"(66.1, 72.6)",23.7,"(20.2, 27.3)",10.3,"( 8.8, 12.0)",17.1,"(14.5, 20.0)",34.3,"(30.2, 38.5)",20.3,"(16.5, 24.5)",73.9,"(65.7, 80.1)",15.2,"(13.3, 17.4)",31.5,"(25.6, 38.1)",12.8,"(11.1, 14.7)",34.3,"(28.8, 39.6)",3,"( 2.6,  3.3)",8.8,"( 6.9, 10.7)",6.7,"( 5.9,  7.7)",4.6,"( 4.0,  5.2)",12.8,"(11.0, 14.8)",11.7,"( 9.9, 13.6)",3.2,"( 2.8,  3.7)",6.8,"( 5.8,  7.8)",28.5,"(24.4, 32.9)",32.5,"(27.8, 37.4)",9.3,"( 7.4, 11.4)",13.1,"(10.8, 15.8)",11.6,"( 9.7, 13.8)",7.5,"( 6.3,  8.7)",7.2,"( 6.1,  8.3)",23.2,"(19.8, 27.0)",POINT (-106.6551228 35.2662961)
NM,New Mexico,Sandoval,35043,35043010730,2051,"1,506",12,"( 9.5, 15.1)",23.5,"(20.5, 26.4)",14.8,"(12.1, 17.8)",32.1,"(28.2, 35.9)",73.1,"(69.5, 76.6)",7.2,"( 6.4,  7.9)",9.4,"( 8.2, 10.6)",5.6,"( 4.9,  6.3)",68.9,"(64.7, 73.3)",86.5,"(84.5, 88.6)",58.3,"(53.0, 62.9)",5,"( 4.1,  5.9)",10.7,"( 8.5, 13.0)",65.4,"(61.6, 68.6)",23.1,"(19.6, 26.6)",10.9,"( 9.4, 12.6)",18.4,"(15.5, 21.4)",34.3,"(30.2, 38.5)",21.4,"(17.4, 25.4)",71.9,"(63.5, 78.6)",15,"(13.0, 17.0)",32.5,"(26.3, 38.9)",13.2,"(11.3, 15.0)",35.8,"(30.2, 41.3)",3,"( 2.6,  3.3)",9.9,"( 7.8, 11.9)",6.7,"( 5.9,  7.6)",5.2,"( 4.4,  5.9)",13,"(11.1, 15.1)",12.3,"(10.3, 14.3)",3.6,"( 3.0,  4.1)",7,"( 6.0,  8.1)",29.1,"(24.8, 33.2)",32.1,"(27.3, 37.3)",10.5,"( 8.2, 13.0)",14.7,"(11.6, 17.9)",12.7,"(10.3, 15.3)",8.2,"( 6.8,  9.8)",7.8,"( 6.5,  9.2)",23,"(19.4, 27.1)",POINT (-106.7194214 35.231514)
NM,New Mexico,Sandoval,35043,35043010731,9131,"6,232",8.9,"( 6.8, 11.2)",19.4,"(16.8, 22.1)",16.4,"(13.4, 19.7)",26.7,"(23.2, 30.4)",69.5,"(65.6, 73.0)",6.5,"( 5.8,  7.2)",9,"( 7.9, 10.2)",4,"( 3.5,  4.6)",67.9,"(63.5, 72.1)",87.3,"(85.2, 89.2)",61,"(55.8, 65.6)",3.4,"( 2.8,  4.0)",8.1,"( 6.4,  9.9)",75,"(71.9, 77.7)",22.7,"(19.3, 26.2)",8,"( 6.8,  9.3)",13.3,"(11.2, 15.8)",30.9,"(27.0, 34.9)",16.3,"(13.0, 19.8)",74.3,"(66.3, 80.6)",14.1,"(12.2, 16.2)",29,"(23.3, 35.3)",10.4,"( 8.9, 12.0)",32.9,"(27.5, 38.2)",2.2,"( 1.9,  2.4)",7,"( 5.5,  8.6)",5.1,"( 4.5,  5.8)",3.4,"( 3.0,  4.0)",10.9,"( 9.3, 12.8)",8.4,"( 7.0,  9.9)",2.3,"( 2.0,  2.7)",5.3,"( 4.5,  6.2)",23.2,"(19.5, 27.1)",31.9,"(27.2, 36.8)",6.7,"( 5.2,  8.3)",10.3,"( 8.2, 12.6)",10.1,"( 8.2, 12.1)",6.4,"( 5.3,  7.5)",6,"( 5.1,  7.0)",22.2,"(18.7, 25.8)",POINT (-106.686782 35.2298209)
NM,New Mexico,Sandoval,35043,35043010732,6450,"5,418",12.8,"(10.2, 15.6)",32.4,"(28.7, 36.0)",11.5,"( 9.4, 13.9)",40.7,"(36.6, 45.1)",80.4,"(77.4, 83.1)",11.1,"(10.0, 12.3)",9.6,"( 8.4, 10.9)",9,"( 7.8, 10.4)",73.9,"(69.9, 77.4)",88.1,"(86.3, 89.8)",64.9,"(59.7, 69.4)",7.7,"( 6.2,  9.5)",11,"( 9.1, 13.4)",62.4,"(58.6, 65.6)",22.5,"(19.2, 26.1)",14,"(11.9, 16.3)",22,"(18.7, 26.1)",39.8,"(35.4, 44.2)",25.9,"(21.3, 31.3)",69.6,"(61.2, 77.0)",14.4,"(12.6, 16.4)",31.5,"(25.6, 37.9)",15.8,"(13.6, 18.3)",33.8,"(28.3, 39.0)",4.7,"( 4.1,  5.5)",17.2,"(14.0, 20.4)",10.9,"( 9.5, 12.5)",6.6,"( 5.7,  7.8)",13.7,"(11.7, 16.0)",18.2,"(15.3, 21.7)",4.5,"( 3.9,  5.4)",9.2,"( 7.7, 11.1)",37.1,"(32.3, 42.2)",32.3,"(27.6, 37.3)",11.5,"( 9.2, 14.0)",15,"(12.2, 17.9)",11.4,"( 9.5, 13.3)",7.6,"( 6.4,  8.8)",7.9,"( 6.7,  9.1)",23,"(19.3, 26.7)",POINT (-106.6462953 35.2429876)
NM,New Mexico,Sandoval,35043,35043010733,5355,"3,700",12.3,"(10.0, 15.1)",19.3,"(16.8, 22.0)",16.9,"(13.9, 20.4)",27.3,"(23.8, 30.9)",66.8,"(62.9, 70.6)",5.4,"( 4.9,  6.0)",9.8,"( 8.6, 11.1)",4.1,"( 3.6,  4.7)",65.2,"(60.7, 69.9)",83.6,"(81.1, 86.1)",58.1,"(52.9, 62.5)",4.2,"( 3.6,  5.0)",11.1,"( 9.0, 13.5)",66.6,"(62.8, 69.8)",25,"(21.3, 29.0)",8.8,"( 7.5, 10.3)",17,"(14.4, 19.9)",30,"(26.2, 33.9)",20,"(16.2, 24.2)",71.7,"(63.4, 78.5)",17,"(14.8, 19.4)",33,"(26.8, 39.6)",12.3,"(10.6, 14.2)",36.8,"(31.1, 42.3)",2.4,"( 2.1,  2.6)",6.7,"( 5.2,  8.2)",5.2,"( 4.5,  5.9)",4.6,"( 4.0,  5.2)",14.2,"(12.1, 16.5)",9.8,"( 8.3, 11.5)",3.1,"( 2.7,  3.5)",6.9,"( 5.9,  8.0)",27.4,"(23.2, 31.9)",34.4,"(29.4, 39.2)",11.3,"( 9.0, 13.7)",15.7,"(12.8, 18.8)",14.5,"(12.0, 17.0)",9.3,"( 7.8, 10.9)",8.7,"( 7.4, 10.1)",24.6,"(20.7, 28.5)",POINT (-106.7137731 35.3114681)
NM,New Mexico,Sandoval,35043,35043010734,6300,"4,352",11.9,"( 9.8, 14.3)",20.9,"(18.2, 23.7)",16.3,"(13.4, 19.6)",28.8,"(25.2, 32.5)",69.1,"(65.3, 72.6)",6.2,"( 5.6,  6.9)",9.7,"( 8.5, 11.0)",4.6,"( 4.0,  5.2)",66.5,"(62.0, 70.8)",84.8,"(82.6, 86.9)",58.8,"(53.5, 63.3)",4.5,"( 3.9,  5.2)",11,"( 9.2, 13.1)",66,"(62.2, 69.2)",24.6,"(21.0, 28.5)",9.2,"( 7.8, 10.6)",16.8,"(14.5, 19.4)",31.4,"(27.5, 35.4)",19.8,"(16.4, 23.7)",73.7,"(65.7, 80.2)",16.5,"(14.4, 18.7)",32.5,"(26.3, 39.3)",12.4,"(10.8, 14.1)",36.4,"(30.5, 41.9)",2.5,"( 2.3,  2.8)",7.8,"( 6.2,  9.5)",5.6,"( 4.9,  6.4)",4.4,"( 4.0,  4.9)",13.6,"(11.8, 15.5)",10.2,"( 8.7, 11.9)",3.1,"( 2.7,  3.4)",6.7,"( 5.9,  7.6)",27.4,"(23.6, 31.6)",33.8,"(28.8, 38.6)",10.6,"( 8.5, 12.5)",14.8,"(12.1, 17.4)",13.6,"(11.4, 15.8)",8.7,"( 7.4, 10.1)",8.1,"( 6.9,  9.3)",24.3,"(20.6, 28.1)",POINT (-106.7764384 35.3632199)
NM,New Mexico,Sandoval,35043,35043010900,2002,"1,599",17.9,"(15.2, 20.5)",30.2,"(26.9, 33.8)",11.6,"( 9.4, 14.1)",41.7,"(37.5, 46.1)",78.6,"(75.5, 81.4)",8.2,"( 7.4,  9.1)",9.7,"( 8.5, 10.9)",9.4,"( 8.4, 10.4)",71.7,"(67.7, 75.7)",85.9,"(84.2, 87.6)",55.4,"(49.7, 60.5)",7.9,"( 7.0,  8.9)",13.9,"(11.8, 16.1)",51.6,"(47.3, 55.1)",22.2,"(18.9, 25.7)",18,"(15.8, 20.5)",28.3,"(25.0, 31.6)",39.9,"(35.6, 44.3)",31.1,"(26.4, 36.0)",65.2,"(56.1, 72.9)",15.5,"(13.6, 17.5)",37.2,"(30.7, 44.3)",18,"(15.9, 20.2)",38.3,"(32.4, 43.8)",4.9,"( 4.5,  5.3)",22.1,"(18.0, 25.8)",10.9,"( 9.7, 12.2)",9.3,"( 8.4, 10.2)",15.8,"(13.8, 17.8)",20.6,"(18.0, 23.2)",6.1,"( 5.5,  6.6)",10.2,"( 9.1, 11.4)",39.8,"(35.2, 44.4)",32.5,"(27.8, 37.3)",19.5,"(16.6, 22.4)",24.1,"(20.8, 27.4)",17.5,"(15.1, 20.0)",12.1,"(10.5, 13.7)",11.8,"(10.3, 13.3)",24.9,"(21.3, 28.7)",POINT (-107.0357008 35.6180228)
NM,New Mexico,Sandoval,35043,35043011101,3217,"2,935",5.8,"( 4.7,  7.2)",34.4,"(30.5, 38.7)",11.1,"( 9.0, 13.5)",42.2,"(37.7, 47.1)",81.9,"(78.5, 84.9)",13.2,"(11.8, 14.6)",9.8,"( 8.6, 11.2)",8.5,"( 7.4,  9.8)",77.8,"(74.2, 81.1)",92.4,"(91.2, 93.5)",71.7,"(66.7, 75.8)",6.7,"( 5.4,  8.3)",9.3,"( 7.2, 11.6)",76.1,"(72.9, 78.7)",21.7,"(18.5, 25.4)",13.3,"(11.3, 15.6)",16.6,"(13.8, 20.0)",42.7,"(38.1, 47.5)",18.4,"(14.8, 23.0)",74.2,"(66.1, 80.5)",12.1,"(10.4, 14.0)",29.8,"(24.0, 36.5)",13.7,"(11.7, 16.1)",30.3,"(25.1, 35.3)",4.2,"( 3.6,  4.8)",9.5,"( 7.6, 11.3)",9.9,"( 8.6, 11.3)",4.4,"( 3.8,  5.2)",10,"( 8.4, 11.8)",14.5,"(12.1, 17.5)",3.4,"( 2.9,  4.0)",6.5,"( 5.5,  7.8)",30.7,"(26.2, 35.9)",28.1,"(23.7, 32.8)",6.3,"( 4.8,  8.1)",8.8,"( 6.9, 11.0)",7.1,"( 5.8,  8.6)",5.1,"( 4.3,  6.1)",5.4,"( 4.5,  6.3)",19.7,"(16.5, 23.3)",POINT (-106.4934176 35.3281709)
NM,New Mexico,Sandoval,35043,35043011102,3939,"3,400",6.7,"( 5.5,  8.2)",32.2,"(28.6, 36.1)",11.7,"( 9.5, 14.2)",40.5,"(36.1, 45.0)",80.8,"(77.4, 83.8)",11.9,"(10.8, 13.2)",9.5,"( 8.3, 10.8)",8,"( 7.0,  9.1)",76.4,"(72.8, 79.9)",91.8,"(90.5, 93.0)",68.8,"(63.4, 73.2)",6.4,"( 5.2,  7.6)",9.1,"( 7.3, 11.2)",68.2,"(64.5, 71.3)",21.8,"(18.5, 25.4)",13,"(11.1, 15.1)",16.7,"(14.1, 19.6)",41.7,"(37.1, 46.3)",18.6,"(14.9, 22.6)",74.4,"(66.5, 80.7)",12.1,"(10.5, 13.8)",30.4,"(24.4, 36.9)",13.4,"(11.5, 15.4)",33.4,"(27.9, 38.6)",3.9,"( 3.4,  4.4)",9.6,"( 7.7, 11.6)",9,"( 7.9, 10.2)",4.5,"( 3.9,  5.2)",10,"( 8.6, 11.7)",13.8,"(11.6, 16.3)",3.4,"( 3.0,  4.0)",6.3,"( 5.4,  7.4)",29.3,"(24.9, 33.8)",27.8,"(23.5, 32.2)",6.9,"( 5.4,  8.8)",9.4,"( 7.6, 11.4)",7.6,"( 6.3,  9.0)",5.5,"( 4.6,  6.4)",5.5,"( 4.7,  6.4)",19.2,"(16.2, 22.5)",POINT (-106.3891578 35.3138333)
NM,New Mexico,Sandoval,35043,35043011200,2675,"2,170",8.1,"( 6.8,  9.5)",28.1,"(24.8, 31.5)",13.8,"(11.2, 16.6)",36.5,"(32.6, 40.7)",76.8,"(73.4, 79.9)",9.4,"( 8.5, 10.3)",10.3,"( 9.0, 11.6)",7,"( 6.3,  7.9)",72.1,"(68.0, 76.0)",87.9,"(86.1, 89.4)",65.2,"(59.9, 69.7)",6,"( 5.2,  6.9)",11.4,"( 9.5, 13.7)",66.7,"(62.9, 69.9)",23.4,"(20.0, 27.1)",12.4,"(10.6, 14.3)",18.1,"(15.6, 20.7)",37.2,"(33.1, 41.5)",19.7,"(16.3, 23.6)",70.7,"(62.1, 77.5)",14.9,"(13.0, 16.9)",32,"(25.9, 38.6)",13.8,"(12.1, 15.7)",35.5,"(29.8, 41.0)",3.6,"( 3.3,  4.0)",11,"( 8.8, 13.3)",8.5,"( 7.5,  9.6)",5.1,"( 4.6,  5.6)",12.4,"(10.8, 14.2)",13.5,"(11.6, 15.6)",3.5,"( 3.1,  3.9)",7.2,"( 6.3,  8.2)",30.9,"(26.9, 35.4)",31.1,"(26.6, 36.0)",9.7,"( 7.9, 11.6)",13.3,"(11.0, 15.6)",10.8,"( 9.1, 12.5)",7.7,"( 6.5,  8.8)",7.9,"( 6.7,  9.0)",22.5,"(19.2, 26.0)",POINT (-106.701591 35.7721787)
NM,New Mexico,Sandoval,35043,35043940200,3428,"2,426",13.5,"(11.3, 16.1)",24.8,"(21.9, 27.9)",14.8,"(12.1, 17.8)",35,"(31.2, 39.0)",69.6,"(66.3, 72.8)",5.4,"( 4.9,  6.0)",13.3,"(11.7, 15.1)",6.9,"( 6.2,  7.8)",65.7,"(61.1, 70.0)",78.7,"(75.9, 81.4)",50.7,"(45.3, 55.6)",7.6,"( 6.6,  8.7)",23,"(19.8, 26.6)",48.9,"(44.8, 52.6)",26.9,"(23.1, 31.1)",14.9,"(13.0, 17.1)",28.7,"(25.2, 32.9)",31.6,"(27.9, 35.6)",28.8,"(24.4, 33.9)",62.7,"(53.5, 70.8)",22.8,"(20.3, 25.7)",38.5,"(31.9, 45.7)",18.8,"(16.7, 21.4)",44,"(37.8, 49.8)",4.4,"( 3.9,  4.8)",21.2,"(17.3, 25.1)",9.6,"( 8.6, 10.9)",9.2,"( 8.2, 10.4)",21.1,"(18.7, 24.1)",18.3,"(16.1, 21.1)",5.2,"( 4.6,  5.9)",12.6,"(11.1, 14.4)",42.6,"(37.9, 47.9)",40,"(34.8, 45.3)",26,"(21.9, 30.0)",33.4,"(28.7, 38.1)",24.6,"(21.2, 28.0)",17.5,"(15.1, 19.8)",18.5,"(16.0, 20.9)",33.3,"(28.7, 38.0)",POINT (-106.3870235 35.5341038)
NM,New Mexico,Sandoval,35043,35043940500,3936,"2,997",26,"(21.2, 30.8)",25.4,"(22.3, 28.6)",12.3,"( 9.9, 14.9)",37.4,"(33.3, 41.5)",74.2,"(70.9, 77.2)",5.7,"( 5.1,  6.3)",9.6,"( 8.4, 11.0)",8,"( 7.1,  8.9)",67,"(62.6, 71.3)",81.4,"(78.7, 84.1)",50,"(44.6, 55.1)",7.2,"( 6.2,  8.2)",15.4,"(12.9, 18.1)",50.8,"(46.8, 54.4)",22.8,"(19.4, 26.5)",17.6,"(15.3, 20.1)",32.6,"(28.3, 37.0)",37,"(32.8, 41.2)",35.9,"(30.3, 41.7)",63.9,"(54.2, 71.8)",17.5,"(15.3, 19.8)",39.5,"(32.6, 46.6)",19,"(16.7, 21.5)",39,"(32.9, 44.8)",4.4,"( 3.9,  4.8)",18.3,"(15.0, 21.7)",9.3,"( 8.2, 10.5)",11.1,"( 9.7, 12.5)",19.2,"(16.7, 21.9)",20.5,"(17.7, 23.3)",6.8,"( 5.9,  7.8)",11.5,"(10.0, 13.1)",41.6,"(36.5, 46.9)",35.7,"(30.7, 41.0)",27.1,"(22.3, 31.7)",33.5,"(28.1, 38.6)",24.6,"(20.8, 28.3)",16,"(13.5, 18.3)",15.6,"(13.2, 18.0)",28,"(23.8, 32.4)",POINT (-106.5563721 35.3003786)
NM,New Mexico,Sandoval,35043,35043940600,1991,"1,480",10.4,"( 7.7, 13.5)",29.4,"(26.1, 32.9)",13.6,"(11.0, 16.5)",39.6,"(35.4, 43.7)",72.9,"(69.6, 76.0)",6.5,"( 5.8,  7.3)",14.4,"(12.7, 16.3)",8.6,"( 7.6,  9.8)",68.6,"(64.1, 72.9)",80.6,"(77.5, 83.4)",51.4,"(45.8, 56.6)",9.5,"( 8.0, 11.2)",25.6,"(21.3, 30.2)",49.3,"(45.2, 53.0)",28,"(24.1, 32.3)",17.7,"(15.3, 20.1)",30.9,"(26.7, 35.9)",33.5,"(29.6, 37.7)",29.3,"(24.3, 35.0)",60.6,"(51.4, 68.8)",23.2,"(20.4, 26.2)",40.4,"(33.5, 47.6)",20.8,"(18.2, 23.7)",45.3,"(39.0, 51.1)",5.5,"( 4.8,  6.1)",19.7,"(16.0, 23.5)",11.6,"(10.2, 13.1)",10.5,"( 9.1, 12.1)",21.4,"(18.4, 24.9)",21.8,"(18.7, 25.3)",6.2,"( 5.3,  7.2)",14.2,"(12.2, 16.5)",45.4,"(40.1, 51.3)",38.7,"(33.3, 44.2)",30,"(24.0, 35.8)",35.2,"(29.0, 41.3)",24.9,"(20.6, 29.1)",19.6,"(16.6, 22.7)",20.1,"(16.9, 23.2)",32.2,"(27.5, 37.2)",POINT (-106.74468 35.6086661)
NM,New Mexico,Sandoval,35043,35043940700,3686,"2,641",12.9,"(10.4, 15.8)",26.2,"(23.1, 29.4)",14.3,"(11.6, 17.2)",36.3,"(32.3, 40.5)",70.8,"(67.3, 73.9)",5.9,"( 5.3,  6.6)",13.4,"(11.7, 15.1)",7.3,"( 6.4,  8.2)",66.8,"(62.2, 70.9)",79.7,"(76.8, 82.5)",50.4,"(44.8, 55.3)",8.1,"( 7.0,  9.3)",22.9,"(19.3, 26.8)",47.2,"(43.0, 50.7)",27.1,"(23.0, 31.3)",15.5,"(13.4, 17.7)",29.2,"(25.2, 33.5)",32.8,"(28.9, 36.9)",28.6,"(24.0, 33.8)",64.2,"(54.9, 72.0)",22.3,"(19.6, 25.1)",38.7,"(32.0, 45.8)",19.3,"(16.8, 21.8)",44.2,"(37.9, 50.0)",4.5,"( 4.1,  5.0)",24.5,"(20.4, 28.4)",9.8,"( 8.6, 11.0)",9.4,"( 8.3, 10.7)",20.9,"(18.1, 24.0)",19.2,"(16.5, 22.0)",5.6,"( 4.9,  6.3)",12.8,"(11.0, 14.8)",42.7,"(37.6, 48.0)",38.9,"(33.6, 44.4)",26.2,"(21.8, 30.7)",32.7,"(27.7, 38.0)",23.9,"(20.4, 27.6)",17.5,"(15.1, 20.1)",18.2,"(15.8, 20.9)",32.1,"(27.7, 36.9)",POINT (-106.4318234 35.4248555)
NM,New Mexico,Sandoval,35043,35043940900,2307,"1,677",17.2,"(14.0, 20.7)",32,"(28.7, 35.5)",12.5,"(10.1, 15.2)",44.3,"(40.1, 48.7)",71.8,"(68.6, 74.9)",5.8,"( 5.2,  6.5)",15.8,"(13.9, 17.7)",11.3,"(10.2, 12.6)",66,"(61.4, 70.3)",73.7,"(70.7, 76.8)",36.7,"(31.4, 41.7)",15.1,"(13.4, 17.2)",37.8,"(33.7, 42.2)",29.6,"(26.1, 32.7)",30.8,"(26.5, 35.2)",22.5,"(20.0, 25.2)",44.3,"(40.0, 48.9)",35.3,"(31.4, 39.6)",40.1,"(34.6, 45.8)",53.4,"(43.4, 62.5)",27.7,"(24.7, 30.8)",45.9,"(38.8, 53.2)",27.3,"(24.3, 30.4)",49.4,"(42.9, 55.2)",7.4,"( 6.7,  8.1)",55.7,"(49.7, 61.2)",14.4,"(13.0, 16.1)",17.3,"(15.6, 19.2)",29.5,"(26.3, 32.8)",30.2,"(26.9, 33.6)",10.6,"( 9.5, 11.9)",21.7,"(19.2, 24.1)",56.3,"(51.1, 61.3)",41.6,"(36.4, 47.0)",52.7,"(47.6, 57.7)",54.2,"(49.2, 59.6)",36.3,"(32.2, 40.8)",30.7,"(27.3, 34.1)",31.1,"(27.8, 34.5)",36.1,"(31.5, 40.9)",POINT (-107.3351156 36.0152929)
NM,New Mexico,Sandoval,35043,35043941000,1723,"1,390",11.8,"( 9.9, 13.9)",30.2,"(26.7, 33.8)",12.3,"(10.0, 14.9)",40.2,"(36.0, 44.5)",77.7,"(74.4, 80.6)",8.5,"( 7.7,  9.4)",11.1,"( 9.7, 12.4)",8.5,"( 7.6,  9.5)",72.1,"(68.0, 76.0)",86.1,"(84.2, 87.9)",61.2,"(55.6, 66.0)",7.7,"( 6.7,  8.7)",15.5,"(13.2, 18.0)",59.7,"(55.7, 63.2)",23.7,"(20.2, 27.5)",16.2,"(14.1, 18.6)",25,"(21.9, 28.2)",38,"(33.7, 42.3)",26.9,"(22.6, 31.6)",68.3,"(59.5, 75.5)",16.9,"(14.9, 19.1)",36.2,"(29.6, 43.2)",17.2,"(15.2, 19.4)",38.3,"(32.3, 43.8)",4.7,"( 4.3,  5.1)",15.8,"(12.8, 18.8)",10.4,"( 9.2, 11.6)",7.8,"( 7.1,  8.6)",15.5,"(13.7, 17.4)",18.6,"(16.2, 21.1)",5,"( 4.5,  5.6)",9.9,"( 8.8, 11.1)",38.2,"(33.7, 42.8)",33.4,"(28.8, 38.3)",17.2,"(14.6, 19.9)",21.9,"(19.0, 25.2)",16.3,"(14.1, 18.7)",11.7,"(10.2, 13.4)",11.8,"(10.4, 13.3)",25.8,"(22.1, 29.6)",POINT (-106.4682636 35.6365389)
NM,New Mexico,San Juan,35045,35045000100,4509,"3,316",16.5,"(13.6, 19.3)",25.4,"(22.7, 28.2)",13.2,"(10.9, 15.8)",31.7,"(28.4, 35.1)",71.6,"(68.2, 74.7)",6.4,"( 5.8,  7.1)",11.8,"(10.4, 13.2)",7.3,"( 6.5,  8.2)",68.1,"(64.2, 72.1)",79.6,"(77.1, 82.2)",51.8,"(47.5, 56.2)",8.2,"( 7.2,  9.4)",18.8,"(16.2, 21.5)",49.2,"(45.8, 52.7)",23.4,"(20.2, 26.9)",13.7,"(12.0, 15.5)",27.7,"(24.5, 31.1)",31.7,"(28.3, 35.0)",27.7,"(23.7, 31.8)",59.4,"(52.2, 66.6)",19.8,"(17.5, 22.0)",35.2,"(29.9, 40.5)",18.1,"(16.1, 20.3)",38.2,"(34.0, 42.7)",4.2,"( 3.8,  4.6)",20.5,"(17.6, 23.7)",9.3,"( 8.3, 10.4)",8.8,"( 7.9,  9.7)",20.3,"(17.9, 22.7)",17.7,"(15.5, 20.1)",5.9,"( 5.2,  6.5)",12.3,"(10.9, 13.8)",40.6,"(36.3, 44.9)",38.5,"(34.1, 43.1)",23.9,"(20.6, 27.3)",27.8,"(24.1, 31.4)",21.8,"(19.0, 24.7)",16.3,"(14.3, 18.4)",15.5,"(13.6, 17.4)",28.4,"(24.8, 32.2)",POINT (-108.184088 36.7186689)
NM,New Mexico,San Juan,35045,35045000201,4812,"3,528",7.7,"( 6.0,  9.6)",24.5,"(21.7, 27.3)",14.5,"(12.0, 17.3)",28.3,"(25.1, 31.6)",73.4,"(69.8, 76.7)",8.6,"( 7.7,  9.5)",10,"( 8.7, 11.3)",5.6,"( 4.8,  6.3)",71.5,"(67.6, 75.3)",87.1,"(85.0, 89.0)",63.5,"(59.4, 67.6)",5.3,"( 4.3,  6.5)",10.8,"( 8.6, 13.2)",69.3,"(66.4, 72.2)",21.2,"(18.1, 24.4)",9.1,"( 7.8, 10.6)",15.2,"(12.8, 17.9)",32.1,"(28.6, 35.7)",16.5,"(13.5, 19.8)",67.4,"(60.7, 73.6)",14.5,"(12.6, 16.6)",27.7,"(23.1, 32.6)",12.4,"(10.6, 14.2)",31.8,"(28.0, 36.0)",2.9,"( 2.6,  3.3)",9.5,"( 7.8, 11.4)",7,"( 6.1,  8.0)",3.9,"( 3.4,  4.5)",12.3,"(10.4, 14.4)",10.7,"( 8.9, 12.7)",3,"( 2.6,  3.6)",6.7,"( 5.7,  7.8)",27.3,"(23.4, 31.2)",32.9,"(28.9, 37.5)",7.7,"( 5.9,  9.8)",10.1,"( 8.2, 12.4)",9.4,"( 7.8, 11.3)",6.8,"( 5.7,  8.1)",6.3,"( 5.4,  7.4)",22.1,"(18.8, 25.8)",POINT (-108.137389 36.7898428)
NM,New Mexico,San Juan,35045,35045000202,5353,"3,948",7.5,"( 6.3,  8.8)",24.2,"(21.5, 27.1)",14.8,"(12.2, 17.6)",27.8,"(24.7, 31.2)",73.2,"(69.6, 76.6)",8.5,"( 7.6,  9.3)",10.1,"( 8.9, 11.3)",5.4,"( 4.7,  6.0)",71.3,"(67.6, 74.9)",87,"(85.2, 88.7)",66.5,"(62.5, 70.4)",5,"( 4.3,  5.8)",10.5,"( 8.8, 12.4)",72.5,"(69.7, 75.2)",21.1,"(18.2, 24.4)",8.9,"( 7.7, 10.3)",14.5,"(12.5, 16.6)",31.6,"(28.1, 35.2)",16.1,"(13.3, 18.9)",68.8,"(62.4, 75.0)",14.9,"(13.1, 16.7)",27.6,"(23.2, 32.7)",12.1,"(10.6, 13.7)",31.8,"(27.9, 35.9)",2.9,"( 2.6,  3.1)",9.1,"( 7.5, 10.9)",6.9,"( 6.1,  7.7)",3.7,"( 3.3,  4.1)",12.3,"(10.8, 13.9)",10.3,"( 8.8, 11.8)",2.8,"( 2.5,  3.1)",6.5,"( 5.7,  7.3)",27.1,"(23.6, 30.7)",33.6,"(29.4, 38.1)",7,"( 5.7,  8.3)",9.8,"( 8.2, 11.4)",9.6,"( 8.2, 11.1)",6.8,"( 5.9,  7.8)",6.4,"( 5.6,  7.3)",22.8,"(19.6, 26.3)",POINT (-108.174589 36.7843538)
NM,New Mexico,San Juan,35045,35045000204,2153,"1,626",13.4,"(10.9, 16.0)",27.9,"(25.0, 30.9)",12.7,"(10.4, 15.1)",33.8,"(30.3, 37.4)",74.2,"(70.6, 77.2)",7.8,"( 7.1,  8.6)",11.3,"(10.0, 12.7)",8.1,"( 7.1,  9.0)",70.4,"(66.4, 74.1)",82.1,"(79.6, 84.2)",58.7,"(54.2, 63.0)",8.8,"( 7.6, 10.2)",17.5,"(14.7, 20.3)",57.4,"(54.1, 60.8)",23.1,"(20.0, 26.6)",13.7,"(11.9, 15.6)",25.7,"(22.5, 28.9)",33.2,"(29.7, 36.8)",25.7,"(21.9, 29.9)",61.6,"(54.4, 68.7)",18.2,"(16.2, 20.4)",34.4,"(29.3, 39.9)",17.5,"(15.5, 19.8)",35.7,"(31.6, 40.0)",4.5,"( 4.0,  5.0)",22.7,"(19.5, 26.4)",9.9,"( 8.7, 11.1)",8,"( 7.1,  8.9)",18.3,"(16.0, 20.6)",17.7,"(15.4, 20.1)",5.8,"( 5.0,  6.5)",11.6,"(10.2, 13.1)",38.9,"(34.6, 43.1)",35.7,"(31.5, 40.3)",21.4,"(18.0, 25.0)",23.3,"(20.1, 26.8)",18.1,"(15.7, 20.9)",14.5,"(12.6, 16.6)",13.3,"(11.6, 15.1)",25.3,"(22.0, 29.1)",POINT (-108.1447843 36.7591695)
NM,New Mexico,San Juan,35045,35045000206,4026,"2,873",13.4,"(11.2, 15.7)",23,"(20.5, 25.6)",14.3,"(11.7, 17.1)",28.6,"(25.5, 31.9)",68.5,"(65.1, 71.7)",6,"( 5.5,  6.7)",12,"(10.6, 13.4)",6.2,"( 5.5,  6.8)",67,"(62.8, 71.0)",78.5,"(76.0, 81.0)",51.1,"(46.7, 55.7)",7.4,"( 6.5,  8.3)",18.2,"(15.6, 21.0)",45.8,"(42.5, 49.3)",24.4,"(21.1, 27.9)",11.2,"( 9.8, 12.7)",24.2,"(21.4, 27.2)",29.2,"(26.1, 32.4)",24,"(20.4, 27.8)",57.7,"(50.8, 64.8)",20.2,"(17.9, 22.6)",33.6,"(28.6, 39.0)",16.4,"(14.5, 18.3)",39.4,"(35.2, 44.0)",3.6,"( 3.3,  3.9)",27.1,"(23.8, 31.0)",8.1,"( 7.2,  9.1)",7.4,"( 6.6,  8.1)",19.7,"(17.4, 22.0)",14.7,"(12.9, 16.6)",4.9,"( 4.4,  5.4)",11.5,"(10.1, 12.8)",37.4,"(33.2, 41.5)",38.5,"(34.2, 42.9)",22,"(19.0, 25.4)",25.1,"(21.8, 28.4)",19.9,"(17.4, 22.6)",15.4,"(13.5, 17.4)",14.8,"(13.0, 16.7)",27.5,"(24.0, 31.2)",POINT (-108.1702897 36.7513575)
NM,New Mexico,San Juan,35045,35045000207,2385,"1,724",19,"(15.7, 22.4)",27.8,"(24.9, 30.6)",11.9,"( 9.8, 14.4)",36.2,"(32.7, 39.7)",71.7,"(68.5, 74.6)",6.2,"( 5.6,  6.9)",12.5,"(11.0, 14.1)",9.5,"( 8.5, 10.5)",67.6,"(63.5, 71.5)",74.9,"(71.9, 77.9)",50.5,"(46.1, 55.1)",12.2,"(10.6, 13.9)",26.2,"(22.6, 30.3)",41.3,"(38.2, 44.5)",25.6,"(22.2, 29.2)",16.9,"(14.8, 18.9)",35.9,"(31.9, 40.2)",32.8,"(29.4, 36.2)",34.6,"(29.9, 39.6)",54.1,"(46.6, 61.7)",22.4,"(19.9, 25.0)",39.7,"(34.2, 45.5)",21.8,"(19.3, 24.4)",39.8,"(35.6, 44.4)",5.5,"( 5.0,  6.1)",41,"(36.2, 45.8)",11.6,"(10.3, 12.9)",13,"(11.6, 14.5)",24.8,"(21.9, 28.0)",22.9,"(20.2, 25.7)",8.7,"( 7.7,  9.7)",17.2,"(15.2, 19.4)",47.6,"(42.9, 52.5)",38.7,"(34.3, 43.2)",42.2,"(37.0, 47.3)",40.1,"(35.1, 44.9)",28.2,"(24.4, 31.8)",24.5,"(21.4, 27.5)",22.3,"(19.5, 25.2)",28.6,"(24.9, 32.4)",POINT (-108.1832815 36.7379531)
NM,New Mexico,San Juan,35045,35045000301,5044,"3,711",12.1,"( 9.8, 14.6)",25.1,"(22.5, 27.9)",13.6,"(11.1, 16.2)",30.4,"(27.2, 33.7)",72,"(68.7, 74.9)",7.4,"( 6.7,  8.3)",11.3,"(10.0, 12.8)",6.8,"( 6.0,  7.7)",68.9,"(64.9, 72.7)",80.6,"(77.9, 83.2)",64.7,"(60.8, 68.6)",7.6,"( 6.4,  9.0)",16.6,"(14.1, 19.5)",67.2,"(64.2, 70.2)",23.2,"(20.2, 26.7)",11.2,"( 9.7, 12.8)",22.8,"(19.8, 26.1)",30.9,"(27.7, 34.3)",23.5,"(19.8, 27.6)",65.8,"(58.9, 72.2)",18.6,"(16.5, 21.0)",31.6,"(26.7, 36.7)",15.8,"(14.0, 17.9)",33.1,"(29.3, 37.4)",3.8,"( 3.4,  4.3)",9.5,"( 7.9, 11.4)",8.9,"( 7.8, 10.0)",6.7,"( 6.0,  7.6)",18,"(15.7, 20.5)",15,"(12.9, 17.4)",4.6,"( 4.0,  5.2)",10.7,"( 9.4, 12.3)",36.7,"(32.5, 41.1)",37.4,"(33.0, 42.0)",18.5,"(15.4, 21.8)",21.2,"(18.1, 24.7)",16.7,"(14.3, 19.4)",12.7,"(11.0, 14.7)",12.3,"(10.7, 14.2)",26.4,"(22.8, 30.3)",POINT (-108.192787 36.7550174)
NM,New Mexico,San Juan,35045,35045000302,3306,"2,458",9.9,"( 8.2, 12.0)",24.9,"(22.2, 27.8)",13.8,"(11.4, 16.6)",30.3,"(27.0, 33.7)",72.2,"(68.9, 75.4)",7.5,"( 6.8,  8.3)",11.1,"( 9.8, 12.5)",6.6,"( 5.8,  7.4)",70,"(66.0, 73.8)",82.5,"(80.1, 84.8)",59.9,"(55.8, 64.0)",6.9,"( 5.9,  8.1)",14.6,"(12.1, 17.4)",62.7,"(59.6, 66.0)",23.4,"(20.1, 26.9)",11,"( 9.5, 12.6)",20.6,"(17.9, 23.7)",30.8,"(27.4, 34.2)",21.2,"(17.8, 25.2)",65.5,"(58.5, 72.2)",17.7,"(15.6, 20.1)",32.2,"(27.0, 37.6)",14.8,"(13.0, 16.9)",34.8,"(30.8, 39.1)",3.6,"( 3.2,  4.0)",14.3,"(12.0, 16.7)",8.4,"( 7.4,  9.5)",6.1,"( 5.4,  6.9)",16.3,"(14.2, 18.7)",13.8,"(11.9, 16.0)",4.3,"( 3.8,  4.9)",9.7,"( 8.5, 11.2)",34.1,"(30.2, 38.6)",35,"(31.0, 39.4)",16.4,"(13.4, 19.4)",18.2,"(15.2, 21.4)",15.1,"(12.7, 17.6)",12.3,"(10.5, 14.1)",11.2,"( 9.6, 12.8)",23.7,"(20.5, 27.2)",POINT (-108.1960844 36.7410829)
NM,New Mexico,San Juan,35045,35045000401,5046,"3,727",13,"(10.5, 15.8)",28.2,"(25.3, 31.1)",12.5,"(10.2, 14.9)",34.2,"(30.8, 37.7)",73.8,"(70.6, 76.7)",7.8,"( 7.0,  8.6)",11.6,"(10.3, 13.1)",8.3,"( 7.3,  9.4)",70.1,"(66.2, 73.8)",80.1,"(77.5, 82.6)",57,"(52.7, 61.3)",9.8,"( 8.3, 11.5)",18.8,"(15.8, 21.9)",56.9,"(53.6, 60.2)",24.4,"(21.1, 27.9)",13.6,"(11.8, 15.5)",26.7,"(23.2, 30.3)",32.8,"(29.5, 36.3)",26.7,"(22.5, 31.1)",59.1,"(52.0, 66.5)",19.3,"(17.0, 21.6)",34.9,"(29.7, 40.4)",17.9,"(15.7, 20.2)",35.2,"(31.1, 39.6)",4.7,"( 4.1,  5.2)",22.1,"(18.8, 25.8)",10.1,"( 8.9, 11.4)",8.6,"( 7.6,  9.7)",19.5,"(17.0, 22.1)",18.2,"(15.6, 21.0)",6.1,"( 5.3,  7.0)",12.8,"(11.2, 14.7)",40.2,"(35.6, 44.7)",36.1,"(31.8, 40.8)",25.4,"(21.4, 29.5)",25.3,"(21.7, 29.1)",18.8,"(16.1, 21.5)",15.9,"(13.8, 18.2)",14.6,"(12.7, 16.6)",24.9,"(21.4, 28.7)",POINT (-108.2303958 36.7420816)
NM,New Mexico,San Juan,35045,35045000402,3986,"3,003",12.5,"(10.2, 15.1)",27.7,"(25.0, 30.7)",12.4,"(10.2, 14.8)",34.9,"(31.5, 38.6)",72.8,"(69.7, 75.6)",7.2,"( 6.5,  7.9)",12.5,"(11.0, 14.1)",8.7,"( 7.8,  9.8)",70,"(66.2, 73.7)",79.1,"(76.4, 81.8)",52.9,"(48.4, 57.4)",9.6,"( 8.3, 11.1)",20.8,"(17.8, 24.3)",46.9,"(43.6, 50.5)",24.3,"(21.1, 28.0)",15.1,"(13.2, 17.2)",29,"(25.8, 33.0)",31.5,"(28.2, 35.0)",28.1,"(24.1, 32.8)",57.3,"(50.1, 64.5)",20.7,"(18.3, 23.3)",36.8,"(31.6, 42.6)",19,"(16.9, 21.5)",39.5,"(35.3, 44.0)",5.1,"( 4.5,  5.7)",30.5,"(26.4, 34.7)",11.3,"(10.1, 12.7)",10.1,"( 9.0, 11.4)",20.8,"(18.4, 23.7)",19.8,"(17.5, 22.6)",6.7,"( 5.9,  7.6)",14.3,"(12.6, 16.4)",43.3,"(39.0, 48.0)",37.1,"(32.8, 41.7)",29.9,"(25.5, 34.4)",30.5,"(26.3, 34.7)",22.7,"(19.6, 25.9)",20,"(17.4, 22.7)",18.2,"(15.9, 20.6)",26.8,"(23.1, 30.7)",POINT (-108.2229226 36.7272071)
NM,New Mexico,San Juan,35045,35045000503,3887,"2,556",15,"(12.2, 18.4)",23,"(20.4, 25.6)",13.7,"(11.3, 16.4)",30.4,"(27.0, 33.7)",65.4,"(61.7, 68.9)",4.7,"( 4.2,  5.2)",13.7,"(12.1, 15.4)",6.5,"( 5.8,  7.3)",65.8,"(61.4, 70.0)",74.5,"(71.2, 77.7)",48.8,"(44.6, 53.2)",8.8,"( 7.6, 10.0)",26.4,"(22.5, 30.3)",46.9,"(43.6, 50.3)",26.1,"(22.6, 29.7)",13.6,"(11.8, 15.4)",31.1,"(27.2, 35.4)",27.5,"(24.4, 30.7)",29.2,"(24.8, 33.9)",53.9,"(46.7, 61.3)",24.1,"(21.3, 26.9)",39,"(33.5, 44.7)",19.6,"(17.3, 22.0)",42.1,"(37.7, 46.7)",4.1,"( 3.7,  4.6)",26.9,"(23.1, 31.1)",9.2,"( 8.1, 10.2)",10.6,"( 9.3, 12.0)",24.3,"(21.1, 27.6)",18,"(15.6, 20.3)",6.4,"( 5.7,  7.3)",15.3,"(13.2, 17.6)",44,"(39.1, 48.7)",40.7,"(36.2, 45.3)",37.3,"(32.2, 42.2)",38.8,"(33.7, 43.7)",29.4,"(25.5, 33.4)",24.9,"(21.8, 28.1)",22.7,"(19.8, 25.8)",31.1,"(27.2, 35.2)",POINT (-108.266742 36.7462547)
NM,New Mexico,San Juan,35045,35045000504,1964,"1,396",8,"( 6.6,  9.5)",25.8,"(23.2, 28.7)",14,"(11.5, 16.8)",30.6,"(27.5, 34.0)",72.7,"(69.3, 76.0)",7.8,"( 7.1,  8.7)",12.1,"(10.7, 13.5)",6.6,"( 5.9,  7.4)",71,"(67.2, 74.7)",84.7,"(82.7, 86.7)",59.7,"(55.6, 63.8)",6.5,"( 5.7,  7.4)",15.6,"(13.3, 17.9)",62.5,"(59.4, 65.6)",22.2,"(19.2, 25.4)",11.6,"(10.1, 13.2)",19.8,"(17.3, 22.4)",31.2,"(27.9, 34.6)",19,"(16.1, 22.2)",63.8,"(56.8, 70.3)",17.6,"(15.7, 19.6)",30.9,"(26.1, 36.0)",15.1,"(13.4, 16.9)",35.6,"(31.6, 39.9)",3.7,"( 3.4,  4.1)",18.5,"(15.7, 21.6)",8.8,"( 7.8,  9.8)",5.6,"( 5.0,  6.2)",15.5,"(13.6, 17.4)",13.8,"(12.1, 15.7)",3.9,"( 3.5,  4.3)",9,"( 8.0, 10.1)",33.9,"(30.1, 37.8)",36.2,"(32.0, 40.9)",12.7,"(10.5, 15.1)",17,"(14.3, 19.8)",14.6,"(12.5, 16.9)",11.1,"( 9.6, 12.8)",10.9,"( 9.4, 12.4)",26.7,"(23.2, 30.6)",POINT (-108.4409684 36.7936246)
NM,New Mexico,San Juan,35045,35045000506,3709,"2,709",10.8,"( 8.7, 13.0)",24.8,"(22.1, 27.6)",14,"(11.5, 16.8)",30.8,"(27.4, 34.2)",70,"(66.3, 73.3)",6,"( 5.4,  6.7)",13.1,"(11.5, 14.8)",6.7,"( 5.9,  7.5)",68.5,"(64.3, 72.4)",80.3,"(77.4, 82.9)",54.3,"(50.0, 58.8)",7.6,"( 6.5,  8.6)",21,"(17.6, 24.1)",52.1,"(48.7, 55.6)",23.9,"(20.6, 27.5)",13.2,"(11.4, 15.0)",25.1,"(21.8, 28.4)",29.4,"(26.2, 32.8)",23.6,"(19.8, 27.5)",58.2,"(50.8, 65.4)",20.9,"(18.2, 23.3)",34.9,"(29.5, 40.2)",17.5,"(15.3, 19.6)",40.7,"(36.4, 45.3)",4.1,"( 3.7,  4.5)",24.4,"(20.9, 28.8)",9.1,"( 8.1, 10.2)",7.7,"( 6.8,  8.7)",19.5,"(16.7, 22.2)",16.2,"(14.0, 18.4)",5,"( 4.4,  5.7)",11.7,"(10.1, 13.3)",39,"(34.3, 43.3)",39.1,"(34.6, 43.6)",21.9,"(18.4, 25.7)",26.5,"(22.6, 30.8)",21.1,"(18.2, 24.3)",16.6,"(14.5, 19.0)",15.9,"(13.9, 18.2)",30.1,"(26.3, 34.1)",POINT (-108.3265239 36.7456282)
NM,New Mexico,San Juan,35045,35045000507,2653,"1,953",12,"( 9.9, 14.2)",28.5,"(25.6, 31.6)",13,"(10.6, 15.6)",34.3,"(30.7, 37.8)",73.2,"(69.8, 76.5)",7.6,"( 6.9,  8.4)",12.4,"(11.0, 14.0)",8.2,"( 7.3,  9.1)",69.8,"(65.7, 73.6)",81.1,"(78.5, 83.4)",56.7,"(52.4, 61.0)",9.6,"( 8.4, 10.9)",20.9,"(17.9, 24.0)",54.9,"(51.7, 58.4)",24.2,"(21.0, 27.8)",14.1,"(12.3, 16.0)",26.9,"(23.7, 30.3)",32.8,"(29.4, 36.4)",25.9,"(22.1, 30.1)",60,"(52.6, 67.1)",19.9,"(17.7, 22.3)",35,"(29.9, 40.5)",18.6,"(16.5, 20.8)",37.5,"(33.4, 42.0)",4.7,"( 4.3,  5.2)",22.3,"(19.2, 25.8)",10.3,"( 9.2, 11.6)",8.3,"( 7.5,  9.2)",19.7,"(17.3, 22.2)",18.6,"(16.2, 20.9)",6,"( 5.3,  6.6)",12.6,"(11.1, 14.2)",40.7,"(36.5, 45.1)",37.3,"(33.1, 42.0)",23.3,"(20.0, 26.9)",25.5,"(22.2, 29.1)",19.5,"(17.0, 22.3)",15.8,"(13.8, 17.9)",14.8,"(13.0, 16.7)",27.7,"(24.2, 31.6)",POINT (-108.3683171 36.7389411)
NM,New Mexico,San Juan,35045,35045000607,3532,"2,608",14.2,"(11.9, 16.6)",22.3,"(19.9, 24.9)",14.9,"(12.2, 17.7)",28.9,"(25.8, 32.2)",67.5,"(63.9, 70.8)",5.7,"( 5.2,  6.3)",11.3,"(10.0, 12.7)",6,"( 5.4,  6.7)",66.5,"(62.3, 70.4)",79,"(76.3, 81.5)",53.7,"(49.5, 58.1)",6.9,"( 6.0,  7.8)",18.3,"(15.4, 21.2)",55,"(51.7, 58.5)",23.1,"(20.0, 26.5)",11.4,"( 9.9, 12.9)",24.1,"(21.1, 27.2)",29,"(25.9, 32.3)",24,"(20.4, 27.8)",59.8,"(52.7, 66.6)",19.4,"(17.2, 21.8)",34.5,"(29.4, 39.9)",16.1,"(14.3, 18.1)",38.1,"(33.9, 42.6)",3.5,"( 3.2,  3.8)",19,"(16.1, 22.2)",8,"( 7.1,  9.0)",7.3,"( 6.5,  8.1)",18.9,"(16.6, 21.4)",14.3,"(12.5, 16.2)",4.9,"( 4.4,  5.4)",10.8,"( 9.6, 12.1)",36.5,"(32.4, 40.8)",37.4,"(33.0, 42.0)",21.4,"(18.2, 24.9)",24.6,"(21.2, 28.2)",20.2,"(17.5, 23.1)",15.7,"(13.7, 17.8)",14.3,"(12.5, 16.2)",27.6,"(24.0, 31.4)",POINT (-108.1232975 36.7181064)
NM,New Mexico,San Juan,35045,35045000609,1362,"1,031",13.6,"(11.4, 15.9)",28.8,"(26.0, 31.8)",12.5,"(10.3, 15.0)",34.7,"(31.3, 38.3)",74.7,"(71.5, 77.7)",8.2,"( 7.4,  9.0)",11.2,"( 9.8, 12.6)",8.6,"( 7.7,  9.6)",70.3,"(66.6, 74.1)",81.4,"(79.0, 83.8)",56.2,"(51.8, 60.6)",9.7,"( 8.4, 11.2)",17.9,"(15.3, 20.8)",53.1,"(49.8, 56.6)",23.7,"(20.5, 27.1)",13.8,"(12.1, 15.6)",26.5,"(23.3, 29.9)",33.9,"(30.4, 37.6)",26.9,"(22.9, 31.0)",62.7,"(55.8, 69.8)",18.4,"(16.4, 20.7)",34.2,"(29.1, 39.6)",18,"(15.9, 20.2)",35.9,"(31.8, 40.3)",4.7,"( 4.3,  5.2)",25.5,"(22.0, 29.3)",10.4,"( 9.2, 11.6)",8.3,"( 7.4,  9.2)",18.9,"(16.6, 21.3)",18.5,"(16.2, 21.0)",6.1,"( 5.5,  6.9)",12.2,"(10.8, 13.8)",39.9,"(35.6, 44.3)",35.6,"(31.5, 40.0)",22.4,"(19.2, 26.1)",23,"(20.0, 26.4)",17.4,"(15.2, 19.8)",14.2,"(12.5, 16.1)",12.9,"(11.3, 14.6)",24.9,"(21.6, 28.4)",POINT (-108.0023045 36.8013172)
NM,New Mexico,San Juan,35045,35045000610,3935,"3,104",12.5,"(10.3, 14.7)",27.1,"(24.2, 30.0)",13.4,"(11.0, 15.9)",32,"(28.6, 35.4)",74.1,"(70.9, 77.1)",8.1,"( 7.3,  9.0)",10.9,"( 9.6, 12.3)",7.5,"( 6.6,  8.3)",69.9,"(66.1, 73.6)",82.5,"(80.2, 84.8)",60.8,"(56.6, 65.1)",8.2,"( 6.9,  9.5)",15.6,"(12.9, 18.3)",58.2,"(54.9, 61.5)",23.4,"(20.1, 26.8)",12,"(10.3, 13.6)",22.8,"(19.7, 26.1)",33.3,"(29.8, 36.9)",23.6,"(19.6, 27.5)",63.8,"(56.7, 70.5)",17.6,"(15.4, 19.8)",31.7,"(26.6, 36.9)",16.2,"(14.1, 18.2)",34.8,"(30.8, 39.1)",4,"( 3.6,  4.5)",17.2,"(14.5, 20.2)",9.1,"( 8.0, 10.2)",6.6,"( 5.8,  7.4)",17.2,"(14.9, 19.5)",15.8,"(13.5, 18.1)",4.9,"( 4.3,  5.5)",10.3,"( 8.9, 11.7)",36.1,"(31.7, 40.4)",35.8,"(31.6, 40.5)",16.3,"(13.7, 19.4)",18.5,"(15.8, 21.6)",14.7,"(12.7, 17.1)",11,"( 9.6, 12.8)",10.5,"( 9.1, 12.0)",24.6,"(21.4, 28.5)",POINT (-107.96042 36.8272079)
NM,New Mexico,San Juan,35045,35045000611,3227,"2,548",9.7,"( 8.1, 11.6)",29.4,"(26.3, 32.5)",13.1,"(10.8, 15.7)",34.1,"(30.7, 37.8)",75.9,"(72.5, 79.2)",9.4,"( 8.5, 10.3)",10.6,"( 9.4, 11.9)",8,"( 7.1,  8.9)",72,"(68.3, 75.5)",85.5,"(83.4, 87.4)",62.7,"(58.6, 66.8)",8.4,"( 7.2,  9.8)",15.2,"(12.9, 17.8)",61.9,"(58.7, 65.2)",22.8,"(19.7, 26.2)",12.2,"(10.5, 13.9)",21.1,"(18.2, 24.2)",35.1,"(31.5, 38.8)",21.9,"(18.4, 25.7)",63.2,"(56.3, 70.0)",16.3,"(14.5, 18.4)",31.4,"(26.4, 36.7)",15.8,"(13.9, 17.9)",33.4,"(29.5, 37.7)",4.2,"( 3.7,  4.6)",19.9,"(17.1, 23.1)",9.4,"( 8.3, 10.6)",5.7,"( 5.1,  6.5)",15.3,"(13.4, 17.5)",15.5,"(13.4, 17.8)",4.7,"( 4.1,  5.3)",9.3,"( 8.2, 10.6)",34.5,"(30.5, 38.7)",33.8,"(29.7, 38.2)",13.2,"(11.1, 15.6)",14.7,"(12.5, 17.1)",12,"(10.2, 13.8)",9.4,"( 8.0, 10.8)",8.5,"( 7.4,  9.7)",23.3,"(20.1, 26.7)",POINT (-107.933765 36.9293324)
NM,New Mexico,San Juan,35045,35045000612,2061,"1,499",15.6,"(12.6, 18.8)",27.7,"(24.9, 30.7)",12.7,"(10.4, 15.3)",33.7,"(30.4, 37.3)",72.7,"(69.4, 75.7)",7.2,"( 6.5,  7.9)",11.8,"(10.4, 13.3)",8.5,"( 7.5,  9.5)",68.7,"(64.7, 72.6)",78.2,"(75.4, 80.9)",54.7,"(50.4, 58.9)",10.4,"( 9.0, 12.1)",20.1,"(16.8, 23.3)",53.5,"(50.2, 56.9)",25.5,"(22.2, 29.2)",14.1,"(12.2, 16.1)",29.3,"(25.5, 33.2)",32.4,"(29.1, 36.0)",29,"(24.5, 33.8)",59.1,"(51.8, 66.1)",20.4,"(17.9, 23.0)",36.1,"(30.9, 41.6)",19.1,"(16.7, 21.5)",36,"(31.9, 40.4)",4.8,"( 4.3,  5.4)",25.1,"(21.6, 29.0)",10.4,"( 9.1, 11.7)",9.7,"( 8.6, 11.0)",21.5,"(18.6, 24.4)",19.5,"(17.0, 22.3)",7,"( 6.2,  8.0)",14.2,"(12.3, 16.2)",42.3,"(37.5, 47.1)",36.9,"(32.5, 41.6)",29.2,"(25.1, 34.0)",28.3,"(24.5, 32.9)",20.9,"(18.2, 24.2)",17.8,"(15.6, 20.3)",16,"(14.0, 18.4)",25.3,"(21.8, 29.1)",POINT (-108.0280963 36.833865)
NM,New Mexico,San Juan,35045,35045000613,3737,"2,846",11.9,"(10.2, 13.8)",28.9,"(26.0, 32.0)",12.9,"(10.6, 15.4)",34.1,"(30.7, 37.7)",75.3,"(71.9, 78.5)",8.6,"( 7.8,  9.4)",10.9,"( 9.6, 12.3)",8.2,"( 7.3,  9.0)",70.8,"(67.1, 74.4)",83.5,"(81.4, 85.4)",58.4,"(54.0, 62.8)",8.9,"( 7.8, 10.0)",16.7,"(14.5, 19.1)",57.9,"(54.7, 61.3)",23.4,"(20.2, 26.8)",12.9,"(11.2, 14.7)",23.6,"(20.9, 26.4)",34.4,"(30.8, 38.1)",24.6,"(21.0, 28.4)",61.9,"(54.7, 68.8)",17.6,"(15.7, 19.7)",32.8,"(27.7, 38.1)",16.9,"(15.0, 18.9)",34.6,"(30.6, 38.9)",4.4,"( 4.0,  4.7)",20.4,"(17.4, 23.7)",9.7,"( 8.6, 10.8)",6.7,"( 6.1,  7.4)",17.2,"(15.3, 19.2)",16.7,"(14.7, 18.8)",5.2,"( 4.7,  5.7)",10.6,"( 9.4, 11.7)",37.2,"(33.1, 41.2)",35.4,"(31.4, 39.7)",16.9,"(14.5, 19.3)",18.5,"(16.1, 21.1)",14.7,"(12.9, 16.7)",11.3,"( 9.9, 12.8)",10.4,"( 9.2, 11.6)",24.8,"(21.7, 28.2)",POINT (-108.090614 36.8432497)
NM,New Mexico,San Juan,35045,35045000614,2871,"2,002",13.8,"(11.6, 16.0)",24.6,"(22.0, 27.3)",14,"(11.4, 16.7)",30.1,"(26.9, 33.4)",70.9,"(67.4, 74.2)",6.7,"( 6.0,  7.3)",11.4,"(10.0, 12.8)",6.7,"( 6.0,  7.5)",67.9,"(63.6, 71.7)",80.4,"(77.8, 82.7)",58.3,"(54.1, 62.6)",7.7,"( 6.7,  8.8)",17.6,"(15.0, 20.2)",60.8,"(57.5, 64.1)",24,"(20.7, 27.3)",11.7,"(10.2, 13.3)",24,"(21.1, 27.0)",31,"(27.7, 34.4)",24.4,"(20.9, 28.2)",63.8,"(56.8, 70.3)",19.2,"(17.1, 21.5)",33.4,"(28.4, 38.7)",16.5,"(14.6, 18.5)",35.4,"(31.3, 39.8)",3.8,"( 3.4,  4.1)",18.2,"(15.4, 21.5)",8.4,"( 7.4,  9.4)",7,"( 6.3,  7.7)",18.8,"(16.6, 21.1)",15.2,"(13.2, 17.2)",5,"( 4.4,  5.5)",10.9,"( 9.6, 12.2)",36.8,"(32.8, 41.0)",37.5,"(33.2, 41.9)",19.5,"(16.7, 22.5)",22.3,"(19.6, 25.7)",18,"(15.7, 20.5)",13.5,"(11.8, 15.4)",12.6,"(11.2, 14.3)",26.8,"(23.3, 30.5)",POINT (-108.0175174 36.7773289)
NM,New Mexico,San Juan,35045,35045000615,2951,"2,151",14,"(11.5, 16.7)",25.9,"(23.2, 28.7)",13.4,"(11.0, 16.1)",32.1,"(28.7, 35.5)",71.4,"(67.8, 74.7)",6.7,"( 6.0,  7.4)",11.7,"(10.4, 13.2)",7.3,"( 6.5,  8.1)",68.6,"(64.3, 72.4)",80.3,"(77.6, 82.7)",50.5,"(46.2, 55.0)",8.6,"( 7.5,  9.7)",19.6,"(16.9, 22.5)",48.9,"(45.5, 52.4)",24,"(20.8, 27.5)",13.2,"(11.6, 15.1)",26.4,"(23.4, 29.7)",31.7,"(28.4, 35.2)",26,"(22.2, 30.1)",56.4,"(49.4, 63.6)",19.6,"(17.5, 22.0)",35.6,"(30.2, 41.1)",17.8,"(15.8, 19.9)",38.6,"(34.4, 43.2)",4.1,"( 3.7,  4.5)",30.8,"(26.7, 35.3)",9,"( 8.0, 10.1)",8.1,"( 7.3,  9.0)",19.5,"(17.2, 22.0)",16.8,"(14.8, 19.0)",5.7,"( 5.1,  6.4)",11.9,"(10.6, 13.4)",38.8,"(34.7, 43.2)",36.9,"(32.7, 41.4)",23.7,"(20.4, 27.2)",25.9,"(22.5, 29.6)",20.3,"(17.7, 23.2)",16.2,"(14.1, 18.4)",14.7,"(12.9, 16.7)",26.8,"(23.3, 30.5)",POINT (-108.1135638 36.7569737)
NM,New Mexico,San Juan,35045,35045000702,913,723,9,"( 7.6, 10.7)",27.7,"(24.7, 30.7)",13.2,"(10.8, 15.8)",32.7,"(29.2, 36.1)",76.2,"(72.6, 79.4)",9.1,"( 8.2, 10.1)",10.1,"( 8.9, 11.4)",7,"( 6.3,  7.8)",72.7,"(69.0, 76.3)",87.1,"(85.4, 88.8)",66.7,"(62.6, 70.7)",6.7,"( 5.8,  7.6)",12.3,"(10.4, 14.3)",70.7,"(67.8, 73.6)",21,"(18.1, 24.1)",11.6,"(10.0, 13.2)",18.3,"(16.1, 20.7)",34.7,"(31.0, 38.4)",19.8,"(16.7, 22.9)",66.5,"(59.6, 72.8)",14.9,"(13.1, 16.7)",30.2,"(25.4, 35.2)",14.2,"(12.5, 15.9)",31.5,"(27.7, 35.7)",3.7,"( 3.3,  4.0)",12.9,"(10.7, 15.3)",8.5,"( 7.5,  9.4)",5,"( 4.5,  5.5)",13.4,"(11.8, 15.1)",13.4,"(11.7, 15.2)",3.9,"( 3.5,  4.3)",7.8,"( 6.9,  8.7)",31.3,"(27.5, 34.9)",32.9,"(28.9, 37.1)",9.9,"( 8.2, 11.8)",12.5,"(10.6, 14.5)",10.9,"( 9.2, 12.5)",8,"( 6.9,  9.2)",7.4,"( 6.5,  8.4)",22.6,"(19.6, 25.9)",POINT (-107.8035378 36.6561619)
NM,New Mexico,San Juan,35045,35045000705,3350,"2,407",15.6,"(12.8, 18.6)",26.3,"(23.5, 29.1)",12.9,"(10.6, 15.5)",32,"(28.5, 35.4)",73,"(69.6, 76.1)",7.3,"( 6.6,  8.1)",11.3,"(10.0, 12.7)",7.6,"( 6.6,  8.5)",69.1,"(65.1, 72.9)",81,"(78.5, 83.5)",56.4,"(52.0, 60.9)",8.4,"( 7.1,  9.6)",17.3,"(14.6, 20.0)",56.5,"(53.2, 59.9)",23.1,"(19.9, 26.5)",12.9,"(11.1, 14.7)",25.9,"(22.7, 29.3)",32.5,"(29.0, 36.0)",26.3,"(22.5, 30.5)",61.5,"(54.5, 68.3)",18.5,"(16.4, 20.8)",33.2,"(28.1, 38.7)",17.3,"(15.2, 19.4)",35.7,"(31.6, 40.1)",4.2,"( 3.7,  4.7)",19.2,"(16.5, 22.2)",9.4,"( 8.3, 10.6)",7.9,"( 7.0,  8.8)",18.9,"(16.5, 21.4)",17.1,"(14.7, 19.3)",5.5,"( 4.8,  6.1)",11.5,"(10.1, 13.1)",38.8,"(34.6, 43.2)",37.4,"(33.1, 42.1)",21,"(17.7, 24.6)",24.1,"(20.6, 28.0)",18.6,"(16.2, 21.7)",13.8,"(12.0, 15.9)",13.3,"(11.6, 15.3)",26.8,"(23.3, 30.8)",POINT (-107.9760382 36.7232205)
NM,New Mexico,San Juan,35045,35045000706,2650,"2,073",17.8,"(15.2, 20.5)",30,"(27.0, 33.0)",11.4,"( 9.3, 13.8)",37.4,"(33.8, 40.9)",76.7,"(73.4, 79.7)",7.9,"( 7.2,  8.7)",10.5,"( 9.2, 11.8)",9.5,"( 8.5, 10.5)",71.1,"(67.3, 74.7)",82.8,"(80.6, 84.7)",58.8,"(54.5, 63.2)",10,"( 9.0, 11.3)",18.1,"(15.7, 20.6)",55.5,"(52.2, 58.9)",21.7,"(18.7, 24.9)",16.6,"(14.7, 18.7)",29.8,"(26.7, 33.0)",36.5,"(32.9, 40.3)",30.7,"(26.8, 35.0)",63,"(56.1, 69.9)",17.2,"(15.3, 19.3)",35.8,"(30.4, 41.2)",19.2,"(17.3, 21.4)",34.7,"(30.6, 39.0)",5.1,"( 4.7,  5.5)",20.1,"(17.1, 23.6)",10.9,"( 9.7, 12.1)",9.5,"( 8.7, 10.4)",18.7,"(16.7, 20.9)",20.7,"(18.5, 23.1)",6.9,"( 6.3,  7.6)",12.1,"(10.9, 13.4)",41.5,"(37.5, 45.8)",35.3,"(31.3, 39.8)",23.8,"(20.7, 27.2)",25.8,"(22.7, 29.0)",19,"(16.7, 21.4)",14.4,"(12.7, 16.2)",13.1,"(11.6, 14.6)",25.9,"(22.6, 29.4)",POINT (-107.7167071 36.8766232)
NM,New Mexico,San Juan,35045,35045000707,4033,"2,806",17.3,"(14.8, 20.3)",29.1,"(26.3, 32.0)",11.9,"( 9.7, 14.3)",36.8,"(33.4, 40.3)",73.4,"(70.4, 76.2)",6.8,"( 6.2,  7.5)",12.2,"(10.9, 13.8)",9.7,"( 8.8, 10.7)",69.3,"(65.4, 73.1)",77.3,"(74.5, 79.9)",51.7,"(47.2, 56.3)",11.7,"(10.4, 13.2)",23.3,"(20.4, 26.3)",49.9,"(46.5, 53.4)",25.6,"(22.3, 29.2)",17.2,"(15.3, 19.3)",34.1,"(30.5, 37.6)",33.4,"(30.0, 36.8)",33.1,"(28.9, 37.5)",59,"(51.5, 66.0)",21.5,"(19.3, 24.0)",39.8,"(34.5, 45.4)",21.3,"(19.0, 23.7)",38.4,"(34.2, 43.0)",5.6,"( 5.1,  6.1)",27,"(23.3, 30.8)",11.7,"(10.5, 13.0)",12.3,"(11.1, 13.5)",23.2,"(20.7, 25.8)",22.7,"(20.1, 25.2)",8.5,"( 7.6,  9.4)",16.3,"(14.6, 18.1)",46.4,"(42.0, 50.7)",37,"(32.7, 41.6)",38.4,"(34.2, 42.8)",36.2,"(32.3, 40.2)",25.9,"(22.9, 29.1)",23,"(20.5, 25.8)",20.3,"(18.1, 22.7)",26.3,"(22.9, 30.1)",POINT (-107.9982898 36.7286918)
NM,New Mexico,San Juan,35045,35045000708,3840,"2,815",17.7,"(14.9, 20.5)",27.1,"(24.2, 29.9)",12.4,"(10.2, 14.9)",34.1,"(30.6, 37.4)",73.7,"(70.5, 76.8)",7.1,"( 6.4,  7.8)",11.2,"( 9.8, 12.5)",8.4,"( 7.5,  9.3)",68.9,"(65.1, 72.8)",79.9,"(77.5, 82.3)",53.3,"(48.9, 57.8)",9.3,"( 8.3, 10.5)",19.2,"(16.6, 21.7)",48.1,"(44.8, 51.5)",22.7,"(19.6, 25.9)",14.8,"(12.9, 16.7)",29.2,"(26.0, 32.5)",33.5,"(30.1, 37.1)",29.4,"(25.2, 33.5)",59,"(51.9, 66.1)",18.8,"(16.7, 20.9)",35.2,"(29.9, 40.5)",18.7,"(16.7, 20.8)",37.1,"(33.0, 41.6)",4.7,"( 4.3,  5.1)",29.9,"(25.8, 34.2)",10.2,"( 9.1, 11.4)",9.4,"( 8.5, 10.3)",20.1,"(17.8, 22.4)",19.2,"(17.0, 21.5)",6.4,"( 5.8,  7.1)",12.7,"(11.3, 14.1)",41.5,"(37.3, 45.6)",37.3,"(33.0, 42.0)",25.6,"(22.2, 29.2)",28.2,"(24.8, 31.9)",21,"(18.3, 23.9)",15.9,"(14.0, 18.1)",15,"(13.3, 17.0)",27.4,"(24.0, 31.3)",POINT (-108.055835 36.7147186)
NM,New Mexico,San Juan,35045,35045000900,1990,"1,472",13.3,"(11.0, 15.9)",27,"(24.3, 30.1)",13.1,"(10.8, 15.8)",32.8,"(29.5, 36.3)",74.5,"(70.9, 77.7)",7.9,"( 7.1,  8.8)",10.4,"( 9.2, 11.8)",7.3,"( 6.5,  8.2)",70.4,"(66.5, 74.1)",84,"(81.8, 86.2)",62.9,"(58.7, 67.2)",7.6,"( 6.5,  8.9)",15.4,"(13.0, 18.1)",62.9,"(59.7, 66.1)",21.9,"(18.9, 25.1)",12.8,"(11.1, 14.7)",22.9,"(20.0, 26.1)",33.8,"(30.3, 37.5)",24.1,"(20.4, 28.4)",66.9,"(60.1, 73.4)",16.7,"(14.9, 18.9)",33,"(28.0, 38.4)",16.2,"(14.3, 18.3)",33.7,"(29.7, 38.0)",3.9,"( 3.5,  4.4)",19.4,"(16.5, 22.7)",8.9,"( 7.8, 10.0)",6.5,"( 5.8,  7.3)",16.3,"(14.3, 18.5)",15.6,"(13.5, 17.9)",4.8,"( 4.3,  5.4)",9.6,"( 8.4, 10.9)",35.4,"(31.3, 39.9)",35,"(30.7, 39.5)",15.7,"(13.0, 18.6)",18.7,"(15.8, 21.9)",15.5,"(13.2, 18.0)",11.3,"( 9.7, 13.0)",10.2,"( 8.9, 11.7)",25.2,"(21.7, 28.9)",POINT (-108.0656041 36.6823749)
NM,New Mexico,San Juan,35045,35045942801,2408,"1,879",12.2,"( 9.9, 14.8)",32.3,"(29.1, 35.4)",11.7,"( 9.6, 14.1)",40.6,"(36.9, 44.2)",74.7,"(71.5, 77.6)",6.9,"( 6.2,  7.6)",14.8,"(13.0, 16.6)",11.1,"(10.0, 12.3)",70.8,"(66.9, 74.6)",78.8,"(76.1, 81.5)",51.3,"(46.9, 55.9)",12.8,"(11.3, 14.6)",30.6,"(26.8, 34.7)",45.1,"(41.7, 48.6)",24.5,"(21.1, 28.2)",21.2,"(18.8, 23.7)",37,"(33.3, 41.1)",33.4,"(29.8, 37.1)",32.5,"(28.2, 37.4)",52.3,"(45.3, 59.9)",23.1,"(20.5, 25.7)",41.1,"(35.4, 46.7)",24.1,"(21.6, 26.8)",42.7,"(38.2, 47.3)",7,"( 6.4,  7.7)",38.3,"(33.7, 43.1)",14.6,"(13.1, 16.3)",13.8,"(12.5, 15.3)",24.1,"(21.3, 27.1)",26.6,"(23.8, 29.6)",8.8,"( 7.8,  9.8)",17.7,"(15.8, 19.8)",51,"(46.7, 55.6)",39.5,"(35.1, 44.3)",39.4,"(34.8, 44.2)",41.4,"(36.9, 45.8)",28.9,"(25.5, 32.5)",25.6,"(22.9, 28.8)",24.3,"(21.8, 27.1)",32.5,"(28.6, 36.9)",POINT (-108.7798134 36.8140836)
NM,New Mexico,San Juan,35045,35045942802,5739,"4,204",10.9,"( 8.1, 13.9)",28.7,"(25.7, 31.7)",12.5,"(10.3, 15.1)",35.7,"(32.1, 39.2)",72.7,"(69.2, 75.8)",6.4,"( 5.6,  7.1)",14.5,"(12.8, 16.3)",8.8,"( 7.7,  9.9)",70.1,"(66.1, 73.9)",79.6,"(76.6, 82.4)",51.9,"(47.3, 56.6)",10,"( 8.4, 11.7)",26.1,"(22.1, 30.3)",47.4,"(44.1, 50.9)",24.3,"(21.0, 27.8)",17.4,"(15.2, 19.7)",31.3,"(27.1, 35.8)",31.1,"(27.6, 34.6)",27.9,"(23.7, 32.9)",51.1,"(43.5, 58.7)",22.4,"(19.7, 25.1)",37.9,"(32.2, 43.4)",21,"(18.4, 23.8)",41.8,"(37.4, 46.4)",5.6,"( 4.9,  6.3)",31.2,"(26.9, 35.6)",12,"(10.6, 13.5)",10.8,"( 9.3, 12.4)",22,"(18.9, 25.4)",21.7,"(18.8, 24.8)",6.7,"( 5.7,  7.8)",15,"(12.9, 17.3)",45.8,"(40.9, 50.9)",39.9,"(35.2, 44.7)",30.5,"(25.0, 35.9)",34.6,"(28.7, 40.4)",25.4,"(21.4, 29.4)",21.3,"(18.4, 24.2)",20.7,"(17.5, 23.8)",31.9,"(27.5, 36.4)",POINT (-108.6723095 36.793597)
NM,New Mexico,San Juan,35045,35045942803,2574,"1,772",12.7,"( 9.9, 16.0)",28.8,"(26.0, 31.8)",12.1,"( 9.8, 14.5)",36.9,"(33.5, 40.4)",71.5,"(68.2, 74.5)",5.8,"( 5.2,  6.5)",15,"(13.3, 16.9)",9.6,"( 8.5, 10.7)",69.1,"(64.9, 72.9)",75.8,"(72.5, 79.2)",47.3,"(42.7, 52.0)",11.8,"(10.0, 13.9)",30.4,"(25.8, 35.0)",44.4,"(41.2, 47.9)",25.8,"(22.4, 29.4)",18.7,"(16.5, 21.1)",36.3,"(31.6, 41.0)",30.6,"(27.3, 34.0)",32.1,"(27.3, 37.1)",50.9,"(43.6, 58.7)",24.5,"(21.7, 27.4)",40.8,"(35.4, 46.5)",23.1,"(20.3, 26.1)",42.5,"(38.0, 47.2)",6.2,"( 5.5,  7.0)",37.6,"(32.6, 42.6)",13,"(11.6, 14.5)",13.8,"(12.0, 15.7)",25.4,"(22.0, 28.8)",24.3,"(21.2, 27.8)",8.4,"( 7.2,  9.7)",18.3,"(15.8, 21.1)",50,"(45.0, 55.0)",40.6,"(35.9, 45.5)",42.8,"(36.5, 48.8)",43.8,"(37.8, 49.5)",30.8,"(26.4, 35.3)",27.7,"(23.9, 31.5)",26.3,"(22.7, 30.0)",32.2,"(27.9, 36.8)",POINT (-108.7058122 36.7625603)
NM,New Mexico,San Juan,35045,35045942900,4283,"3,308",13.6,"(11.5, 16.1)",33.2,"(30.1, 36.3)",11.2,"( 9.2, 13.5)",41.7,"(38.0, 45.3)",75.3,"(72.3, 78.1)",7.1,"( 6.4,  7.8)",14.7,"(13.1, 16.4)",11.8,"(10.7, 12.9)",70.8,"(67.1, 74.5)",78.1,"(75.7, 80.6)",48.9,"(44.4, 53.5)",13.8,"(12.3, 15.4)",31.8,"(28.2, 35.3)",42.9,"(39.7, 46.3)",24.1,"(20.9, 27.6)",22,"(19.6, 24.4)",39.1,"(35.3, 42.6)",34,"(30.4, 37.5)",34.7,"(30.2, 39.1)",51.7,"(44.4, 59.2)",23.1,"(20.7, 25.6)",40.8,"(35.2, 46.4)",25,"(22.4, 27.5)",42.6,"(38.3, 47.2)",7.5,"( 6.9,  8.2)",48.4,"(43.7, 53.5)",15.6,"(14.1, 17.2)",15,"(13.7, 16.3)",25,"(22.4, 27.6)",28.5,"(25.6, 31.2)",9.4,"( 8.5, 10.3)",18.9,"(17.0, 20.8)",53,"(48.6, 57.1)",40.1,"(35.6, 44.8)",41.7,"(37.5, 45.9)",43.5,"(39.4, 47.8)",29.5,"(26.2, 33.0)",26.1,"(23.4, 29.1)",25.2,"(22.7, 28.0)",33.3,"(29.4, 37.6)",POINT (-108.8319826 36.3836833)
NM,New Mexico,San Juan,35045,35045943000,4326,"3,133",14.1,"(11.8, 16.7)",32,"(28.9, 35.1)",11.4,"( 9.3, 13.7)",40.5,"(36.8, 44.1)",73.7,"(70.6, 76.6)",6.3,"( 5.7,  7.0)",15.3,"(13.5, 17.0)",11.2,"(10.0, 12.3)",69.8,"(66.0, 73.5)",76.3,"(73.6, 78.8)",46.9,"(42.3, 51.5)",14.1,"(12.5, 15.6)",33.9,"(29.9, 37.8)",42.4,"(39.1, 45.8)",25.7,"(22.2, 29.2)",21.5,"(19.1, 24.0)",40.2,"(36.3, 43.9)",32.8,"(29.4, 36.3)",35.6,"(31.0, 40.1)",50.5,"(43.0, 57.9)",24.8,"(22.2, 27.3)",42.3,"(36.7, 48.1)",25.4,"(22.9, 28.0)",43.4,"(39.0, 48.1)",7.3,"( 6.6,  7.9)",41.5,"(36.6, 46.4)",14.7,"(13.2, 16.2)",15.7,"(14.2, 17.0)",26.7,"(23.8, 29.4)",28.2,"(25.3, 30.9)",9.8,"( 8.8, 10.8)",20,"(18.0, 22.1)",53.5,"(48.9, 57.7)",40.8,"(36.4, 45.5)",47,"(42.4, 51.6)",47.4,"(42.9, 51.9)",32.5,"(28.8, 36.3)",29.3,"(26.2, 32.4)",27.8,"(24.8, 30.7)",33.5,"(29.5, 37.6)",POINT (-108.4351236 36.4786969)
NM,New Mexico,San Juan,35045,35045943100,1739,"1,359",13.3,"(11.0, 15.8)",33.7,"(30.7, 37.0)",10.8,"( 8.8, 13.0)",42.1,"(38.5, 45.8)",76.4,"(73.5, 79.0)",7.5,"( 6.7,  8.2)",14.7,"(13.1, 16.5)",12.4,"(11.2, 13.8)",71.7,"(68.0, 75.3)",78.7,"(76.3, 81.2)",51,"(46.5, 55.6)",13.9,"(12.3, 15.6)",30.2,"(26.6, 33.9)",44.1,"(40.8, 47.5)",24.1,"(21.0, 27.7)",22.2,"(19.9, 24.8)",38.7,"(35.0, 42.6)",34.3,"(30.8, 37.9)",34.5,"(30.0, 39.2)",52.7,"(45.9, 60.0)",22.7,"(20.3, 25.3)",40.4,"(35.0, 46.2)",24.7,"(22.3, 27.4)",41.5,"(37.1, 46.2)",7.8,"( 7.1,  8.5)",37.3,"(32.8, 41.9)",16.3,"(14.7, 18.0)",15.1,"(13.7, 16.6)",24.5,"(21.9, 27.4)",28.6,"(25.8, 31.7)",9.3,"( 8.4, 10.3)",18.8,"(16.9, 21.0)",53,"(48.6, 57.5)",39.6,"(35.1, 44.2)",41,"(36.4, 45.4)",42.5,"(38.0, 46.8)",28.5,"(25.1, 31.9)",25.3,"(22.5, 28.3)",24.8,"(22.1, 27.5)",32.2,"(28.3, 36.4)",POINT (-108.6704111 36.0841306)
NM,New Mexico,San Juan,35045,35045943201,5229,"3,837",16,"(13.7, 18.4)",31.3,"(28.3, 34.4)",11.5,"( 9.4, 13.9)",39.6,"(36.0, 43.2)",73.7,"(70.5, 76.6)",6.5,"( 5.8,  7.2)",14.5,"(12.9, 16.3)",11.1,"(10.0, 12.3)",69.1,"(65.0, 72.9)",76.3,"(73.6, 78.8)",50.1,"(45.6, 54.8)",13.8,"(12.4, 15.4)",31.9,"(28.5, 35.4)",43.4,"(40.2, 46.9)",25.2,"(21.9, 28.9)",20.5,"(18.2, 22.9)",39.4,"(35.8, 43.0)",33.5,"(30.1, 37.1)",35.3,"(30.9, 39.9)",52.4,"(45.2, 60.0)",23.8,"(21.3, 26.4)",40.9,"(35.3, 46.7)",24.7,"(22.3, 27.4)",41.8,"(37.5, 46.5)",6.9,"( 6.4,  7.5)",43.8,"(39.0, 48.9)",14.2,"(12.8, 15.8)",14.8,"(13.6, 16.1)",26.2,"(23.5, 29.0)",27.2,"(24.6, 30.0)",9.5,"( 8.7, 10.4)",19.1,"(17.2, 21.0)",52.3,"(48.0, 56.6)",40.7,"(36.4, 45.2)",43.7,"(39.5, 47.8)",44.7,"(40.8, 48.5)",30.8,"(27.5, 34.1)",26.6,"(23.8, 29.3)",25.6,"(23.1, 28.2)",33.1,"(29.3, 37.1)",POINT (-107.9727547 36.3192698)
NM,New Mexico,San Juan,35045,35045943300,2078,"1,559",11.3,"( 9.4, 13.3)",29.7,"(26.8, 32.8)",12.8,"(10.5, 15.3)",35.4,"(32.0, 38.9)",75,"(71.7, 78.1)",8.5,"( 7.6,  9.3)",11.4,"(10.1, 12.9)",8.7,"( 7.7,  9.7)",70.8,"(66.9, 74.5)",82.2,"(79.7, 84.6)",58,"(53.7, 62.3)",10,"( 8.8, 11.4)",18.7,"(16.1, 21.5)",55.7,"(52.4, 59.1)",24.6,"(21.2, 28.0)",13.9,"(12.2, 15.8)",25.4,"(22.5, 28.5)",34.6,"(31.1, 38.2)",25.1,"(21.5, 28.9)",59.4,"(52.1, 66.4)",18.6,"(16.5, 20.8)",34.6,"(29.5, 40.0)",17.8,"(15.9, 19.9)",35.9,"(31.8, 40.2)",4.7,"( 4.2,  5.1)",20,"(17.0, 23.4)",10.1,"( 9.0, 11.3)",7.6,"( 6.8,  8.4)",18.3,"(16.2, 20.6)",17.9,"(15.7, 20.1)",6,"( 5.3,  6.7)",11.8,"(10.5, 13.1)",38.7,"(34.6, 42.8)",34.8,"(30.6, 39.5)",21.4,"(18.0, 25.0)",21.3,"(18.2, 24.7)",16.1,"(13.8, 18.6)",13.6,"(11.8, 15.6)",12.2,"(10.6, 13.9)",24.1,"(20.7, 28.0)",POINT (-108.313136 36.9046523)
NM,New Mexico,San Miguel,35047,35047957200,3851,"2,992",22.5,"(17.9, 27.4)",27.1,"(23.8, 30.7)",11.8,"( 9.4, 14.5)",37.1,"(32.9, 41.5)",76.2,"(72.8, 79.4)",6.4,"( 5.7,  7.1)",9.2,"( 8.0, 10.5)",8.6,"( 7.5,  9.7)",70.6,"(66.2, 74.8)",83.9,"(81.4, 86.4)",54.2,"(48.5, 59.8)",6.6,"( 5.5,  7.8)",12.4,"(10.1, 15.0)",53.6,"(49.6, 57.6)",20,"(16.8, 23.6)",18.7,"(16.2, 21.5)",31.6,"(27.2, 36.3)",37,"(32.5, 41.5)",34.8,"(29.1, 40.9)",66.6,"(57.7, 74.9)",15.2,"(13.2, 17.5)",39.7,"(31.9, 47.7)",18.2,"(15.7, 20.9)",37.4,"(31.1, 44.2)",4.5,"( 4.0,  5.1)",16,"(13.0, 19.4)",9.7,"( 8.5, 11.0)",10.8,"( 9.4, 12.4)",16.9,"(14.4, 19.9)",20.9,"(17.8, 24.2)",6.8,"( 5.8,  7.8)",10.8,"( 9.2, 12.6)",40,"(34.6, 45.7)",34.1,"(29.0, 39.8)",23.9,"(19.3, 28.9)",29.3,"(24.2, 35.0)",22,"(18.3, 25.9)",14.4,"(12.1, 16.8)",13.8,"(11.7, 16.2)",24.7,"(20.7, 29.0)",POINT (-105.2211779 35.6473732)
NM,New Mexico,San Miguel,35047,35047957300,3098,"2,602",16.7,"(13.1, 20.9)",22.8,"(19.9, 25.9)",14.1,"(11.5, 17.2)",31.3,"(27.4, 35.3)",73.2,"(70.1, 76.2)",6.2,"( 5.5,  6.9)",9.2,"( 8.1, 10.5)",6.5,"( 5.7,  7.4)",68.7,"(64.1, 73.1)",82,"(79.1, 84.7)",55.4,"(49.9, 60.7)",5.1,"( 4.3,  6.1)",10.2,"( 8.3, 12.2)",63,"(59.2, 66.6)",20.9,"(17.6, 24.6)",13.5,"(11.5, 15.5)",23.6,"(20.0, 27.5)",33.1,"(29.0, 37.4)",27,"(22.1, 31.9)",70.9,"(62.6, 78.5)",15.7,"(13.6, 18.0)",34.2,"(27.1, 41.9)",14.5,"(12.4, 16.7)",34.2,"(28.2, 40.7)",3.4,"( 3.0,  3.8)",13.7,"(11.1, 16.8)",7.8,"( 6.7,  8.8)",7.3,"( 6.3,  8.4)",15.5,"(13.1, 18.1)",14.9,"(12.5, 17.4)",4.4,"( 3.8,  5.2)",8.8,"( 7.4, 10.2)",34.3,"(29.2, 39.3)",35.6,"(30.1, 41.2)",15.3,"(12.2, 18.8)",21,"(17.0, 25.4)",16.3,"(13.5, 19.4)",10.2,"( 8.6, 12.0)",10.9,"( 9.2, 12.8)",24.5,"(20.6, 28.8)",POINT (-105.2055159 35.6075028)
NM,New Mexico,San Miguel,35047,35047957400,4067,"3,282",22.4,"(17.8, 27.6)",26.2,"(23.1, 29.6)",12.7,"(10.2, 15.6)",36.4,"(32.3, 40.9)",74.9,"(71.6, 77.9)",6.1,"( 5.4,  6.8)",9.2,"( 8.0, 10.5)",8.3,"( 7.3,  9.4)",69.2,"(64.6, 73.5)",82.2,"(79.5, 84.8)",55,"(49.1, 60.7)",6.7,"( 5.7,  7.9)",13.1,"(10.6, 15.9)",56.6,"(52.8, 60.5)",20.5,"(17.2, 24.3)",18.1,"(15.8, 20.7)",31.3,"(26.8, 36.1)",36.1,"(31.8, 40.7)",34.5,"(28.7, 40.5)",63.7,"(54.1, 72.4)",15.9,"(13.7, 18.2)",40,"(32.5, 48.2)",18.1,"(15.6, 20.7)",36,"(29.9, 42.8)",4.4,"( 3.9,  5.0)",14.2,"(11.6, 17.4)",9.5,"( 8.3, 10.7)",10.7,"( 9.2, 12.2)",17.4,"(14.8, 20.4)",20.2,"(17.3, 23.4)",6.7,"( 5.7,  7.7)",10.9,"( 9.3, 12.6)",40,"(34.6, 45.7)",34.5,"(29.0, 40.4)",24.5,"(19.8, 29.4)",29.7,"(24.4, 35.3)",22.2,"(18.3, 26.1)",14.8,"(12.4, 17.3)",14.2,"(11.9, 16.8)",25,"(20.9, 29.7)",POINT (-105.2113168 35.5806901)
NM,New Mexico,San Miguel,35047,35047957501,1685,"1,345",22,"(18.7, 25.7)",31.2,"(27.7, 35.0)",11.7,"( 9.4, 14.4)",41,"(36.7, 45.7)",77.9,"(74.7, 80.9)",8.2,"( 7.4,  9.0)",9.6,"( 8.4, 10.9)",10.5,"( 9.4, 11.6)",71.3,"(67.0, 75.5)",84.4,"(82.3, 86.4)",57.4,"(51.8, 62.9)",9,"( 8.0, 10.3)",15.1,"(12.9, 17.5)",56.2,"(52.3, 60.1)",21,"(17.7, 24.7)",19.3,"(16.8, 21.9)",32.5,"(28.9, 36.2)",39.2,"(34.7, 44.0)",35.4,"(30.2, 40.8)",64.2,"(54.9, 72.8)",15.8,"(14.0, 17.9)",39.4,"(31.8, 47.6)",19.5,"(17.3, 21.9)",36.2,"(30.0, 42.9)",5.3,"( 4.9,  5.8)",19.1,"(15.7, 22.8)",11.5,"(10.2, 12.9)",10.5,"( 9.5, 11.6)",17.5,"(15.5, 19.7)",22.7,"(20.0, 25.5)",7.1,"( 6.4,  7.9)",11.5,"(10.3, 12.9)",42.4,"(37.6, 47.4)",34.1,"(28.9, 39.6)",23.1,"(19.8, 26.7)",27.4,"(23.8, 31.3)",20,"(17.3, 22.9)",13.3,"(11.5, 15.2)",12.9,"(11.3, 14.6)",25.4,"(21.6, 29.6)",POINT (-104.4898381 35.4867015)
NM,New Mexico,San Miguel,35047,35047957502,2350,"1,934",13.8,"(11.4, 16.6)",25.3,"(22.2, 28.6)",13.9,"(11.3, 16.9)",33.1,"(29.1, 37.3)",75.9,"(72.5, 78.9)",7.7,"( 7.0,  8.6)",8.8,"( 7.7, 10.0)",6.9,"( 6.2,  7.7)",71,"(66.7, 75.1)",85.5,"(83.3, 87.6)",62.7,"(57.2, 68.0)",5.2,"( 4.5,  5.9)",9.1,"( 7.6, 10.7)",64.2,"(60.6, 67.8)",19.5,"(16.4, 23.1)",13.4,"(11.6, 15.4)",21.1,"(18.3, 24.0)",35.5,"(31.2, 40.0)",24.1,"(20.1, 28.5)",70.7,"(62.4, 78.3)",13.6,"(11.9, 15.5)",32.6,"(25.5, 40.1)",13.8,"(12.2, 15.6)",33.1,"(27.2, 39.5)",3.5,"( 3.2,  3.8)",11.3,"( 9.2, 13.8)",8.1,"( 7.2,  9.1)",6.1,"( 5.5,  6.8)",13,"(11.3, 14.9)",14.4,"(12.5, 16.4)",4,"( 3.5,  4.4)",7.4,"( 6.5,  8.4)",32,"(27.7, 36.5)",33,"(28.0, 38.6)",10.6,"( 8.7, 12.7)",15.5,"(12.9, 18.3)",12.5,"(10.6, 14.6)",7.7,"( 6.5,  9.0)",8.2,"( 7.0,  9.4)",22.7,"(19.2, 26.7)",POINT (-105.3063882 35.7588449)
NM,New Mexico,San Miguel,35047,35047957601,2101,"1,701",16.4,"(14.0, 19.2)",28.2,"(24.8, 31.9)",12.8,"(10.3, 15.6)",36.2,"(31.9, 40.7)",76.5,"(72.9, 79.9)",8.2,"( 7.4,  9.1)",9.2,"( 8.0, 10.5)",7.8,"( 7.0,  8.7)",72.1,"(67.9, 76.2)",87.6,"(85.8, 89.3)",61.2,"(55.9, 66.5)",6.3,"( 5.5,  7.1)",10.9,"( 9.3, 12.8)",66.3,"(62.8, 69.8)",19.9,"(16.7, 23.4)",15.4,"(13.3, 17.7)",24.3,"(21.3, 27.7)",37.6,"(33.1, 42.4)",26.9,"(22.5, 31.7)",71.5,"(63.1, 79.0)",13.6,"(11.9, 15.5)",35.8,"(28.6, 43.8)",15.8,"(13.8, 17.8)",33.8,"(27.8, 40.3)",4,"( 3.6,  4.3)",8.7,"( 7.0, 10.7)",8.8,"( 7.7,  9.9)",7.1,"( 6.4,  7.9)",13.5,"(11.9, 15.4)",16.8,"(14.6, 19.2)",4.9,"( 4.5,  5.5)",8.2,"( 7.3,  9.3)",34.1,"(29.6, 38.8)",31.9,"(26.8, 37.3)",13.4,"(11.4, 15.8)",18.2,"(15.7, 21.2)",14.9,"(12.8, 17.1)",9.4,"( 8.1, 10.8)",9,"( 7.9, 10.3)",22.9,"(19.4, 26.8)",POINT (-105.4457842 35.4753763)
NM,New Mexico,San Miguel,35047,35047957602,1265,"1,082",17.5,"(14.7, 20.7)",32,"(28.3, 35.8)",11.1,"( 9.0, 13.7)",41.9,"(37.3, 46.5)",79.3,"(76.0, 82.4)",8.6,"( 7.7,  9.5)",9.2,"( 8.1, 10.5)",10,"( 8.9, 11.1)",73.9,"(69.9, 77.8)",87.4,"(85.6, 89.1)",57.1,"(51.5, 62.7)",8,"( 7.0,  9.2)",12.7,"(10.7, 15.0)",56.6,"(52.7, 60.5)",19.9,"(16.8, 23.3)",19.7,"(17.2, 22.4)",29.6,"(26.0, 33.6)",40.4,"(35.6, 45.2)",32.2,"(27.0, 37.6)",66.4,"(57.3, 74.8)",13.9,"(12.0, 15.7)",39.1,"(31.3, 47.1)",18.2,"(16.0, 20.6)",35.8,"(29.6, 42.4)",5.1,"( 4.6,  5.6)",17.8,"(14.7, 21.3)",10.8,"( 9.6, 12.1)",9.7,"( 8.7, 10.8)",14.7,"(12.8, 16.8)",21.5,"(18.8, 24.6)",6.6,"( 5.9,  7.4)",10,"( 8.8, 11.4)",39,"(34.1, 44.0)",31.2,"(26.1, 36.5)",19.4,"(16.3, 22.7)",23.1,"(19.7, 26.6)",16.9,"(14.5, 19.6)",11.8,"(10.1, 13.6)",11,"( 9.6, 12.5)",22.5,"(19.0, 26.3)",POINT (-105.5526703 35.690472)
NM,New Mexico,San Miguel,35047,35047957603,2538,"2,028",17.9,"(14.9, 21.2)",25.3,"(22.1, 28.7)",13.4,"(10.8, 16.3)",34.4,"(30.2, 38.7)",74.9,"(71.3, 78.4)",6.7,"( 6.0,  7.4)",8.8,"( 7.7,  9.9)",7,"( 6.3,  7.9)",70.3,"(65.9, 74.6)",86.2,"(84.4, 88.2)",57.2,"(51.6, 62.7)",5.3,"( 4.6,  6.0)",10.9,"( 9.1, 12.8)",60.1,"(56.3, 64.0)",19.2,"(16.1, 22.6)",15.3,"(13.3, 17.5)",24.8,"(21.4, 28.1)",36,"(31.6, 40.6)",28.6,"(23.8, 33.4)",70.2,"(61.6, 78.0)",14.1,"(12.3, 15.9)",36.6,"(29.2, 44.5)",15.5,"(13.6, 17.4)",35.9,"(29.7, 42.6)",3.6,"( 3.3,  4.0)",13.2,"(10.7, 16.1)",8.1,"( 7.2,  9.1)",7.4,"( 6.6,  8.2)",14.1,"(12.2, 16.0)",16.1,"(13.9, 18.4)",4.7,"( 4.2,  5.3)",8,"( 7.1,  9.0)",34,"(29.4, 38.6)",33.3,"(28.1, 38.8)",14.3,"(11.7, 17.0)",20.3,"(16.9, 23.7)",16.8,"(14.2, 19.5)",10.1,"( 8.6, 11.7)",9.7,"( 8.3, 11.1)",24.7,"(20.9, 28.7)",POINT (-105.6966979 35.6065494)
NM,New Mexico,San Miguel,35047,35047957700,2018,"1,639",22.9,"(19.7, 26.0)",29.4,"(25.9, 33.1)",12.1,"( 9.8, 14.9)",38.9,"(34.5, 43.5)",76.2,"(72.7, 79.4)",7.3,"( 6.6,  8.0)",9.7,"( 8.5, 11.0)",9.4,"( 8.5, 10.5)",70.1,"(65.7, 74.4)",83.9,"(81.8, 86.0)",53.5,"(47.9, 59.4)",8.3,"( 7.3,  9.3)",15.2,"(13.1, 17.5)",52.7,"(48.7, 56.7)",21,"(17.8, 24.6)",18.7,"(16.3, 21.2)",32.7,"(29.2, 36.4)",38.4,"(33.8, 43.1)",35.1,"(30.0, 40.4)",63.8,"(54.7, 72.6)",15.9,"(14.1, 18.0)",39.1,"(31.4, 47.3)",19.5,"(17.3, 21.8)",37.4,"(31.1, 44.2)",5,"( 4.6,  5.4)",21,"(17.4, 24.9)",10.5,"( 9.3, 11.7)",10.5,"( 9.6, 11.5)",17.9,"(15.9, 20.0)",22.1,"(19.5, 24.8)",7.1,"( 6.4,  7.8)",11.4,"(10.2, 12.7)",41.7,"(36.9, 46.6)",35.1,"(30.0, 40.7)",23,"(20.0, 26.3)",28.4,"(25.0, 32.1)",20.9,"(18.3, 23.8)",13.4,"(11.7, 15.2)",13.2,"(11.7, 14.9)",26.5,"(22.6, 30.8)",POINT (-105.5262824 35.2367157)
NM,New Mexico,San Miguel,35047,35047957800,4228,"3,306",19.9,"(16.2, 24.2)",24.2,"(21.0, 27.5)",13.1,"(10.7, 16.0)",33.6,"(29.4, 37.8)",74.6,"(71.0, 77.8)",6.2,"( 5.5,  6.9)",8.8,"( 7.6, 10.0)",7,"( 6.2,  8.0)",69.4,"(65.1, 73.8)",84.1,"(81.6, 86.4)",53.1,"(47.3, 58.8)",5.2,"( 4.4,  6.1)",10.7,"( 8.6, 12.8)",52.3,"(48.3, 56.5)",19.2,"(16.0, 22.7)",15.5,"(13.3, 17.8)",26.3,"(22.5, 30.4)",34.9,"(30.5, 39.3)",30.4,"(25.1, 36.1)",67.1,"(57.9, 75.5)",14.5,"(12.6, 16.7)",36.7,"(29.3, 44.6)",15.7,"(13.6, 17.9)",37.8,"(31.4, 44.5)",3.7,"( 3.3,  4.2)",17,"(13.8, 20.5)",8.3,"( 7.3,  9.5)",8.4,"( 7.2,  9.5)",15.2,"(12.9, 17.5)",16.9,"(14.3, 19.7)",5.1,"( 4.4,  5.9)",8.8,"( 7.5, 10.2)",35.6,"(30.6, 40.7)",34.3,"(28.9, 39.8)",17.2,"(13.9, 20.8)",23.5,"(19.5, 27.7)",18.5,"(15.6, 21.6)",11.3,"( 9.6, 13.2)",11.2,"( 9.5, 13.1)",24.8,"(20.8, 28.9)",POINT (-105.2395017 35.6218692)
NM,New Mexico,Santa Fe,35049,35049000102,2205,"2,048",4.2,"( 3.4,  5.2)",32.6,"(28.8, 36.6)",9.7,"( 8.0, 11.8)",37,"(32.7, 41.3)",82,"(78.7, 85.2)",15.4,"(14.0, 16.9)",8.7,"( 7.6,  9.9)",8,"( 6.9,  9.2)",80.1,"(77.1, 83.0)",94.4,"(93.5, 95.3)",76.4,"(72.9, 79.7)",5.2,"( 4.2,  6.5)",5.5,"( 4.1,  7.3)",78.4,"(76.0, 80.7)",20.1,"(17.1, 23.3)",11,"( 9.3, 13.0)",12.7,"(10.4, 15.2)",40.9,"(36.6, 45.3)",13.7,"(10.7, 17.0)",78.6,"(73.0, 83.5)",9,"( 7.7, 10.5)",20.5,"(16.4, 25.1)",11.2,"( 9.4, 13.1)",24.7,"(21.2, 28.5)",3.6,"( 3.1,  4.2)",4.9,"( 3.9,  6.0)",8.9,"( 7.7, 10.2)",3.3,"( 2.8,  3.8)",6.9,"( 5.8,  8.2)",11.5,"( 9.4, 13.9)",2.5,"( 2.1,  3.0)",4.8,"( 3.9,  5.8)",23.2,"(19.4, 27.2)",25.1,"(21.3, 29.1)",3.2,"( 2.3,  4.5)",4.4,"( 3.4,  5.8)",3.8,"( 3.1,  4.7)",3,"( 2.4,  3.6)",3.1,"( 2.6,  3.7)",15.3,"(12.8, 18.2)",POINT (-105.9125275 35.7066337)
NM,New Mexico,Santa Fe,35049,35049000103,2048,"1,895",5.9,"( 4.6,  7.5)",33.4,"(29.6, 37.3)",9.7,"( 8.0, 11.7)",37.8,"(33.7, 42.1)",81.7,"(78.3, 84.8)",14.9,"(13.4, 16.5)",9,"( 7.9, 10.3)",8.6,"( 7.4, 10.0)",79.1,"(76.0, 82.0)",93.4,"(92.2, 94.4)",76,"(72.6, 79.3)",6.2,"( 4.8,  8.0)",7.1,"( 5.4,  9.2)",79.4,"(77.0, 81.6)",20.7,"(17.7, 24.1)",11.8,"(10.0, 13.9)",15.3,"(12.5, 18.5)",40.4,"(36.4, 44.9)",16.7,"(13.1, 20.6)",76.7,"(70.8, 82.0)",10.2,"( 8.7, 11.8)",21.5,"(17.4, 26.3)",12.7,"(10.7, 14.9)",24.3,"(21.0, 28.0)",4.1,"( 3.4,  4.8)",4.1,"( 3.3,  5.1)",9.8,"( 8.4, 11.4)",4,"( 3.4,  4.8)",8.4,"( 7.0, 10.1)",13.7,"(11.0, 16.6)",3.1,"( 2.5,  3.7)",5.9,"( 4.8,  7.2)",26.7,"(22.5, 31.4)",27.2,"(23.0, 31.6)",4.7,"( 3.4,  6.3)",6.3,"( 4.8,  8.1)",5.2,"( 4.2,  6.3)",3.8,"( 3.1,  4.5)",4,"( 3.3,  4.7)",17.4,"(14.4, 20.7)",POINT (-105.9323999 35.709063)
NM,New Mexico,Santa Fe,35049,35049000201,1748,"1,583",5.4,"( 4.3,  6.7)",26.3,"(23.4, 29.7)",12.8,"(10.6, 15.3)",30.3,"(26.9, 34.0)",77.3,"(73.9, 80.7)",11.8,"(10.7, 12.9)",9,"( 7.9, 10.2)",6,"( 5.3,  6.8)",74.7,"(71.2, 78.0)",91.7,"(90.3, 92.9)",74.8,"(71.3, 78.1)",4.4,"( 3.7,  5.3)",6.2,"( 5.0,  7.7)",78.6,"(76.3, 80.8)",21.7,"(18.7, 25.1)",9.1,"( 7.8, 10.6)",11.9,"(10.1, 13.9)",35.8,"(32.0, 39.9)",12.9,"(10.6, 15.6)",80.8,"(75.7, 85.4)",10.8,"( 9.4, 12.3)",20.9,"(17.0, 25.5)",10.4,"( 9.1, 11.9)",25.9,"(22.4, 29.7)",2.8,"( 2.5,  3.2)",4.3,"( 3.4,  5.2)",6.7,"( 5.9,  7.7)",2.9,"( 2.6,  3.3)",7.9,"( 6.8,  9.1)",9.3,"( 7.9, 11.0)",2.3,"( 2.0,  2.6)",4.6,"( 4.0,  5.3)",20.6,"(17.6, 23.9)",27.7,"(23.6, 31.9)",3.8,"( 3.0,  4.8)",5.5,"( 4.4,  6.8)",5.3,"( 4.4,  6.3)",3.7,"( 3.1,  4.4)",3.7,"( 3.2,  4.3)",17.4,"(14.7, 20.3)",POINT (-105.9560042 35.7210777)
NM,New Mexico,Santa Fe,35049,35049000202,2726,"2,363",7.4,"( 5.9,  9.3)",26.2,"(23.2, 29.5)",12.4,"(10.1, 14.9)",30.8,"(27.3, 34.6)",76.5,"(73.0, 80.0)",10.5,"( 9.5, 11.6)",9.1,"( 8.0, 10.3)",6.2,"( 5.4,  7.0)",73.8,"(70.4, 77.4)",90.9,"(89.4, 92.2)",71.7,"(68.0, 75.4)",4.8,"( 3.9,  5.8)",7.8,"( 6.1,  9.6)",75.8,"(73.3, 78.2)",21.8,"(18.8, 25.1)",10.3,"( 8.8, 12.1)",14.8,"(12.4, 17.3)",35.4,"(31.6, 39.4)",16.4,"(13.4, 19.8)",75.8,"(69.9, 81.1)",11.8,"(10.2, 13.4)",22.7,"(18.5, 27.5)",11.9,"(10.3, 13.7)",27,"(23.4, 30.9)",3.1,"( 2.7,  3.5)",6.3,"( 5.1,  7.7)",7.2,"( 6.3,  8.2)",3.9,"( 3.4,  4.5)",9.4,"( 8.0, 10.9)",11.3,"( 9.4, 13.3)",2.8,"( 2.4,  3.2)",5.6,"( 4.8,  6.5)",23.7,"(20.2, 27.4)",29.2,"(25.1, 33.7)",5.7,"( 4.4,  7.3)",8.1,"( 6.5, 10.0)",7.4,"( 6.1,  8.9)",5,"( 4.2,  6.0)",4.9,"( 4.2,  5.7)",19.4,"(16.5, 22.8)",POINT (-105.9725739 35.6935478)
NM,New Mexico,Santa Fe,35049,35049000300,1513,"1,379",10.9,"( 8.4, 13.9)",26.6,"(23.6, 29.7)",12.5,"(10.2, 15.0)",32.6,"(29.0, 36.3)",75.8,"(72.4, 79.1)",9.5,"( 8.5, 10.5)",9.7,"( 8.4, 10.9)",7.3,"( 6.3,  8.3)",71.6,"(67.7, 75.3)",87.7,"(85.6, 89.6)",66.9,"(62.8, 70.8)",6.3,"( 5.0,  7.8)",10.7,"( 8.2, 13.2)",70.3,"(67.4, 73.0)",23.5,"(20.1, 27.0)",12.1,"(10.3, 14.0)",19.5,"(16.2, 22.9)",35.2,"(31.5, 39.2)",20.3,"(16.5, 24.5)",75.5,"(69.7, 80.9)",13.8,"(11.8, 15.8)",25.6,"(20.9, 30.9)",14,"(11.9, 16.2)",29.1,"(25.3, 33.0)",3.7,"( 3.1,  4.2)",7.9,"( 6.4,  9.7)",8.1,"( 7.0,  9.3)",5.4,"( 4.6,  6.3)",12.1,"(10.2, 14.4)",13.8,"(11.4, 16.5)",3.9,"( 3.3,  4.6)",7.4,"( 6.2,  8.8)",28,"(23.7, 32.5)",30.9,"(26.7, 35.4)",10.9,"( 8.4, 13.8)",13.4,"(10.7, 16.5)",10.9,"( 8.9, 13.2)",7.6,"( 6.3,  9.0)",7.3,"( 6.1,  8.7)",21.2,"(18.0, 24.7)",POINT (-105.9500597 35.6901189)
NM,New Mexico,Santa Fe,35049,35049000400,433,416,6.3,"( 4.9,  8.1)",36,"(32.0, 40.3)",8.5,"( 7.0, 10.1)",39.7,"(35.3, 44.2)",83.8,"(80.7, 86.5)",17.1,"(15.3, 19.0)",8.7,"( 7.5,  9.9)",9.9,"( 8.3, 11.7)",80.8,"(77.8, 83.5)",93.7,"(92.6, 94.7)",73.8,"(70.2, 77.3)",6.4,"( 4.7,  8.5)",5.9,"( 4.5,  7.5)",76.6,"(73.9, 79.0)",19.1,"(16.2, 22.4)",11.9,"(10.0, 14.2)",16,"(12.7, 20.0)",40.1,"(35.9, 44.5)",18.3,"(14.1, 23.5)",79.8,"(74.5, 84.3)",9.5,"( 8.0, 11.1)",19.7,"(15.8, 24.2)",13.1,"(10.8, 15.9)",24.4,"(21.0, 28.1)",4.7,"( 3.9,  5.9)",5.7,"( 4.6,  6.9)",12.3,"(10.4, 14.4)",4.7,"( 3.8,  6.0)",8.5,"( 6.9, 10.6)",16.2,"(12.7, 20.5)",3.4,"( 2.6,  4.3)",7,"( 5.4,  9.1)",31.2,"(26.0, 36.9)",27.6,"(23.5, 31.9)",4.4,"( 3.1,  5.8)",5.9,"( 4.4,  7.5)",4.8,"( 3.8,  5.9)",3.5,"( 2.9,  4.3)",3.9,"( 3.2,  4.7)",17,"(14.1, 20.3)",POINT (-105.9399045 35.6863213)
NM,New Mexico,Santa Fe,35049,35049000500,2136,"1,984",5.3,"( 4.3,  6.6)",31,"(27.6, 34.5)",10.3,"( 8.5, 12.4)",35.6,"(31.7, 39.5)",80.8,"(77.4, 83.8)",13.9,"(12.6, 15.3)",8.9,"( 7.8, 10.1)",7.8,"( 6.8,  8.8)",78.3,"(75.2, 81.4)",93.2,"(92.2, 94.2)",74.8,"(71.1, 78.3)",5.3,"( 4.4,  6.5)",6,"( 4.6,  7.5)",79.4,"(77.0, 81.6)",20.6,"(17.7, 23.8)",11.1,"( 9.5, 12.8)",13.8,"(11.6, 16.3)",39.4,"(35.3, 43.6)",14.7,"(11.9, 17.7)",77.2,"(71.5, 82.4)",9.8,"( 8.4, 11.2)",21.3,"(17.2, 25.9)",11.6,"(10.0, 13.3)",24.5,"(21.1, 28.2)",3.6,"( 3.2,  4.1)",4.2,"( 3.4,  5.1)",8.7,"( 7.7,  9.9)",3.7,"( 3.2,  4.3)",7.7,"( 6.6,  9.0)",12,"(10.1, 14.1)",2.8,"( 2.4,  3.3)",5.3,"( 4.5,  6.2)",23.9,"(20.5, 27.6)",26.2,"(22.4, 30.2)",4.2,"( 3.2,  5.6)",5.7,"( 4.6,  7.2)",4.9,"( 4.1,  5.9)",3.7,"( 3.1,  4.4)",3.8,"( 3.2,  4.5)",16.2,"(13.6, 19.0)",POINT (-105.9252506 35.6765759)
NM,New Mexico,Santa Fe,35049,35049000600,2218,"2,018",6.9,"( 5.5,  8.6)",28.1,"(24.8, 31.6)",12.1,"(10.0, 14.6)",32.6,"(28.8, 36.5)",77.4,"(73.8, 80.8)",11.1,"(10.0, 12.3)",9.5,"( 8.3, 10.8)",6.8,"( 5.9,  7.7)",74.4,"(70.8, 77.7)",90.6,"(89.1, 92.0)",70.3,"(66.4, 74.1)",5.6,"( 4.5,  6.9)",8.6,"( 6.6, 10.9)",75.8,"(73.2, 78.3)",23.2,"(19.8, 26.6)",10.8,"( 9.1, 12.7)",15.4,"(12.8, 18.2)",36.3,"(32.5, 40.3)",16.7,"(13.3, 20.4)",78.5,"(73.0, 83.5)",12.3,"(10.5, 14.3)",23.7,"(19.3, 28.7)",12.4,"(10.6, 14.4)",26.9,"(23.3, 30.8)",3.4,"( 2.9,  3.8)",4.8,"( 3.9,  5.8)",7.5,"( 6.6,  8.6)",4,"( 3.5,  4.7)",9.8,"( 8.1, 11.5)",12,"( 9.9, 14.4)",3.1,"( 2.6,  3.6)",6,"( 5.0,  7.1)",24.5,"(20.7, 28.6)",28.8,"(24.6, 33.1)",6.7,"( 4.9,  8.7)",8.5,"( 6.5, 10.6)",7.4,"( 5.8,  8.9)",5.3,"( 4.3,  6.4)",5.1,"( 4.2,  6.0)",18.7,"(15.5, 21.9)",POINT (-105.9446225 35.6758514)
NM,New Mexico,Santa Fe,35049,35049000700,2015,"1,831",9.8,"( 8.1, 11.9)",23.6,"(20.9, 26.5)",14,"(11.6, 16.8)",29.5,"(26.2, 32.9)",72.8,"(69.1, 76.3)",8.1,"( 7.3,  8.9)",9.6,"( 8.4, 10.8)",6.1,"( 5.4,  6.8)",69.6,"(65.8, 73.4)",86.9,"(85.0, 88.7)",63.5,"(59.4, 67.6)",5.3,"( 4.5,  6.0)",10.5,"( 8.7, 12.4)",67.5,"(64.6, 70.4)",24.1,"(20.8, 27.4)",10.8,"( 9.3, 12.4)",17.8,"(15.4, 20.3)",32.8,"(29.2, 36.5)",18.9,"(15.7, 22.3)",73.5,"(67.3, 79.3)",14.4,"(12.7, 16.3)",25.7,"(21.0, 30.7)",13.1,"(11.5, 14.8)",31.1,"(27.1, 35.3)",3.1,"( 2.8,  3.5)",8.9,"( 7.3, 10.8)",7,"( 6.2,  8.0)",4.9,"( 4.4,  5.5)",12.1,"(10.5, 13.8)",12.1,"(10.3, 13.9)",3.5,"( 3.1,  3.9)",6.9,"( 6.0,  7.8)",26,"(22.5, 29.5)",31.4,"(27.0, 35.9)",9.8,"( 7.9, 12.0)",12.4,"(10.2, 14.9)",10.9,"( 9.0, 12.7)",7.6,"( 6.4,  8.9)",7.1,"( 6.1,  8.2)",21.5,"(18.2, 25.0)",POINT (-105.9558722 35.680219)
NM,New Mexico,Santa Fe,35049,35049000800,2971,"2,648",11.8,"( 9.3, 14.3)",26.1,"(23.3, 29.1)",12.5,"(10.3, 15.0)",32.1,"(28.8, 35.7)",75.1,"(71.6, 78.2)",8.6,"( 7.8,  9.5)",9.8,"( 8.7, 11.2)",7.1,"( 6.3,  8.0)",71,"(67.0, 74.8)",86.9,"(84.8, 88.8)",62.8,"(58.6, 67.0)",6.3,"( 5.4,  7.6)",10.9,"( 9.0, 13.2)",62.3,"(59.1, 65.4)",24.3,"(21.1, 27.9)",12.6,"(11.0, 14.4)",20.7,"(18.0, 23.9)",34.4,"(30.8, 38.3)",21.5,"(18.0, 25.5)",73.9,"(67.7, 79.4)",14.5,"(12.7, 16.6)",27.3,"(22.6, 32.6)",14.5,"(12.7, 16.6)",32,"(27.9, 36.3)",3.7,"( 3.3,  4.1)",12.9,"(10.5, 15.4)",7.9,"( 6.9,  8.9)",6,"( 5.4,  6.9)",12.9,"(11.2, 14.9)",14.4,"(12.4, 16.8)",4.3,"( 3.8,  4.9)",7.9,"( 6.9,  9.2)",28.8,"(25.0, 32.8)",31.3,"(27.0, 35.5)",12.9,"(10.2, 15.5)",15.4,"(12.6, 18.2)",12.6,"(10.5, 14.9)",9.1,"( 7.6, 10.6)",8.4,"( 7.1,  9.8)",21.1,"(17.8, 24.2)",POINT (-105.9705913 35.6803447)
NM,New Mexico,Santa Fe,35049,35049000900,3608,"3,086",12.3,"( 9.6, 15.5)",25.4,"(22.4, 28.7)",12.6,"(10.4, 15.1)",31.2,"(27.7, 35.1)",75.1,"(71.4, 78.5)",8.7,"( 7.9,  9.7)",9.4,"( 8.3, 10.7)",6.7,"( 5.8,  7.6)",71.1,"(67.2, 74.8)",87.9,"(85.7, 89.7)",65.7,"(61.6, 69.7)",5.7,"( 4.7,  7.0)",10.2,"( 8.1, 12.5)",69.9,"(67.0, 72.7)",22.6,"(19.4, 26.1)",12,"(10.3, 14.0)",19.6,"(16.4, 23.1)",34.8,"(31.1, 38.7)",20.9,"(17.1, 25.1)",75.7,"(69.9, 81.1)",13.5,"(11.8, 15.5)",25.5,"(20.7, 30.6)",13.9,"(12.0, 16.1)",29.8,"(26.0, 34.0)",3.5,"( 3.0,  3.9)",7.9,"( 6.4,  9.7)",7.6,"( 6.6,  8.7)",5.5,"( 4.7,  6.4)",12.1,"(10.3, 14.1)",13.7,"(11.5, 16.3)",3.8,"( 3.3,  4.5)",7.2,"( 6.1,  8.4)",27.7,"(23.7, 32.0)",31.7,"(27.2, 36.2)",10.2,"( 7.9, 12.8)",13.7,"(10.7, 16.9)",11.4,"( 9.2, 13.7)",7.4,"( 6.2,  8.8)",7.3,"( 6.1,  8.6)",22.2,"(18.7, 26.0)",POINT (-105.9755375 35.6693267)
NM,New Mexico,Santa Fe,35049,35049001001,2076,"1,869",7.6,"( 5.9,  9.7)",34.4,"(30.7, 38.3)",9.2,"( 7.5, 11.1)",40.1,"(36.1, 44.4)",82.5,"(79.3, 85.3)",14.2,"(12.8, 15.6)",9,"( 7.9, 10.3)",10,"( 8.6, 11.6)",78.9,"(75.8, 82.0)",92.4,"(91.1, 93.5)",68.1,"(64.0, 72.1)",7.2,"( 5.6,  9.3)",8,"( 5.9, 10.3)",71.3,"(68.5, 73.9)",20.6,"(17.7, 23.9)",14.1,"(12.0, 16.5)",18.9,"(15.6, 23.0)",40.8,"(36.6, 45.0)",20.2,"(16.3, 25.1)",74.8,"(68.7, 80.0)",10.6,"( 9.1, 12.4)",22.9,"(18.7, 27.8)",14.2,"(12.0, 16.9)",25.6,"(22.1, 29.4)",4.8,"( 4.1,  5.6)",6.5,"( 5.3,  7.9)",11.3,"( 9.8, 13.1)",5.6,"( 4.6,  6.9)",9.6,"( 8.0, 11.6)",16.8,"(13.8, 20.6)",4,"( 3.3,  5.0)",7.4,"( 6.0,  9.3)",30.7,"(26.2, 36.0)",27.6,"(23.5, 32.0)",7.2,"( 5.2,  9.6)",8.8,"( 6.8, 11.2)",6.5,"( 5.3,  8.0)",4.9,"( 4.1,  5.9)",5.2,"( 4.3,  6.2)",17.7,"(14.8, 21.0)",POINT (-105.9468147 35.6647639)
NM,New Mexico,Santa Fe,35049,35049001002,3448,"2,818",17.6,"(13.6, 21.9)",25.2,"(22.4, 28.1)",12.3,"(10.1, 14.8)",32.6,"(29.2, 36.3)",72.9,"(69.3, 76.1)",7.2,"( 6.5,  8.0)",10.2,"( 9.0, 11.7)",7.8,"( 6.8,  8.8)",68.1,"(63.9, 72.2)",82.4,"(79.5, 85.0)",56.1,"(51.8, 60.3)",7.8,"( 6.4,  9.3)",14.7,"(12.1, 17.8)",54.4,"(51.1, 57.6)",25.1,"(21.8, 29.0)",14.3,"(12.3, 16.4)",27.3,"(23.6, 31.5)",33.6,"(30.1, 37.4)",27.4,"(23.0, 32.4)",66.3,"(59.0, 72.9)",16.7,"(14.5, 19.1)",29.9,"(24.8, 35.5)",17.1,"(14.8, 19.6)",34,"(29.8, 38.4)",4.2,"( 3.7,  4.7)",20.9,"(17.8, 24.2)",8.7,"( 7.6,  9.8)",8.8,"( 7.6, 10.2)",16.7,"(14.2, 19.6)",17.6,"(14.9, 20.6)",5.9,"( 5.1,  7.0)",10.7,"( 9.2, 12.5)",34.1,"(29.7, 39.0)",33.8,"(29.2, 38.5)",22.6,"(18.1, 27.6)",24.8,"(20.2, 29.9)",18.5,"(15.0, 22.1)",13.5,"(11.3, 16.0)",12.7,"(10.6, 15.1)",23.9,"(20.2, 27.8)",POINT (-105.9636629 35.6654817)
NM,New Mexico,Santa Fe,35049,35049001102,3399,"2,968",7.9,"( 6.3,  9.9)",26.3,"(23.3, 29.4)",12.1,"( 9.9, 14.4)",31.1,"(27.6, 34.7)",77.6,"(74.2, 80.6)",11.1,"(10.0, 12.3)",8.9,"( 7.9, 10.2)",6.7,"( 5.8,  7.8)",73.8,"(70.3, 77.2)",89.8,"(88.1, 91.4)",69.2,"(65.3, 72.9)",5,"( 3.9,  6.2)",6.9,"( 5.4,  8.7)",75,"(72.4, 77.5)",21.5,"(18.5, 24.9)",10,"( 8.5, 11.7)",14.6,"(12.1, 17.3)",35,"(31.2, 38.9)",16.1,"(12.8, 19.5)",77.2,"(71.5, 82.4)",11.6,"(10.0, 13.3)",21.8,"(17.6, 26.5)",11.5,"( 9.8, 13.3)",26.7,"(23.1, 30.6)",3.2,"( 2.8,  3.8)",5.4,"( 4.3,  6.6)",7.8,"( 6.8,  9.1)",4,"( 3.4,  4.7)",9.4,"( 8.0, 11.1)",11.4,"( 9.3, 13.7)",2.8,"( 2.4,  3.4)",5.8,"( 4.8,  7.0)",24.3,"(20.5, 28.0)",29.5,"(25.1, 33.8)",5.9,"( 4.4,  7.8)",8.2,"( 6.4, 10.5)",7.2,"( 5.9,  8.9)",5,"( 4.1,  6.0)",5.1,"( 4.2,  6.1)",18.8,"(15.7, 22.1)",POINT (-105.9453421 35.6462799)
NM,New Mexico,Santa Fe,35049,35049001103,1916,"1,620",11,"( 8.4, 14.1)",21.6,"(19.1, 24.5)",13.8,"(11.4, 16.5)",27.7,"(24.5, 31.3)",73,"(69.3, 76.4)",7.8,"( 7.0,  8.6)",8.8,"( 7.7, 10.1)",5.5,"( 4.8,  6.3)",69.5,"(65.5, 73.3)",87.3,"(85.3, 89.3)",64.6,"(60.5, 68.5)",4.3,"( 3.5,  5.3)",8.5,"( 6.7, 10.6)",72.9,"(70.1, 75.5)",21.4,"(18.4, 25.0)",10.3,"( 8.8, 11.9)",16.5,"(13.9, 19.4)",32.6,"(29.1, 36.5)",18,"(14.7, 21.7)",75.8,"(69.9, 81.1)",12.8,"(11.1, 14.9)",23.5,"(19.2, 28.5)",11.9,"(10.2, 13.7)",29,"(25.3, 33.2)",2.8,"( 2.5,  3.2)",7.4,"( 6.1,  8.9)",6.4,"( 5.6,  7.3)",4.4,"( 3.8,  5.1)",10.9,"( 9.2, 12.8)",10.8,"( 9.0, 12.8)",3,"( 2.5,  3.5)",5.9,"( 5.0,  6.9)",24,"(20.5, 27.9)",31.7,"(27.2, 36.0)",7.9,"( 5.9, 10.1)",11.6,"( 9.0, 14.4)",10.2,"( 8.2, 12.4)",6.4,"( 5.2,  7.6)",6.4,"( 5.3,  7.6)",22.1,"(18.6, 25.6)",POINT (-105.9712078 35.6560819)
NM,New Mexico,Santa Fe,35049,35049001105,2287,"1,969",10.2,"( 8.2, 12.6)",26,"(23.0, 29.3)",12.4,"(10.2, 14.9)",32,"(28.4, 35.8)",75.9,"(72.4, 79.2)",9.1,"( 8.2, 10.0)",9.4,"( 8.2, 10.7)",6.7,"( 5.9,  7.7)",72.3,"(68.7, 76.0)",88.6,"(87.0, 90.3)",67.5,"(63.6, 71.3)",5.6,"( 4.5,  6.8)",9.5,"( 7.5, 11.6)",70.6,"(67.7, 73.4)",22.7,"(19.6, 26.2)",12.2,"(10.5, 14.2)",18.4,"(15.6, 21.5)",35.2,"(31.6, 39.1)",19.5,"(15.9, 23.5)",75.9,"(70.1, 81.3)",13.2,"(11.4, 15.0)",26,"(21.3, 31.2)",13.5,"(11.6, 15.5)",29.8,"(26.0, 34.0)",3.4,"( 3.0,  3.9)",6.8,"( 5.4,  8.3)",7.5,"( 6.5,  8.6)",5.1,"( 4.4,  5.9)",11.2,"( 9.5, 13.0)",13.1,"(10.9, 15.4)",3.7,"( 3.1,  4.3)",6.7,"( 5.7,  7.9)",26.4,"(22.5, 30.5)",30.2,"(25.8, 34.4)",9.6,"( 7.6, 12.0)",12.5,"(10.1, 15.1)",10.6,"( 8.7, 12.6)",7.4,"( 6.2,  8.7)",7,"( 5.9,  8.1)",20.6,"(17.2, 23.8)",POINT (-105.9652449 35.6451704)
NM,New Mexico,Santa Fe,35049,35049001106,3088,"2,627",13.2,"(10.3, 16.3)",26.4,"(23.5, 29.4)",11.6,"( 9.5, 13.9)",33.4,"(30.0, 37.2)",77.2,"(73.8, 80.2)",9.2,"( 8.4, 10.2)",8.8,"( 7.8, 10.0)",7.5,"( 6.6,  8.5)",72.4,"(68.9, 76.0)",88.2,"(86.3, 90.0)",60.3,"(56.0, 64.7)",5.7,"( 4.7,  6.8)",9.4,"( 7.6, 11.5)",62.8,"(59.7, 65.9)",20.7,"(17.8, 24.0)",13.2,"(11.4, 15.2)",20.5,"(17.5, 24.1)",35.6,"(31.8, 39.6)",22.7,"(18.8, 27.2)",73.5,"(67.3, 79.4)",12.6,"(11.0, 14.5)",25.7,"(21.1, 30.9)",14,"(12.2, 16.3)",30.8,"(27.0, 35.1)",3.8,"( 3.4,  4.3)",8.9,"( 7.3, 10.8)",8.8,"( 7.7,  9.9)",6.1,"( 5.3,  7.0)",11.6,"(10.0, 13.6)",14.9,"(12.6, 17.5)",4,"( 3.4,  4.6)",7.3,"( 6.3,  8.6)",29.3,"(25.3, 33.7)",30.9,"(26.5, 35.2)",10.6,"( 8.5, 13.2)",14.2,"(11.6, 17.3)",11.6,"( 9.5, 13.9)",7.7,"( 6.4,  9.0)",7.4,"( 6.3,  8.7)",21.7,"(18.3, 25.2)",POINT (-105.9999172 35.6443886)
NM,New Mexico,Santa Fe,35049,35049001107,5326,"4,406",14.3,"(11.9, 16.8)",25.6,"(22.8, 28.7)",12.4,"(10.2, 14.9)",32.1,"(28.7, 35.9)",74.9,"(71.3, 78.2)",8.3,"( 7.5,  9.2)",9.6,"( 8.4, 10.9)",7.2,"( 6.4,  8.1)",70.5,"(66.6, 74.2)",86.7,"(84.9, 88.5)",65.2,"(61.1, 69.2)",6.2,"( 5.3,  7.2)",11.3,"( 9.4, 13.4)",66.6,"(63.5, 69.6)",23,"(19.7, 26.5)",13,"(11.3, 14.9)",22,"(19.1, 25.2)",34.8,"(31.1, 38.7)",23.2,"(19.5, 27.2)",73.2,"(67.1, 79.1)",14.4,"(12.6, 16.4)",27,"(22.3, 32.3)",15,"(13.2, 17.0)",31.2,"(27.3, 35.5)",3.7,"( 3.4,  4.1)",9.2,"( 7.5, 11.3)",8.2,"( 7.2,  9.2)",6.4,"( 5.7,  7.3)",13.4,"(11.6, 15.3)",15.1,"(13.0, 17.4)",4.4,"( 3.9,  5.0)",8.1,"( 7.1,  9.3)",30,"(26.2, 34.0)",32.5,"(28.2, 36.9)",12.8,"(10.6, 15.1)",16.6,"(14.0, 19.4)",13.6,"(11.6, 15.7)",9,"( 7.7, 10.3)",8.7,"( 7.6, 10.0)",23.1,"(19.9, 26.6)",POINT (-105.9826113 35.6464418)
NM,New Mexico,Santa Fe,35049,35049001202,5779,"4,560",23.9,"(20.2, 27.8)",23.3,"(20.6, 26.0)",12.6,"(10.3, 15.1)",32.2,"(28.7, 35.8)",70.6,"(67.0, 73.9)",5.7,"( 5.2,  6.3)",10,"( 8.8, 11.4)",7.5,"( 6.7,  8.4)",65.6,"(61.4, 69.6)",79.6,"(76.8, 82.2)",50,"(45.8, 54.4)",7.6,"( 6.7,  8.6)",16.4,"(13.9, 19.1)",52,"(48.6, 55.4)",24.5,"(21.2, 28.2)",15.4,"(13.4, 17.5)",31.3,"(27.7, 35.1)",32.6,"(29.2, 36.3)",31.8,"(27.2, 36.6)",69.3,"(62.6, 75.8)",17.9,"(15.8, 20.3)",32.6,"(27.1, 38.4)",18.4,"(16.3, 20.7)",35.8,"(31.5, 40.4)",4.2,"( 3.8,  4.6)",20.3,"(17.2, 23.6)",8.4,"( 7.5,  9.5)",10.3,"( 9.3, 11.4)",19,"(16.7, 21.6)",18.5,"(16.2, 21.0)",6.7,"( 6.0,  7.4)",11.7,"(10.3, 13.1)",36.8,"(32.5, 41.3)",36,"(31.4, 40.5)",28.4,"(24.5, 32.8)",32.2,"(28.0, 36.8)",24.2,"(21.0, 27.8)",17,"(14.8, 19.5)",15.9,"(13.9, 18.2)",27,"(23.4, 30.9)",POINT (-106.0054413 35.6552702)
NM,New Mexico,Santa Fe,35049,35049001203,2993,"2,184",21.9,"(17.5, 27.1)",21.1,"(18.7, 23.9)",12.9,"(10.6, 15.6)",29.1,"(26.0, 32.7)",70.2,"(66.6, 73.6)",5.8,"( 5.2,  6.4)",9.3,"( 8.2, 10.7)",6.4,"( 5.8,  7.2)",65.8,"(61.5, 70.1)",81.3,"(78.4, 84.0)",53.6,"(49.2, 58.0)",6.1,"( 5.3,  7.1)",13.3,"(10.8, 16.0)",56.2,"(52.9, 59.5)",23.2,"(20.0, 27.0)",13,"(11.3, 14.9)",26.5,"(22.7, 30.6)",31.5,"(28.2, 35.3)",27.7,"(23.3, 32.8)",69.1,"(62.4, 75.4)",16.1,"(13.9, 18.6)",29.6,"(24.6, 35.4)",15.9,"(13.8, 18.2)",33.9,"(29.7, 38.4)",3.4,"( 3.1,  3.8)",16.6,"(13.7, 19.7)",7.4,"( 6.5,  8.3)",8.2,"( 7.1,  9.4)",16.5,"(13.9, 19.3)",15.2,"(13.0, 17.5)",5.1,"( 4.4,  5.9)",9.5,"( 8.1, 11.0)",32,"(27.7, 36.9)",34.9,"(30.1, 39.8)",21.4,"(17.2, 25.7)",26.2,"(21.5, 31.1)",20.2,"(16.8, 23.9)",13.2,"(11.1, 15.5)",12.7,"(10.7, 15.0)",25.3,"(21.5, 29.5)",POINT (-106.0133715 35.6701812)
NM,New Mexico,Santa Fe,35049,35049001205,5713,"3,938",28.8,"(23.5, 34.6)",17.4,"(15.2, 19.8)",13.8,"(11.4, 16.6)",26.1,"(23.1, 29.4)",64.1,"(60.3, 68.0)",3.8,"( 3.4,  4.2)",9.3,"( 8.2, 10.7)",5.2,"( 4.6,  5.9)",61.5,"(56.9, 66.1)",76.9,"(73.4, 80.6)",48.5,"(44.2, 52.9)",5.1,"( 4.3,  5.9)",14.7,"(12.1, 17.6)",52.9,"(49.6, 56.1)",23.4,"(20.1, 27.1)",12.6,"(10.9, 14.5)",29.9,"(25.4, 34.6)",28.8,"(25.5, 32.4)",31.7,"(26.7, 37.4)",71.4,"(64.5, 77.6)",18.2,"(15.8, 20.8)",31.7,"(26.5, 37.4)",16.8,"(14.6, 19.2)",36.1,"(31.9, 40.7)",3,"( 2.6,  3.3)",17.2,"(14.3, 20.5)",6.3,"( 5.5,  7.1)",9.4,"( 8.1, 10.9)",19.5,"(16.6, 22.9)",14.8,"(12.5, 17.2)",5.5,"( 4.7,  6.3)",10.4,"( 8.7, 12.2)",34.1,"(29.4, 39.4)",38.3,"(33.4, 43.3)",27.3,"(22.1, 32.7)",34.4,"(28.4, 40.5)",27.1,"(22.7, 31.4)",17,"(14.3, 19.5)",16.3,"(13.6, 19.0)",29.4,"(24.9, 33.7)",POINT (-106.0529715 35.6385542)
NM,New Mexico,Santa Fe,35049,35049001206,3770,"2,740",24.8,"(19.5, 30.9)",19.6,"(17.4, 22.2)",13.4,"(11.0, 16.1)",27.8,"(24.7, 31.4)",66.7,"(63.0, 70.2)",4.7,"( 4.2,  5.2)",9.8,"( 8.6, 11.1)",5.8,"( 5.1,  6.5)",63.5,"(59.1, 67.8)",78.5,"(75.1, 81.8)",50.1,"(45.8, 54.6)",6,"( 5.1,  7.0)",14.9,"(12.1, 18.0)",51.2,"(47.8, 54.6)",24.3,"(21.0, 28.0)",13,"(11.2, 14.9)",29.1,"(24.5, 33.6)",29.9,"(26.6, 33.5)",30.1,"(25.0, 35.4)",68,"(61.1, 74.3)",17.9,"(15.6, 20.4)",31.4,"(26.1, 37.1)",16.9,"(14.6, 19.3)",36.7,"(32.4, 41.3)",3.3,"( 2.9,  3.7)",17.7,"(14.6, 21.2)",6.8,"( 5.9,  7.8)",9.2,"( 7.9, 10.7)",18.8,"(15.8, 21.9)",15.7,"(13.3, 18.2)",5.7,"( 4.9,  6.6)",10.7,"( 9.0, 12.5)",34,"(29.2, 39.0)",36.9,"(32.2, 41.9)",26.4,"(21.2, 32.0)",31.5,"(26.0, 37.5)",24.6,"(20.7, 29.3)",16.4,"(13.8, 19.2)",15.4,"(12.9, 18.2)",27.4,"(23.3, 31.9)",POINT (-106.0284434 35.6418822)
NM,New Mexico,Santa Fe,35049,35049001207,3006,"2,207",21.6,"(17.0, 26.6)",18.8,"(16.6, 21.4)",13.7,"(11.2, 16.4)",26.6,"(23.6, 30.1)",67.7,"(63.7, 71.4)",4.8,"( 4.3,  5.3)",9,"( 7.9, 10.3)",5.2,"( 4.6,  5.9)",64.8,"(60.4, 69.1)",81.8,"(78.9, 84.7)",52.1,"(47.8, 56.3)",4.7,"( 4.0,  5.5)",11.9,"( 9.8, 14.4)",56.4,"(53.1, 59.7)",22.4,"(19.2, 26.0)",12.1,"(10.5, 14.0)",24.7,"(21.2, 28.8)",30.2,"(26.8, 33.9)",26.5,"(22.3, 31.5)",70.9,"(64.3, 77.0)",15.7,"(13.7, 18.0)",29.4,"(24.4, 35.2)",14.9,"(13.0, 17.2)",34.4,"(30.2, 38.9)",2.9,"( 2.6,  3.2)",14.1,"(11.7, 16.8)",6.1,"( 5.4,  7.0)",7.5,"( 6.5,  8.6)",15.7,"(13.3, 18.5)",13.4,"(11.4, 15.7)",4.5,"( 3.9,  5.3)",8.4,"( 7.1,  9.8)",29.7,"(25.6, 34.3)",35.2,"(30.3, 40.1)",18.8,"(15.0, 22.9)",24.9,"(20.5, 29.8)",20.4,"(17.0, 24.2)",12.7,"(10.6, 15.0)",12,"(10.1, 14.2)",26,"(22.0, 30.2)",POINT (-106.0303388 35.649686)
NM,New Mexico,Santa Fe,35049,35049001301,1370,"1,174",10.8,"( 8.4, 13.2)",21.5,"(18.9, 24.2)",14.2,"(11.7, 17.0)",27.2,"(24.1, 30.6)",72,"(68.3, 75.5)",7.4,"( 6.7,  8.2)",9.2,"( 8.1, 10.5)",5.2,"( 4.5,  5.9)",69.2,"(65.3, 73.1)",87.4,"(85.4, 89.2)",65,"(60.8, 69.1)",4.3,"( 3.6,  5.1)",8.8,"( 7.1, 10.7)",70.9,"(68.0, 73.7)",22.6,"(19.4, 26.2)",10.1,"( 8.7, 11.7)",16.2,"(13.8, 18.8)",31.9,"(28.5, 35.7)",17.6,"(14.5, 21.3)",76.1,"(70.5, 81.3)",13.6,"(11.8, 15.6)",25,"(20.5, 30.2)",12,"(10.5, 13.7)",30,"(26.1, 34.2)",2.7,"( 2.4,  3.0)",5.6,"( 4.6,  6.9)",5.9,"( 5.2,  6.8)",4.3,"( 3.8,  4.9)",11.2,"( 9.6, 13.0)",10.3,"( 8.7, 12.1)",3,"( 2.6,  3.4)",5.9,"( 5.1,  6.8)",23.5,"(20.1, 27.3)",31.7,"(27.1, 36.2)",8.1,"( 6.4, 10.2)",11.8,"( 9.5, 14.6)",10.9,"( 8.9, 13.3)",7,"( 5.8,  8.3)",6.7,"( 5.7,  7.9)",21.9,"(18.4, 25.4)",POINT (-106.0584295 35.6304795)
NM,New Mexico,Santa Fe,35049,35049001302,2963,"2,195",27.8,"(22.2, 33.8)",16.4,"(14.4, 18.6)",14.7,"(12.1, 17.7)",25.2,"(22.3, 28.5)",61.2,"(57.3, 65.0)",3.6,"( 3.2,  4.0)",9.4,"( 8.3, 10.7)",5,"( 4.4,  5.6)",59.9,"(55.2, 64.6)",74.8,"(71.1, 78.5)",47.3,"(43.2, 51.5)",5.3,"( 4.5,  6.1)",16,"(13.1, 19.2)",50.1,"(46.9, 53.4)",24,"(20.8, 27.6)",11.5,"(10.0, 13.2)",29.3,"(24.8, 34.1)",27.6,"(24.4, 31.0)",30.3,"(25.5, 35.8)",68.5,"(61.7, 75.0)",18.7,"(16.3, 21.3)",31.2,"(26.0, 36.9)",16.3,"(14.1, 18.7)",36.2,"(31.8, 40.8)",2.8,"( 2.5,  3.2)",19.6,"(16.3, 23.0)",6.2,"( 5.4,  7.0)",9.1,"( 7.7, 10.5)",19.9,"(16.8, 23.3)",13.9,"(11.8, 16.2)",5.3,"( 4.5,  6.2)",10.5,"( 8.9, 12.3)",33.8,"(29.0, 39.0)",38.5,"(33.5, 43.6)",27.9,"(23.0, 33.3)",34,"(28.2, 40.0)",26.6,"(22.3, 31.2)",17.2,"(14.6, 20.1)",16.6,"(14.0, 19.4)",29.7,"(25.3, 34.2)",POINT (-106.0305615 35.6334298)
NM,New Mexico,Santa Fe,35049,35049001304,1029,813,24.7,"(19.6, 30.6)",22.8,"(20.2, 25.7)",12.4,"(10.1, 15.0)",31.8,"(28.4, 35.4)",71.9,"(68.3, 75.4)",5.7,"( 5.2,  6.4)",9.3,"( 8.2, 10.6)",7.3,"( 6.5,  8.4)",66.2,"(61.7, 70.5)",81.7,"(78.3, 84.4)",52.3,"(47.8, 56.8)",6.4,"( 5.4,  7.6)",14,"(11.6, 16.7)",52,"(48.6, 55.4)",22.5,"(19.4, 25.9)",15.6,"(13.6, 17.9)",30.1,"(26.0, 34.8)",33.9,"(30.4, 37.7)",31.1,"(26.1, 36.6)",69.8,"(63.1, 76.0)",16.3,"(14.3, 18.5)",31.2,"(25.9, 36.8)",17.8,"(15.5, 20.2)",36,"(31.7, 40.6)",3.9,"( 3.4,  4.4)",16.2,"(13.4, 19.4)",8.2,"( 7.2,  9.4)",9.5,"( 8.2, 11.1)",17.4,"(15.0, 20.4)",17.9,"(15.3, 20.8)",6.1,"( 5.1,  7.1)",10.2,"( 8.8, 11.8)",35.3,"(30.8, 40.4)",35.7,"(30.9, 40.4)",22.9,"(18.6, 27.4)",29.2,"(24.0, 34.2)",22.4,"(18.7, 26.0)",14.1,"(12.0, 16.4)",13.8,"(11.6, 16.0)",27.3,"(23.2, 31.5)",POINT (-106.0549299 35.6053602)
NM,New Mexico,Santa Fe,35049,35049001305,5038,"3,770",13.9,"(10.7, 17.4)",18.4,"(16.3, 20.8)",14.7,"(12.0, 17.6)",24.5,"(21.6, 27.7)",67.9,"(63.8, 71.7)",5.7,"( 5.1,  6.3)",9,"( 7.9, 10.3)",4.4,"( 3.8,  4.9)",66.6,"(62.0, 70.6)",85.4,"(82.9, 87.6)",60.2,"(55.8, 64.4)",3.8,"( 3.2,  4.4)",9.2,"( 7.5, 11.2)",65.8,"(62.7, 68.9)",22.3,"(19.2, 25.8)",9.6,"( 8.3, 11.1)",17.5,"(14.9, 20.8)",29.2,"(25.9, 33.0)",19.3,"(15.9, 23.4)",73.7,"(67.5, 79.4)",14.4,"(12.5, 16.5)",26,"(21.3, 31.2)",12.1,"(10.6, 14.1)",32.7,"(28.7, 37.2)",2.4,"( 2.1,  2.6)",9.2,"( 7.4, 11.1)",5.2,"( 4.6,  6.0)",4.8,"( 4.2,  5.6)",12.3,"(10.5, 14.5)",10,"( 8.4, 11.8)",3.1,"( 2.7,  3.6)",6.3,"( 5.4,  7.4)",23.8,"(20.3, 27.8)",33.3,"(28.9, 37.9)",10.4,"( 7.9, 13.2)",15.2,"(12.0, 19.1)",14.2,"(11.3, 17.2)",8.8,"( 7.2, 10.5)",8.2,"( 6.8,  9.8)",23.5,"(19.9, 27.3)",POINT (-106.0557305 35.6251225)
NM,New Mexico,Santa Fe,35049,35049001306,2315,"1,580",20.5,"(15.9, 25.8)",18.2,"(16.0, 20.7)",14,"(11.4, 16.8)",25.2,"(22.2, 28.5)",65.9,"(61.9, 69.8)",4.6,"( 4.1,  5.1)",9.5,"( 8.3, 10.8)",4.7,"( 4.1,  5.4)",64.2,"(59.5, 68.8)",81,"(77.8, 84.2)",52.8,"(48.6, 57.2)",4.8,"( 4.0,  5.6)",12.2,"( 9.8, 14.8)",60.7,"(57.6, 63.8)",23.6,"(20.4, 27.3)",11.1,"( 9.5, 12.8)",24,"(20.2, 28.3)",28.8,"(25.5, 32.2)",25.6,"(20.9, 30.5)",72.2,"(65.7, 78.3)",16.7,"(14.4, 19.1)",29.5,"(24.4, 35.1)",14.7,"(12.6, 17.0)",33.6,"(29.5, 38.0)",2.7,"( 2.4,  3.0)",12.9,"(10.7, 15.4)",5.6,"( 4.9,  6.4)",7.2,"( 6.1,  8.4)",16.2,"(13.6, 19.2)",12.7,"(10.6, 14.9)",4.4,"( 3.7,  5.2)",8.7,"( 7.2, 10.2)",29.3,"(24.7, 34.0)",35.8,"(31.2, 40.7)",19.6,"(15.3, 24.4)",25.3,"(20.2, 30.8)",21,"(17.3, 25.2)",13.4,"(11.1, 15.9)",12.6,"(10.4, 15.1)",25.9,"(22.1, 30.2)",POINT (-106.0456009 35.6194612)
NM,New Mexico,Santa Fe,35049,35049010102,4960,"3,935",18.1,"(15.6, 20.8)",21.8,"(19.2, 24.5)",13.1,"(10.8, 15.7)",29.4,"(26.1, 32.8)",72.7,"(69.1, 76.0)",6.5,"( 5.9,  7.2)",8.7,"( 7.7,  9.9)",6.1,"( 5.5,  6.8)",68.3,"(64.4, 72.1)",85.9,"(84.0, 87.7)",59.3,"(55.0, 63.6)",4.7,"( 4.1,  5.3)",9.9,"( 8.4, 11.6)",61.3,"(58.1, 64.5)",20.8,"(17.9, 24.1)",13,"(11.3, 14.8)",22.1,"(19.5, 25.1)",33.3,"(29.7, 37.0)",24,"(20.4, 28.0)",73.7,"(67.6, 79.3)",13.8,"(12.2, 15.7)",27.7,"(22.8, 33.0)",14.4,"(12.7, 16.2)",32.8,"(28.7, 37.2)",3.2,"( 2.9,  3.4)",9.9,"( 8.1, 12.0)",7,"( 6.2,  7.9)",6.4,"( 5.8,  7.1)",13.2,"(11.6, 14.9)",13.6,"(11.9, 15.6)",4.1,"( 3.7,  4.5)",7.2,"( 6.4,  8.1)",28.5,"(25.0, 32.3)",33.3,"(28.8, 37.6)",12.4,"(10.6, 14.7)",18.4,"(15.8, 21.2)",15.8,"(13.7, 18.2)",9.5,"( 8.2, 10.9)",9.2,"( 8.0, 10.4)",24.7,"(21.1, 28.3)",POINT (-105.789677 35.9304728)
NM,New Mexico,Santa Fe,35049,35049010204,2067,"1,912",4.3,"( 3.5,  5.4)",34.3,"(30.5, 38.3)",9,"( 7.3, 10.9)",39.3,"(35.2, 43.5)",82.6,"(79.1, 85.8)",15.8,"(14.3, 17.4)",8.8,"( 7.7, 10.0)",8.8,"( 7.7, 10.0)",81.1,"(78.0, 84.0)",95,"(94.1, 95.8)",77.4,"(74.0, 80.7)",6,"( 4.8,  7.3)",6.2,"( 4.7,  8.0)",77.7,"(75.3, 80.1)",19.8,"(16.9, 22.9)",12.3,"(10.5, 14.3)",13.8,"(11.6, 16.3)",42.8,"(38.5, 47.3)",14.5,"(11.8, 17.8)",78,"(72.4, 83.1)",8.9,"( 7.6, 10.3)",21.4,"(17.3, 25.9)",12,"(10.3, 13.9)",24.8,"(21.4, 28.6)",3.9,"( 3.4,  4.5)",7.3,"( 5.9,  9.0)",9.4,"( 8.2, 10.7)",3.5,"( 3.0,  4.0)",7,"( 5.9,  8.3)",12.3,"(10.4, 14.7)",2.8,"( 2.4,  3.3)",5,"( 4.2,  5.9)",24,"(20.6, 27.9)",24.8,"(20.9, 28.8)",3.7,"( 2.7,  5.0)",5,"( 3.9,  6.4)",4.1,"( 3.3,  5.0)",3.1,"( 2.6,  3.8)",3.3,"( 2.7,  3.9)",15.8,"(13.1, 18.8)",POINT (-106.0567535 35.7916349)
NM,New Mexico,Santa Fe,35049,35049010205,1246,"1,119",8.4,"( 6.9, 10.1)",31,"(27.6, 34.6)",10.5,"( 8.6, 12.7)",37.2,"(33.3, 41.3)",79.9,"(76.6, 83.0)",12.2,"(11.1, 13.4)",9.2,"( 8.1, 10.5)",8.6,"( 7.6,  9.7)",76.5,"(73.1, 79.7)",91.7,"(90.4, 92.8)",69.7,"(65.8, 73.6)",6.6,"( 5.6,  7.8)",8.9,"( 7.2, 10.8)",71.1,"(68.3, 73.9)",21.6,"(18.6, 25.0)",13.3,"(11.5, 15.4)",18,"(15.5, 20.9)",39.4,"(35.5, 43.6)",18.7,"(15.6, 22.4)",74.3,"(68.1, 79.8)",11.4,"( 9.9, 13.1)",24.7,"(20.1, 29.7)",13.7,"(12.0, 15.6)",28.1,"(24.4, 32.1)",4.1,"( 3.7,  4.5)",7.8,"( 6.3,  9.5)",9.3,"( 8.2, 10.5)",4.9,"( 4.3,  5.5)",9.8,"( 8.5, 11.3)",14.2,"(12.2, 16.6)",3.7,"( 3.3,  4.3)",6.5,"( 5.6,  7.5)",27.2,"(23.6, 31.2)",27.8,"(23.6, 31.9)",7.7,"( 6.2,  9.4)",9.7,"( 7.9, 11.5)",7.8,"( 6.5,  9.2)",5.7,"( 4.8,  6.6)",5.6,"( 4.7,  6.3)",18.6,"(15.6, 21.5)",POINT (-105.9109803 35.7860866)
NM,New Mexico,Santa Fe,35049,35049010304,4432,"3,802",11.6,"( 9.2, 14.4)",27.4,"(24.5, 30.5)",11.6,"( 9.6, 14.0)",33.4,"(29.9, 37.0)",77.6,"(74.1, 80.9)",10.5,"( 9.5, 11.5)",8.9,"( 7.8, 10.1)",7.4,"( 6.6,  8.3)",73.6,"(70.0, 77.2)",89.9,"(88.3, 91.4)",66,"(62.0, 69.8)",5.8,"( 4.9,  6.8)",8.6,"( 7.2, 10.3)",69.2,"(66.4, 72.0)",20.9,"(17.9, 24.2)",12.3,"(10.7, 14.2)",18.1,"(15.7, 20.8)",37,"(33.1, 41.1)",19.2,"(15.9, 22.8)",77.2,"(71.6, 82.4)",11.8,"(10.3, 13.5)",24.7,"(20.3, 29.5)",13.4,"(11.7, 15.2)",28.9,"(25.1, 33.1)",3.6,"( 3.2,  4.0)",8.8,"( 7.1, 10.6)",8.1,"( 7.2,  9.2)",4.9,"( 4.3,  5.5)",10.4,"( 9.0, 12.0)",13.2,"(11.3, 15.4)",3.5,"( 3.1,  4.0)",6.3,"( 5.5,  7.3)",26.4,"(22.9, 30.3)",29.6,"(25.5, 33.7)",8,"( 6.4,  9.9)",11.3,"( 9.0, 13.6)",9.6,"( 7.9, 11.4)",6.3,"( 5.2,  7.3)",6.2,"( 5.2,  7.2)",20.3,"(17.2, 23.5)",POINT (-106.0858975 35.6430149)
NM,New Mexico,Santa Fe,35049,35049010308,2310,"1,816",22.8,"(19.0, 27.3)",25.8,"(23.0, 28.9)",11.9,"( 9.8, 14.3)",33.7,"(30.2, 37.5)",73.7,"(70.2, 77.0)",7.2,"( 6.5,  8.0)",9.8,"( 8.6, 11.2)",8.2,"( 7.3,  9.2)",67.9,"(64.0, 71.9)",82.9,"(80.6, 85.2)",55.9,"(51.5, 60.3)",8.1,"( 6.8,  9.4)",15,"(12.6, 17.7)",55.8,"(52.5, 59.1)",23.4,"(20.1, 27.0)",15.5,"(13.5, 17.6)",29.6,"(25.9, 33.6)",35.2,"(31.5, 39.0)",30,"(25.5, 35.0)",67.7,"(60.9, 74.2)",16.1,"(14.1, 18.3)",30.4,"(25.2, 36.1)",18.1,"(15.9, 20.5)",33.7,"(29.6, 38.2)",4.4,"( 3.9,  4.8)",18.2,"(15.1, 21.6)",8.9,"( 7.9, 10.1)",9.3,"( 8.2, 10.4)",17.1,"(14.8, 19.6)",18.8,"(16.3, 21.5)",6.2,"( 5.5,  7.0)",10.6,"( 9.2, 12.1)",35.6,"(31.3, 40.3)",34.8,"(30.3, 39.5)",22.4,"(18.6, 26.3)",26.9,"(22.6, 31.2)",20.1,"(17.1, 23.3)",13.3,"(11.3, 15.3)",13,"(11.1, 14.9)",26,"(22.3, 30.0)",POINT (-106.1219688 35.5021636)
NM,New Mexico,Santa Fe,35049,35049010309,1903,"1,700",6.4,"( 5.4,  7.5)",30.2,"(27.0, 33.6)",11.7,"( 9.6, 14.1)",35.1,"(31.4, 38.9)",78.4,"(74.8, 81.6)",11.9,"(10.8, 13.1)",9.7,"( 8.5, 11.0)",7.7,"( 6.9,  8.6)",75.4,"(71.8, 78.7)",91.2,"(89.9, 92.5)",71.5,"(67.6, 75.1)",6.5,"( 5.6,  7.3)",9.2,"( 7.7, 10.9)",76,"(73.4, 78.4)",23.3,"(20.1, 26.8)",11.7,"(10.1, 13.4)",16.1,"(14.0, 18.3)",37.9,"(33.9, 42.0)",16.7,"(13.9, 19.8)",76.3,"(70.4, 81.7)",12.3,"(10.8, 13.9)",24.5,"(20.0, 29.4)",13.2,"(11.6, 14.9)",27.4,"(23.8, 31.4)",3.7,"( 3.4,  4.1)",7.3,"( 5.9,  8.8)",8.2,"( 7.3,  9.2)",4.2,"( 3.8,  4.6)",9.8,"( 8.6, 11.2)",12.8,"(11.1, 14.7)",3.4,"( 3.0,  3.7)",6.3,"( 5.5,  7.0)",25.4,"(22.1, 29.0)",28.1,"(24.3, 32.2)",6.9,"( 5.7,  8.2)",8.4,"( 7.0,  9.9)",7.2,"( 6.1,  8.4)",5.5,"( 4.7,  6.4)",5.2,"( 4.5,  5.9)",18.5,"(15.8, 21.3)",POINT (-105.9466657 35.3675804)
NM,New Mexico,Santa Fe,35049,35049010310,1278,"1,054",7.8,"( 6.5,  9.2)",27.6,"(24.7, 30.8)",12.7,"(10.4, 15.2)",32.6,"(29.2, 36.4)",76.4,"(72.6, 79.9)",10.6,"( 9.6, 11.7)",9.5,"( 8.3, 10.7)",6.8,"( 6.1,  7.7)",73.1,"(69.4, 76.7)",90.2,"(88.8, 91.6)",68.3,"(64.3, 72.1)",5.9,"( 5.0,  6.8)",10.1,"( 8.5, 12.1)",72.3,"(69.5, 75.0)",22.8,"(19.7, 26.2)",10.9,"( 9.4, 12.4)",16.3,"(14.2, 18.8)",36.4,"(32.6, 40.5)",17.7,"(14.8, 21.0)",76.6,"(71.0, 82.0)",12.8,"(11.3, 14.6)",23.9,"(19.6, 28.6)",13.1,"(11.5, 14.9)",29.2,"(25.4, 33.3)",3.4,"( 3.1,  3.8)",8.1,"( 6.6,  9.9)",7.7,"( 6.8,  8.7)",4.1,"( 3.7,  4.6)",10.5,"( 9.2, 12.0)",12.2,"(10.5, 14.2)",3.2,"( 2.8,  3.6)",6.2,"( 5.5,  7.1)",25.4,"(22.1, 28.9)",30.1,"(25.9, 34.4)",6.8,"( 5.5,  8.1)",9.2,"( 7.7, 10.9)",7.9,"( 6.7,  9.3)",5.4,"( 4.6,  6.3)",5.3,"( 4.6,  6.1)",21,"(17.9, 24.3)",POINT (-105.9599649 35.1536578)
NM,New Mexico,Santa Fe,35049,35049010311,4498,"3,576",8.5,"( 7.1, 10.0)",27.1,"(24.2, 30.3)",13.3,"(11.0, 15.9)",32.2,"(28.8, 35.8)",75,"(71.3, 78.4)",9.8,"( 8.9, 10.8)",10,"( 8.8, 11.4)",7,"( 6.3,  7.8)",71.3,"(67.6, 75.0)",88.2,"(86.5, 89.7)",66.8,"(62.6, 70.8)",6.5,"( 5.6,  7.6)",11.5,"( 9.7, 13.7)",68.7,"(65.7, 71.5)",24.8,"(21.5, 28.5)",11,"( 9.6, 12.7)",17.8,"(15.5, 20.5)",35.2,"(31.5, 39.1)",18.4,"(15.4, 22.0)",72.9,"(66.7, 78.8)",14.4,"(12.7, 16.4)",25.4,"(20.9, 30.5)",13.9,"(12.3, 15.8)",30.8,"(26.9, 35.1)",3.5,"( 3.2,  3.9)",8.7,"( 7.1, 10.6)",7.7,"( 6.8,  8.7)",4.6,"( 4.1,  5.1)",12.1,"(10.6, 13.9)",12.9,"(11.1, 14.9)",3.7,"( 3.3,  4.1)",7.1,"( 6.3,  8.1)",26.7,"(23.3, 30.6)",31.1,"(26.7, 35.5)",9.2,"( 7.5, 11.0)",11.3,"( 9.4, 13.3)",9.7,"( 8.1, 11.3)",6.9,"( 5.8,  8.0)",6.6,"( 5.7,  7.5)",21.3,"(18.1, 24.7)",POINT (-106.1787933 35.1502697)
NM,New Mexico,Santa Fe,35049,35049010312,4573,"3,584",10.2,"( 8.1, 12.4)",26.8,"(23.8, 30.1)",13.4,"(11.0, 16.1)",32.3,"(28.8, 36.1)",74,"(70.3, 77.3)",9,"( 8.1, 10.0)",10.3,"( 9.1, 11.7)",7.3,"( 6.4,  8.2)",70,"(66.0, 73.8)",85.9,"(83.8, 87.8)",63.4,"(59.2, 67.5)",7.3,"( 6.1,  8.8)",13,"(10.5, 15.7)",59.6,"(56.4, 62.8)",26,"(22.6, 29.9)",11.8,"(10.2, 13.7)",20.4,"(17.5, 23.7)",34.2,"(30.6, 38.1)",20.5,"(17.0, 24.4)",69.5,"(62.6, 75.7)",15.7,"(13.7, 17.8)",27.4,"(22.5, 32.9)",15,"(13.1, 17.1)",32.9,"(28.8, 37.2)",3.8,"( 3.3,  4.2)",13.9,"(11.4, 16.8)",7.9,"( 7.0,  9.0)",5.6,"( 4.9,  6.4)",13.7,"(11.8, 15.9)",14.2,"(12.1, 16.7)",4.4,"( 3.8,  5.1)",8.4,"( 7.2,  9.8)",29,"(25.1, 33.1)",31.6,"(27.3, 36.1)",13.3,"(10.5, 16.3)",14.8,"(12.0, 17.8)",12,"( 9.9, 14.1)",9.1,"( 7.6, 10.6)",8.4,"( 7.1,  9.7)",21.4,"(18.2, 24.9)",POINT (-106.1735651 35.0621631)
NM,New Mexico,Santa Fe,35049,35049010315,2632,"2,299",9.2,"( 7.1, 11.8)",28.2,"(25.0, 31.5)",11.5,"( 9.4, 13.7)",32.9,"(29.3, 36.7)",78.2,"(74.7, 81.4)",11.3,"(10.1, 12.6)",9.2,"( 8.1, 10.5)",7,"( 6.1,  8.1)",75,"(71.5, 78.4)",91.1,"(89.7, 92.5)",71.1,"(67.3, 74.8)",5.5,"( 4.3,  7.0)",7.8,"( 6.1, 10.0)",74.1,"(71.4, 76.7)",21.5,"(18.4, 24.8)",11.5,"( 9.8, 13.4)",16.4,"(13.7, 19.8)",37,"(33.0, 41.0)",17.6,"(14.3, 21.6)",76.9,"(71.2, 82.1)",11.6,"(10.0, 13.3)",23.4,"(19.1, 28.1)",12.8,"(10.9, 14.9)",28.2,"(24.4, 32.2)",3.5,"( 3.0,  4.0)",6.4,"( 5.2,  7.9)",8,"( 6.9,  9.2)",4.4,"( 3.7,  5.2)",9.7,"( 8.2, 11.6)",12.7,"(10.4, 15.4)",3.2,"( 2.7,  3.8)",6.1,"( 5.1,  7.3)",25.5,"(21.6, 29.9)",29.1,"(24.9, 33.6)",6.5,"( 4.8,  8.6)",9.2,"( 7.1, 11.8)",8.1,"( 6.5,  9.9)",5.4,"( 4.4,  6.4)",5.4,"( 4.4,  6.4)",19.3,"(16.1, 22.8)",POINT (-105.9921195 35.6305155)
NM,New Mexico,Santa Fe,35049,35049010316,1772,"1,507",8.9,"( 6.8, 11.3)",28.5,"(25.1, 31.8)",11.1,"( 9.1, 13.3)",34.1,"(30.2, 37.8)",79,"(75.4, 82.2)",11.6,"(10.4, 12.9)",8.9,"( 7.7, 10.0)",7.5,"( 6.4,  8.6)",75.7,"(72.3, 79.0)",91.4,"(90.0, 92.8)",72.2,"(68.5, 75.8)",5.4,"( 4.2,  6.8)",7.5,"( 5.7,  9.7)",76,"(73.5, 78.3)",20.4,"(17.4, 23.6)",11.8,"(10.0, 13.7)",16.4,"(13.5, 19.7)",37.6,"(33.5, 41.7)",17.8,"(14.3, 21.6)",79.8,"(74.6, 84.6)",10.9,"( 9.4, 12.6)",23.1,"(18.7, 27.8)",12.6,"(10.6, 14.7)",26.6,"(23.0, 30.5)",3.6,"( 3.1,  4.2)",7.4,"( 6.2,  9.0)",8.4,"( 7.3,  9.7)",4.5,"( 3.8,  5.3)",9.3,"( 7.8, 11.0)",12.9,"(10.5, 15.4)",3.2,"( 2.7,  3.9)",6,"( 4.9,  7.2)",25.7,"(21.7, 29.8)",28.5,"(24.4, 32.9)",6.4,"( 4.8,  8.3)",8.9,"( 7.0, 11.1)",7.6,"( 6.1,  9.3)",5.2,"( 4.3,  6.2)",5.2,"( 4.3,  6.1)",19,"(15.9, 22.3)",POINT (-105.9715816 35.6335719)
NM,New Mexico,Santa Fe,35049,35049010317,1172,920,7.4,"( 5.9,  9.3)",22.8,"(20.1, 25.8)",13.3,"(11.0, 15.9)",27.1,"(23.9, 30.6)",74.1,"(70.3, 77.6)",9.3,"( 8.4, 10.3)",8.9,"( 7.8, 10.1)",5.1,"( 4.4,  5.8)",72.1,"(68.3, 75.7)",90.2,"(88.7, 91.6)",70.5,"(66.7, 74.2)",3.8,"( 3.1,  4.8)",6.5,"( 4.9,  8.3)",76.2,"(73.6, 78.7)",21.3,"(18.3, 24.7)",8.8,"( 7.5, 10.3)",12.9,"(10.7, 15.5)",32.8,"(29.1, 36.7)",14.2,"(11.4, 17.5)",78.8,"(73.3, 83.6)",11.5,"( 9.9, 13.4)",22.1,"(17.9, 26.9)",10.6,"( 9.0, 12.3)",28,"(24.3, 32.1)",2.6,"( 2.2,  2.9)",5.4,"( 4.4,  6.7)",6,"( 5.2,  6.9)",3.4,"( 2.9,  3.9)",8.8,"( 7.4, 10.5)",9.2,"( 7.6, 11.1)",2.4,"( 2.1,  2.9)",4.9,"( 4.1,  5.9)",20.9,"(17.6, 24.6)",29.3,"(25.2, 33.6)",4.9,"( 3.6,  6.5)",7.6,"( 5.8,  9.6)",7.5,"( 6.0,  9.2)",5,"( 4.0,  5.9)",4.8,"( 4.0,  5.7)",19.1,"(16.1, 22.4)",POINT (-106.0178363 35.619892)
NM,New Mexico,Santa Fe,35049,35049010318,1884,"1,425",10.9,"( 8.5, 13.6)",21.3,"(18.7, 24.0)",13.5,"(11.1, 16.2)",27.1,"(23.9, 30.5)",72.3,"(68.5, 75.8)",7.5,"( 6.7,  8.3)",8.9,"( 7.8, 10.1)",5.2,"( 4.6,  5.9)",69.9,"(65.7, 73.8)",87.8,"(85.8, 89.7)",62.4,"(58.4, 66.4)",4.1,"( 3.4,  4.9)",8.1,"( 6.4, 10.0)",67.9,"(64.9, 70.8)",21.7,"(18.8, 25.0)",10,"( 8.6, 11.6)",16,"(13.6, 18.8)",31.6,"(28.2, 35.3)",17.8,"(14.5, 21.4)",76.7,"(71.1, 81.9)",12.8,"(11.1, 14.7)",24.7,"(20.2, 29.6)",11.6,"(10.1, 13.4)",30.9,"(27.0, 35.2)",2.7,"( 2.4,  3.0)",5.6,"( 4.5,  6.9)",6.1,"( 5.3,  6.9)",4.4,"( 3.9,  5.0)",10.6,"( 9.0, 12.4)",10.3,"( 8.6, 12.1)",2.9,"( 2.5,  3.4)",5.8,"( 4.9,  6.7)",23.1,"(19.7, 26.7)",30.8,"(26.4, 35.4)",8.4,"( 6.3, 10.7)",11.9,"( 9.3, 14.8)",10.9,"( 8.7, 13.3)",7.2,"( 5.9,  8.7)",6.7,"( 5.5,  7.9)",20.9,"(17.5, 24.5)",POINT (-106.011154 35.6331336)
NM,New Mexico,Santa Fe,35049,35049010400,3454,"3,032",5.3,"( 4.2,  6.7)",28.9,"(25.6, 32.2)",11.4,"( 9.4, 13.6)",32.8,"(29.1, 36.6)",79.9,"(76.6, 83.1)",13.4,"(12.1, 14.8)",9,"( 7.9, 10.2)",7.3,"( 6.3,  8.5)",76.5,"(73.2, 79.8)",91.3,"(89.7, 92.6)",74.3,"(70.7, 77.6)",5.1,"( 4.1,  6.4)",6.1,"( 4.7,  7.6)",78.3,"(76.0, 80.6)",21.3,"(18.3, 24.6)",9.8,"( 8.3, 11.5)",12.9,"(10.6, 15.5)",37.1,"(33.4, 41.1)",14.1,"(11.3, 17.1)",78.6,"(73.2, 83.4)",10.8,"( 9.3, 12.4)",19.7,"(15.8, 24.0)",11.1,"( 9.4, 12.9)",24.7,"(21.4, 28.5)",3.4,"( 2.9,  3.9)",6.4,"( 5.2,  7.8)",8.5,"( 7.4,  9.8)",3.3,"( 2.8,  3.9)",8.4,"( 7.1,  9.8)",11,"( 9.1, 13.4)",2.5,"( 2.1,  3.0)",5.3,"( 4.4,  6.3)",23.8,"(20.1, 27.6)",28.6,"(24.6, 32.7)",3.8,"( 2.9,  5.1)",5.6,"( 4.4,  7.1)",4.8,"( 3.9,  5.9)",3.4,"( 2.8,  4.1)",3.8,"( 3.2,  4.6)",17.6,"(14.8, 20.7)",POINT (-105.8733237 35.6638103)
NM,New Mexico,Santa Fe,35049,35049010500,1768,"1,594",5.7,"( 4.6,  7.2)",31,"(27.5, 34.7)",10.4,"( 8.6, 12.6)",35.5,"(31.7, 39.4)",80.7,"(77.4, 83.8)",13.7,"(12.5, 15.0)",8.9,"( 7.9, 10.1)",7.7,"( 6.7,  8.8)",78.1,"(74.9, 81.2)",93,"(91.9, 94.0)",74.5,"(70.8, 78.0)",5.5,"( 4.5,  6.9)",6.5,"( 5.0,  8.4)",79.6,"(77.3, 81.8)",20.8,"(17.9, 24.0)",11.3,"( 9.6, 13.2)",14.2,"(11.8, 17.1)",39.5,"(35.5, 43.7)",15.1,"(12.2, 18.6)",79.6,"(74.2, 84.3)",10,"( 8.6, 11.6)",21.5,"(17.5, 26.2)",11.8,"(10.1, 13.8)",24.7,"(21.3, 28.4)",3.6,"( 3.1,  4.1)",3.9,"( 3.1,  4.8)",8.5,"( 7.4,  9.7)",3.7,"( 3.2,  4.4)",8,"( 6.7,  9.6)",12,"(10.0, 14.6)",2.8,"( 2.4,  3.4)",5.3,"( 4.4,  6.4)",24,"(20.4, 28.2)",26.6,"(22.6, 30.6)",4.5,"( 3.3,  6.0)",6.1,"( 4.7,  7.9)",5.1,"( 4.1,  6.3)",3.8,"( 3.1,  4.5)",3.9,"( 3.3,  4.6)",16.6,"(14.0, 19.6)",POINT (-105.8510206 35.7081821)
NM,New Mexico,Santa Fe,35049,35049010601,5742,"4,669",11.4,"( 8.6, 14.7)",24.3,"(21.4, 27.3)",12.8,"(10.6, 15.4)",29.7,"(26.2, 33.4)",74.7,"(71.1, 78.1)",9.1,"( 8.1, 10.0)",9.1,"( 8.0, 10.4)",6.1,"( 5.3,  7.0)",71.4,"(67.6, 75.1)",88.9,"(87.0, 90.7)",65.6,"(61.5, 69.6)",5.1,"( 4.0,  6.2)",8.8,"( 6.9, 10.9)",71.5,"(68.8, 74.3)",21.7,"(18.6, 25.0)",10.6,"( 9.1, 12.3)",16.8,"(14.0, 19.9)",34.2,"(30.5, 38.0)",18.2,"(14.7, 22.0)",77.7,"(72.0, 82.8)",12.7,"(11.0, 14.5)",24,"(19.6, 29.0)",12.5,"(10.7, 14.5)",29.3,"(25.5, 33.4)",3.1,"( 2.7,  3.5)",7.7,"( 6.2,  9.3)",7,"( 6.0,  8.0)",4.4,"( 3.8,  5.1)",10.7,"( 9.0, 12.7)",11.6,"( 9.6, 13.7)",3.1,"( 2.6,  3.7)",6.1,"( 5.1,  7.2)",24.7,"(21.0, 28.7)",31.1,"(26.7, 35.6)",7.8,"( 5.9, 10.1)",11.4,"( 8.9, 14.2)",10.2,"( 8.1, 12.3)",6.4,"( 5.2,  7.6)",6.3,"( 5.2,  7.5)",21.7,"(18.2, 25.3)",POINT (-105.9929125 35.5873462)
NM,New Mexico,Santa Fe,35049,35049010602,3005,"2,761",4.3,"( 3.4,  5.5)",34.2,"(30.4, 38.5)",9.7,"( 7.9, 11.7)",38.1,"(33.9, 42.6)",81.6,"(78.0, 84.7)",14.9,"(13.4, 16.5)",9.5,"( 8.3, 10.9)",8.4,"( 7.2,  9.8)",79.8,"(76.7, 82.7)",94.1,"(93.1, 95.0)",75.3,"(71.6, 78.8)",6.4,"( 5.1,  8.3)",7.3,"( 5.3,  9.8)",75,"(72.3, 77.4)",22,"(18.8, 25.5)",12.1,"(10.2, 14.3)",14.6,"(11.9, 17.9)",41.5,"(37.2, 46.0)",15.1,"(11.9, 18.9)",78.9,"(73.7, 83.8)",10.3,"( 8.7, 12.1)",22.5,"(18.2, 27.5)",12.7,"(10.7, 15.1)",25.9,"(22.4, 29.7)",3.9,"( 3.4,  4.6)",4.2,"( 3.4,  5.2)",8.9,"( 7.7, 10.4)",3.7,"( 3.2,  4.5)",8.1,"( 6.7,  9.8)",12.9,"(10.6, 15.8)",3.1,"( 2.6,  3.8)",5.6,"( 4.6,  6.9)",24.7,"(20.7, 29.4)",25.9,"(22.0, 29.9)",4.6,"( 3.2,  6.5)",5.8,"( 4.3,  7.7)",4.8,"( 3.8,  6.0)",3.8,"( 3.0,  4.7)",3.8,"( 3.1,  4.7)",16.2,"(13.4, 19.2)",POINT (-105.9555784 35.5315628)
NM,New Mexico,Santa Fe,35049,35049010603,2427,"2,017",12.9,"( 9.9, 16.3)",26.3,"(23.2, 29.3)",12.3,"(10.1, 14.9)",31.9,"(28.3, 35.5)",75.6,"(71.8, 79.1)",9.6,"( 8.6, 10.6)",9.3,"( 8.2, 10.6)",7,"( 6.1,  8.0)",71.6,"(67.7, 75.5)",88.8,"(86.8, 90.6)",68.2,"(64.4, 71.8)",6.1,"( 5.1,  7.3)",10.3,"( 8.3, 12.4)",68.4,"(65.5, 71.2)",21.9,"(18.8, 25.1)",11.7,"(10.0, 13.5)",19.3,"(16.3, 22.7)",36,"(32.2, 39.8)",20.2,"(16.6, 24.2)",74.1,"(68.2, 79.8)",12.9,"(11.3, 14.7)",24.6,"(20.1, 29.5)",14,"(12.1, 16.1)",29.9,"(26.0, 34.1)",3.5,"( 3.1,  4.0)",7.2,"( 5.8,  8.7)",7.7,"( 6.7,  8.8)",5.1,"( 4.4,  5.9)",11.8,"(10.0, 13.6)",13.4,"(11.3, 15.8)",3.7,"( 3.1,  4.3)",6.9,"( 5.8,  8.0)",27.3,"(23.4, 31.5)",31.6,"(27.0, 36.1)",8.9,"( 6.9, 11.2)",12.7,"(10.1, 15.6)",10.7,"( 8.7, 12.8)",6.5,"( 5.4,  7.7)",6.7,"( 5.6,  7.9)",22.5,"(19.0, 26.3)",POINT (-106.0020142 35.476233)
NM,New Mexico,Santa Fe,35049,35049010701,3754,"3,385",4.7,"( 3.8,  5.7)",32.6,"(29.0, 36.5)",10,"( 8.2, 12.1)",36.8,"(32.8, 40.9)",81.2,"(77.8, 84.3)",14.5,"(13.1, 16.0)",9.2,"( 8.1, 10.5)",7.8,"( 6.9,  8.9)",79.4,"(76.2, 82.4)",94,"(93.1, 94.8)",76.4,"(72.8, 79.8)",5.8,"( 4.8,  7.0)",6.6,"( 5.2,  8.3)",80,"(77.7, 82.1)",21.2,"(18.2, 24.5)",11.4,"( 9.7, 13.2)",13.6,"(11.5, 15.9)",40.8,"(36.7, 45.1)",14.3,"(11.7, 17.3)",77.3,"(71.7, 82.4)",9.9,"( 8.5, 11.4)",21.8,"(17.6, 26.4)",11.9,"(10.3, 13.7)",24.5,"(21.1, 28.3)",3.6,"( 3.2,  4.1)",5.9,"( 4.8,  7.2)",8.4,"( 7.4,  9.5)",3.4,"( 3.0,  3.9)",7.6,"( 6.5,  8.9)",11.8,"( 9.9, 13.9)",2.8,"( 2.4,  3.2)",5.1,"( 4.4,  6.0)",23.3,"(19.9, 27.1)",25.9,"(22.0, 29.8)",4.1,"( 3.1,  5.3)",5.4,"( 4.3,  6.7)",4.6,"( 3.8,  5.6)",3.5,"( 2.9,  4.2)",3.6,"( 3.0,  4.2)",16.2,"(13.7, 19.0)",POINT (-105.8901076 35.5187025)
NM,New Mexico,Santa Fe,35049,35049010702,1579,"1,422",5.3,"( 4.3,  6.4)",30.6,"(27.0, 34.1)",10.8,"( 8.8, 13.0)",35,"(31.0, 38.9)",80.1,"(76.4, 83.3)",13.5,"(12.3, 14.8)",9.1,"( 8.0, 10.3)",7.5,"( 6.7,  8.5)",77.8,"(74.5, 80.9)",93.2,"(92.1, 94.1)",75,"(71.3, 78.4)",5.5,"( 4.6,  6.4)",6.7,"( 5.4,  8.2)",78.5,"(76.1, 80.7)",21.4,"(18.3, 24.7)",11,"( 9.3, 12.7)",13.7,"(11.6, 15.9)",39.3,"(35.1, 43.4)",14.5,"(11.8, 17.5)",77.4,"(71.7, 82.6)",10.3,"( 8.9, 11.8)",21.8,"(17.5, 26.5)",11.8,"(10.1, 13.4)",25.6,"(22.1, 29.5)",3.5,"( 3.1,  3.9)",4.3,"( 3.4,  5.2)",8.3,"( 7.3,  9.3)",3.5,"( 3.1,  3.9)",8,"( 6.9,  9.3)",11.5,"( 9.7, 13.5)",2.8,"( 2.4,  3.2)",5.2,"( 4.4,  6.0)",23.3,"(19.8, 26.8)",26.5,"(22.6, 30.4)",4.3,"( 3.4,  5.4)",5.9,"( 4.8,  7.2)",5.1,"( 4.3,  6.1)",3.8,"( 3.2,  4.4)",3.8,"( 3.3,  4.4)",16.7,"(14.0, 19.3)",POINT (-105.9272304 35.5960632)
NM,New Mexico,Santa Fe,35049,35049010800,2867,"2,424",10.6,"( 9.1, 12.4)",27.6,"(24.6, 30.7)",12.1,"( 9.9, 14.5)",33.9,"(30.3, 37.7)",76.7,"(73.2, 80.0)",9.6,"( 8.7, 10.6)",9.5,"( 8.4, 10.7)",7.5,"( 6.7,  8.4)",72.5,"(68.9, 76.1)",88.5,"(87.0, 89.9)",67.3,"(63.3, 71.3)",6.6,"( 5.7,  7.5)",10.9,"( 9.1, 12.7)",68,"(65.0, 70.9)",23.1,"(20.0, 26.6)",12.9,"(11.2, 14.8)",19.6,"(17.1, 22.2)",36.4,"(32.7, 40.4)",20.6,"(17.3, 24.2)",74.6,"(68.5, 80.2)",13.5,"(11.9, 15.3)",26.6,"(21.8, 31.7)",14.2,"(12.6, 16.1)",30.3,"(26.4, 34.5)",3.7,"( 3.4,  4.1)",10.4,"( 8.5, 12.6)",8.1,"( 7.1,  9.1)",5.4,"( 4.9,  5.9)",11.7,"(10.3, 13.3)",14,"(12.1, 16.0)",4,"( 3.6,  4.4)",7.2,"( 6.3,  8.1)",27.6,"(24.1, 31.4)",30.1,"(25.9, 34.2)",10.7,"( 9.0, 12.7)",13.2,"(11.1, 15.3)",10.7,"( 9.1, 12.3)",7.6,"( 6.5,  8.8)",7.1,"( 6.2,  8.1)",20.7,"(17.7, 23.9)",POINT (-105.814677 35.6132899)
NM,New Mexico,Santa Fe,35049,35049010900,3173,"2,713",12.9,"( 9.9, 16.0)",27.4,"(24.5, 30.6)",11.4,"( 9.4, 13.8)",34.1,"(30.6, 37.8)",77.9,"(74.5, 81.1)",10.2,"( 9.2, 11.3)",8.9,"( 7.8, 10.0)",7.7,"( 6.7,  8.7)",73.3,"(69.7, 77.1)",89.4,"(87.7, 91.1)",66.8,"(62.7, 70.9)",6.2,"( 5.0,  7.4)",9.3,"( 7.6, 11.5)",69.8,"(67.0, 72.5)",20.9,"(18.0, 24.0)",12.8,"(11.1, 14.7)",19.1,"(16.3, 22.4)",37.3,"(33.5, 41.3)",20.5,"(17.0, 24.5)",73.4,"(67.2, 79.2)",12.1,"(10.6, 13.9)",25,"(20.6, 30.0)",13.7,"(11.9, 15.8)",28.3,"(24.6, 32.4)",3.7,"( 3.3,  4.2)",8.5,"( 6.9, 10.3)",8.4,"( 7.3,  9.5)",5.2,"( 4.5,  6.0)",10.9,"( 9.4, 12.9)",13.7,"(11.5, 16.1)",3.7,"( 3.2,  4.2)",6.6,"( 5.7,  7.7)",27.3,"(23.6, 31.5)",30.1,"(25.8, 34.5)",9,"( 7.0, 11.1)",12.5,"(10.0, 15.2)",10.1,"( 8.4, 12.1)",6.5,"( 5.5,  7.7)",6.6,"( 5.6,  7.7)",21.1,"(17.9, 24.8)",POINT (-106.1501469 35.6812985)
NM,New Mexico,Santa Fe,35049,35049940300,1819,"1,391",14.1,"(11.8, 16.8)",25.1,"(22.3, 28.0)",12.5,"(10.3, 15.1)",32.7,"(29.2, 36.2)",73.8,"(70.2, 77.1)",7.2,"( 6.6,  8.0)",10.4,"( 9.2, 11.8)",7.2,"( 6.4,  8.0)",69.9,"(66.0, 73.8)",85.4,"(83.5, 87.4)",61,"(56.7, 65.2)",6.2,"( 5.3,  7.0)",13.7,"(11.6, 16.0)",61,"(57.7, 64.2)",23.1,"(19.9, 26.5)",14.5,"(12.6, 16.5)",24,"(21.0, 27.2)",33.6,"(30.0, 37.4)",24.6,"(20.8, 28.8)",71.7,"(65.5, 77.9)",16,"(14.1, 18.0)",29.4,"(24.3, 34.9)",16.1,"(14.2, 18.1)",34.7,"(30.5, 39.1)",3.9,"( 3.5,  4.3)",11.4,"( 9.3, 13.8)",8.5,"( 7.5,  9.5)",7.3,"( 6.5,  8.1)",14.6,"(12.8, 16.6)",15.9,"(13.8, 18.1)",4.6,"( 4.2,  5.2)",8.9,"( 7.8, 10.0)",32.1,"(28.0, 36.3)",33.8,"(29.2, 38.2)",16.1,"(13.5, 18.7)",21.1,"(18.0, 24.2)",16.9,"(14.5, 19.4)",11.7,"(10.1, 13.4)",11.3,"( 9.9, 12.9)",25.5,"(21.9, 29.1)",POINT (-106.1659293 35.9022924)
NM,New Mexico,Santa Fe,35049,35049940400,1773,"1,362",12.6,"(10.5, 14.9)",27.9,"(25.0, 31.0)",11.7,"( 9.7, 14.1)",34.9,"(31.4, 38.5)",75.9,"(72.5, 79.0)",8.8,"( 8.0,  9.6)",10.8,"( 9.5, 12.1)",8.3,"( 7.4,  9.3)",71.5,"(67.8, 75.2)",86.1,"(84.2, 88.0)",60.9,"(56.7, 65.1)",7.6,"( 6.5,  8.8)",14.2,"(12.1, 16.7)",63,"(59.8, 66.0)",24.3,"(21.0, 27.8)",14.7,"(12.8, 16.7)",24.3,"(21.2, 27.7)",35.4,"(31.7, 39.2)",24.2,"(20.4, 28.2)",72.9,"(66.6, 78.9)",15.9,"(14.0, 18.0)",28.6,"(23.7, 34.0)",16.6,"(14.6, 18.7)",32.8,"(28.7, 37.2)",4.4,"( 3.9,  4.8)",12.3,"(10.1, 14.7)",9.4,"( 8.4, 10.6)",7.3,"( 6.5,  8.1)",14.6,"(12.9, 16.7)",17,"(14.7, 19.5)",5,"( 4.4,  5.5)",9.4,"( 8.3, 10.8)",32.9,"(28.9, 37.2)",33,"(28.6, 37.2)",16.3,"(13.7, 18.9)",19.8,"(17.0, 22.7)",15.1,"(13.0, 17.3)",11,"( 9.5, 12.6)",10.8,"( 9.4, 12.2)",24,"(20.6, 27.3)",POINT (-105.9730477 35.8035888)
NM,New Mexico,Santa Fe,35049,35049940500,1840,"1,498",16.4,"(13.4, 20.1)",27.1,"(24.1, 30.4)",11.3,"( 9.3, 13.6)",36.3,"(32.6, 40.0)",76.1,"(72.6, 79.3)",7.8,"( 7.0,  8.6)",9.9,"( 8.8, 11.2)",8.9,"( 7.9,  9.9)",71,"(67.3, 74.7)",86.1,"(84.0, 87.9)",58.3,"(53.8, 62.8)",7.1,"( 6.1,  8.3)",14.3,"(12.1, 17.0)",55.6,"(52.3, 58.9)",21.8,"(18.8, 25.0)",16.8,"(14.7, 19.2)",27.2,"(23.7, 31.1)",36,"(32.3, 40.1)",27.7,"(23.3, 32.4)",70.2,"(63.4, 76.4)",15,"(13.3, 17.1)",30,"(24.8, 35.7)",17.3,"(15.3, 19.7)",34.2,"(30.1, 38.7)",4.6,"( 4.2,  5.2)",13.2,"(10.9, 15.8)",10.2,"( 9.0, 11.4)",8.6,"( 7.6,  9.7)",14.8,"(12.9, 17.0)",18.6,"(16.2, 21.4)",5.5,"( 4.8,  6.3)",9.6,"( 8.3, 10.9)",34.7,"(30.5, 39.2)",33,"(28.5, 37.5)",18.4,"(15.3, 21.9)",23.1,"(19.5, 26.9)",17.4,"(14.9, 20.3)",12.1,"(10.4, 14.0)",11.7,"(10.2, 13.4)",25.5,"(21.9, 29.3)",POINT (-105.9201648 35.8702317)
NM,New Mexico,Santa Fe,35049,35049940600,3529,"2,809",15.7,"(13.0, 18.7)",23.3,"(20.7, 26.1)",12.7,"(10.4, 15.2)",30.8,"(27.5, 34.3)",73.5,"(70.0, 76.8)",7,"( 6.4,  7.7)",9.4,"( 8.3, 10.7)",6.7,"( 6.0,  7.5)",69,"(64.9, 72.8)",85.3,"(83.1, 87.1)",59.5,"(55.1, 63.9)",5.5,"( 4.8,  6.3)",11.4,"( 9.6, 13.3)",61.5,"(58.3, 64.5)",22.1,"(19.0, 25.5)",13.2,"(11.6, 15.1)",22.9,"(20.1, 25.8)",33.4,"(29.9, 37.2)",24.2,"(20.6, 28.0)",71.8,"(65.4, 77.8)",14.8,"(13.0, 16.7)",27.6,"(22.8, 33.0)",15,"(13.2, 16.9)",33,"(28.8, 37.4)",3.5,"( 3.2,  3.8)",12,"( 9.8, 14.4)",7.8,"( 6.9,  8.8)",6.8,"( 6.1,  7.6)",14,"(12.2, 15.9)",14.7,"(12.7, 16.7)",4.4,"( 3.9,  4.9)",8.1,"( 7.2,  9.1)",30.3,"(26.6, 34.1)",33.6,"(29.2, 38.1)",14,"(11.7, 16.4)",19.1,"(16.2, 22.1)",15.5,"(13.3, 17.8)",10,"( 8.5, 11.4)",9.9,"( 8.6, 11.3)",24.5,"(21.1, 28.1)",POINT (-106.0264282 35.8937592)
NM,New Mexico,Santa Fe,35049,35049940900,3218,"2,478",23,"(18.7, 27.6)",23.4,"(20.7, 26.1)",11.7,"( 9.6, 14.2)",32.3,"(28.9, 35.8)",73.4,"(70.1, 76.5)",6.1,"( 5.5,  6.8)",9.2,"( 8.1, 10.5)",7.6,"( 6.7,  8.5)",67.7,"(63.8, 71.8)",82.5,"(80.0, 85.0)",51.5,"(47.0, 56.0)",6.2,"( 5.3,  7.2)",12.9,"(10.8, 15.3)",54.3,"(50.8, 57.7)",21.9,"(18.7, 25.2)",15.7,"(13.8, 17.8)",29.2,"(25.4, 33.4)",34,"(30.4, 37.8)",30.9,"(26.4, 35.9)",69.6,"(62.8, 75.9)",15.7,"(13.8, 17.8)",30.1,"(24.8, 35.6)",17.2,"(15.1, 19.5)",34.5,"(30.2, 39.0)",4,"( 3.6,  4.5)",14.6,"(12.1, 17.5)",8.7,"( 7.7,  9.8)",9.6,"( 8.4, 10.9)",16.6,"(14.5, 19.2)",18.1,"(15.6, 20.7)",5.8,"( 5.1,  6.6)",10,"( 8.7, 11.6)",35.2,"(30.8, 39.8)",35.2,"(30.5, 40.0)",21.8,"(17.9, 25.8)",27.6,"(23.2, 32.2)",20.8,"(17.6, 24.1)",13.3,"(11.3, 15.4)",13.2,"(11.2, 15.2)",26.5,"(22.6, 30.5)",POINT (-106.0475576 35.9710917)
NM,New Mexico,Santa Fe,35049,35049980000,966,922,27.4,"(21.0, 33.5)",8.6,"( 7.3, 10.0)",22.4,"(18.8, 26.8)",18.6,"(16.0, 21.3)",43.5,"(38.7, 48.7)",2.1,"( 1.9,  2.4)",7,"( 6.0,  8.0)",2.7,"( 2.3,  3.2)",50.2,"(45.2, 55.7)",72.3,"(68.0, 76.4)",43.2,"(39.0, 47.5)",2.6,"( 2.1,  3.1)",14.7,"(12.2, 17.6)",56.4,"(52.9, 59.8)",18.4,"(15.5, 21.5)",6.3,"( 5.3,  7.4)",20.3,"(16.5, 24.5)",21.9,"(18.9, 25.1)",20.7,"(16.8, 24.9)",64.7,"(56.1, 72.4)",16,"(13.9, 18.2)",26.8,"(22.0, 31.9)",11.4,"( 9.7, 13.3)",37,"(32.5, 41.7)",1.5,"( 1.3,  1.7)",6.9,"( 5.4,  8.5)",4.2,"( 3.6,  4.9)",4.6,"( 3.8,  5.5)",16.1,"(13.5, 19.0)",6.4,"( 5.1,  7.7)",2.7,"( 2.2,  3.2)",5.8,"( 4.8,  6.9)",25,"(20.7, 29.6)",39.4,"(34.1, 44.8)",12.1,"( 9.3, 15.4)",21.4,"(16.6, 26.6)",20.5,"(16.7, 24.5)",10.8,"( 9.1, 12.8)",11.1,"( 9.2, 13.3)",36,"(31.0, 41.1)",POINT (-106.0627929 35.566251)
NM,New Mexico,Sierra,35051,35051962200,3294,"2,741",17.2,"(14.2, 20.6)",38.8,"(34.6, 43.1)",10.6,"( 8.5, 13.1)",47.5,"(42.7, 52.6)",81.1,"(78.1, 83.8)",10.8,"( 9.7, 12.0)",11.1,"( 9.7, 12.7)",13.5,"(11.9, 15.1)",73.1,"(68.9, 77.2)",84.3,"(82.1, 86.4)",57.4,"(51.6, 63.2)",15.1,"(12.8, 17.5)",21.3,"(17.9, 24.9)",52,"(47.9, 55.9)",24.6,"(20.8, 28.9)",20.7,"(18.0, 23.8)",35.3,"(30.8, 40.1)",42.9,"(38.2, 48.1)",36.1,"(30.3, 42.6)",60,"(50.5, 69.1)",17.7,"(15.5, 20.2)",41.1,"(32.7, 50.4)",22.5,"(19.7, 25.6)",35.2,"(28.7, 42.1)",7.2,"( 6.4,  8.1)",22.2,"(18.5, 26.4)",14.2,"(12.5, 16.0)",11.8,"(10.4, 13.3)",19.5,"(17.0, 22.3)",27.6,"(24.0, 31.5)",9,"( 7.9, 10.2)",15.1,"(13.1, 17.3)",46.5,"(41.0, 52.4)",32.8,"(27.7, 38.3)",30.2,"(25.7, 35.3)",28.2,"(24.1, 32.9)",18.2,"(15.6, 21.1)",14.9,"(12.8, 17.0)",14,"(12.2, 16.1)",23.7,"(20.0, 27.9)",POINT (-107.2407966 33.1429839)
NM,New Mexico,Sierra,35051,35051962300,3216,"2,687",12.7,"(10.6, 14.9)",34.5,"(30.5, 38.7)",11.9,"( 9.7, 14.7)",42.5,"(37.8, 47.4)",80.2,"(77.0, 83.3)",11.1,"(10.0, 12.2)",10.1,"( 8.8, 11.5)",10.6,"( 9.3, 12.0)",73.3,"(69.2, 77.3)",87.3,"(85.4, 89.0)",63.5,"(58.0, 68.9)",10,"( 8.4, 11.7)",15,"(12.4, 17.8)",61.2,"(57.4, 65.0)",22.1,"(18.6, 26.1)",16,"(13.6, 18.4)",25.8,"(22.2, 29.6)",41.2,"(36.4, 46.4)",27.5,"(22.6, 32.8)",66,"(56.7, 74.2)",15,"(13.1, 17.1)",35.6,"(27.9, 44.4)",17.7,"(15.4, 20.1)",32.4,"(26.1, 39.2)",5.4,"( 4.7,  6.1)",15.1,"(12.4, 18.1)",11.8,"(10.3, 13.3)",7.5,"( 6.5,  8.4)",15,"(12.9, 17.2)",20.1,"(17.2, 23.2)",5.6,"( 4.9,  6.4)",10.3,"( 8.8, 11.8)",38.2,"(33.2, 43.4)",31.6,"(26.6, 37.0)",15.4,"(12.7, 18.3)",17.1,"(14.4, 20.0)",12.4,"(10.6, 14.5)",9,"( 7.7, 10.4)",8.9,"( 7.7, 10.2)",22.7,"(19.2, 26.6)",POINT (-107.27604 33.125893)
NM,New Mexico,Sierra,35051,35051962401,2357,"2,110",8.6,"( 7.3, 10.3)",38.9,"(34.6, 43.4)",10.6,"( 8.6, 13.1)",45.7,"(40.8, 50.9)",83.2,"(80.1, 86.2)",14.1,"(12.7, 15.5)",9.9,"( 8.7, 11.3)",11.3,"(10.1, 12.7)",77.5,"(73.8, 81.3)",91.2,"(89.9, 92.4)",68.1,"(62.6, 73.4)",9.9,"( 8.5, 11.3)",12.3,"(10.2, 14.4)",67.5,"(64.0, 70.9)",21,"(17.7, 24.9)",15.7,"(13.5, 18.1)",22.1,"(19.1, 25.3)",44.3,"(39.4, 49.9)",24,"(19.7, 28.8)",69,"(60.2, 76.9)",13,"(11.4, 14.8)",33,"(25.5, 41.6)",16.7,"(14.8, 18.9)",29.8,"(23.8, 36.3)",5.5,"( 5.0,  6.1)",11.9,"( 9.6, 14.5)",12.5,"(11.1, 14.1)",5.9,"( 5.3,  6.6)",12.3,"(10.8, 13.9)",19.3,"(16.8, 22.2)",4.8,"( 4.2,  5.3)",8.8,"( 7.8,  9.9)",36.7,"(32.1, 41.8)",29.6,"(24.8, 34.7)",9.3,"( 7.7, 11.1)",11,"( 9.2, 13.0)",8.2,"( 6.9,  9.5)",6,"( 5.1,  6.9)",6.2,"( 5.4,  7.1)",20.7,"(17.6, 24.3)",POINT (-106.8901164 33.170858)
NM,New Mexico,Sierra,35051,35051962402,2709,"2,257",16.2,"(14.1, 18.6)",37.3,"(33.2, 41.5)",10.9,"( 8.8, 13.6)",46.3,"(41.6, 51.2)",81.3,"(78.2, 84.1)",11,"(10.0, 12.1)",10.4,"( 9.1, 11.8)",12.5,"(11.3, 13.8)",73.6,"(69.5, 77.6)",86.3,"(84.5, 88.0)",59.7,"(54.0, 65.3)",12.6,"(11.2, 14.0)",17.9,"(15.4, 20.6)",56.9,"(53.0, 60.7)",22.9,"(19.3, 26.9)",19.3,"(16.8, 22.1)",31.3,"(27.6, 35.0)",43,"(38.1, 48.2)",32.5,"(27.3, 38.1)",63.3,"(54.0, 71.9)",16,"(14.0, 18.1)",39.4,"(31.3, 48.5)",20.4,"(18.0, 22.8)",33,"(26.7, 39.9)",6.4,"( 5.9,  6.9)",20.6,"(17.1, 24.5)",13.3,"(11.8, 14.8)",9.7,"( 8.9, 10.6)",17,"(15.0, 19.1)",24.2,"(21.3, 27.2)",7.4,"( 6.7,  8.0)",12.4,"(11.0, 13.7)",42.8,"(37.8, 48.0)",31.7,"(26.7, 36.9)",22.6,"(19.7, 25.7)",23,"(20.2, 26.0)",15.7,"(13.7, 17.8)",12,"(10.5, 13.6)",11.4,"(10.1, 12.8)",23.1,"(19.7, 26.8)",POINT (-107.617082 33.066836)
NM,New Mexico,Socorro,35053,35053940000,1569,"1,100",19.6,"(16.0, 23.3)",32.2,"(28.7, 35.7)",11.7,"( 9.4, 14.3)",44.6,"(40.0, 49.1)",70.5,"(67.1, 73.7)",5.6,"( 5.0,  6.2)",16.2,"(14.2, 18.2)",13,"(11.7, 14.4)",66.2,"(61.3, 70.8)",69.6,"(65.9, 73.2)",34.4,"(29.2, 39.9)",18.3,"(16.0, 20.6)",43,"(38.2, 47.8)",26.2,"(23.1, 29.5)",29.7,"(25.4, 34.1)",24.1,"(21.3, 26.8)",50.8,"(45.9, 55.8)",33.7,"(29.5, 38.1)",45.7,"(39.5, 51.8)",46.8,"(36.9, 56.4)",29.4,"(26.3, 32.6)",48.8,"(40.2, 57.2)",30.2,"(27.0, 33.4)",43,"(36.2, 50.4)",8.5,"( 7.7,  9.4)",52,"(46.3, 57.9)",16,"(14.4, 17.8)",21.9,"(19.6, 24.3)",33,"(29.3, 36.9)",33.9,"(30.4, 37.5)",13.6,"(12.0, 15.2)",26.5,"(23.5, 29.5)",59,"(53.4, 64.1)",40.9,"(35.0, 47.0)",65.4,"(60.0, 70.4)",62.2,"(56.7, 67.5)",42,"(37.3, 46.6)",38.5,"(34.5, 42.4)",37.4,"(33.5, 41.5)",35.1,"(30.1, 40.1)",POINT (-107.5499993 34.3805868)
NM,New Mexico,Socorro,35053,35053978100,3703,"2,862",20.8,"(18.3, 23.5)",29,"(25.5, 32.5)",11.9,"( 9.5, 14.6)",39.6,"(35.1, 43.9)",76.4,"(72.8, 79.5)",7.7,"( 6.9,  8.5)",9.8,"( 8.6, 11.1)",9.7,"( 8.7, 10.6)",69.9,"(65.3, 74.2)",82.8,"(80.7, 85.0)",53.7,"(47.9, 59.4)",9.3,"( 8.3, 10.3)",17,"(14.5, 19.2)",49.1,"(45.1, 53.2)",21.4,"(17.9, 25.0)",17.5,"(15.2, 19.8)",31.7,"(28.2, 35.0)",37.6,"(33.0, 42.1)",34.4,"(29.2, 39.4)",62.7,"(53.6, 71.4)",16.8,"(14.7, 18.8)",38.2,"(30.3, 46.4)",19.4,"(17.1, 21.5)",32.5,"(26.5, 39.2)",5.1,"( 4.7,  5.5)",24,"(19.9, 28.5)",10.6,"( 9.4, 11.8)",10.1,"( 9.3, 11.0)",18,"(15.9, 20.0)",21.5,"(19.0, 24.0)",6.8,"( 6.2,  7.4)",11.6,"(10.4, 12.8)",40.2,"(35.3, 44.7)",33.5,"(28.3, 39.1)",24.2,"(21.1, 27.7)",27.6,"(24.2, 31.2)",19.8,"(17.2, 22.6)",13.6,"(11.9, 15.6)",13.1,"(11.6, 14.8)",26,"(22.1, 30.1)",POINT (-106.5310338 33.9264127)
NM,New Mexico,Socorro,35053,35053978200,1615,"1,329",13.5,"(11.3, 15.7)",31.7,"(27.9, 35.6)",11.9,"( 9.6, 14.5)",40.1,"(35.3, 44.7)",78.8,"(75.1, 81.9)",10.2,"( 9.2, 11.3)",9.9,"( 8.6, 11.2)",9.4,"( 8.4, 10.5)",73.4,"(69.1, 77.3)",87.5,"(85.8, 89.2)",64.7,"(59.3, 70.0)",8.6,"( 7.4,  9.7)",13.8,"(11.6, 16.1)",62.4,"(58.6, 66.3)",20.9,"(17.5, 24.5)",15.2,"(13.1, 17.5)",24.8,"(21.5, 28.2)",39.1,"(34.3, 43.9)",27.2,"(22.5, 32.1)",68.2,"(59.8, 76.0)",14.8,"(12.9, 16.7)",33.8,"(26.4, 42.1)",17.2,"(15.1, 19.4)",29,"(23.4, 35.4)",4.8,"( 4.3,  5.3)",14.7,"(11.9, 17.8)",10.5,"( 9.3, 11.8)",7,"( 6.2,  7.7)",14.4,"(12.5, 16.3)",18.8,"(16.2, 21.4)",5,"( 4.5,  5.6)",9.3,"( 8.1, 10.4)",36,"(31.2, 40.8)",31.7,"(26.5, 37.1)",13.2,"(11.0, 15.5)",16.7,"(14.1, 19.5)",12.7,"(10.8, 14.7)",8.4,"( 7.2,  9.7)",8.5,"( 7.4,  9.7)",23.9,"(20.1, 27.9)",POINT (-107.31027 33.9961383)
NM,New Mexico,Socorro,35053,35053978301,2648,"2,108",19,"(15.3, 23.4)",25.9,"(22.5, 29.3)",12.9,"(10.3, 15.7)",35.9,"(31.5, 40.2)",74.7,"(71.2, 77.7)",7.1,"( 6.4,  7.9)",9.6,"( 8.4, 10.9)",8.3,"( 7.2,  9.3)",69.2,"(64.5, 73.5)",82.4,"(79.7, 84.8)",55.4,"(50.0, 61.0)",7.5,"( 6.2,  8.8)",14.1,"(11.7, 16.9)",57.2,"(53.4, 60.9)",21.1,"(17.6, 24.8)",15.4,"(13.3, 17.7)",27.9,"(23.9, 32.1)",35.4,"(31.0, 39.8)",30.3,"(25.1, 35.9)",67.9,"(59.3, 75.9)",16.1,"(14.1, 18.4)",36,"(28.3, 44.3)",17.1,"(14.8, 19.6)",30.2,"(24.4, 36.6)",4.3,"( 3.8,  4.8)",14.9,"(12.1, 18.3)",9.4,"( 8.2, 10.6)",8.9,"( 7.7, 10.1)",16.7,"(14.4, 19.3)",18.4,"(15.6, 21.3)",5.8,"( 5.0,  6.6)",10.3,"( 8.9, 11.9)",36.6,"(31.6, 41.8)",33.1,"(27.6, 38.9)",20.6,"(16.7, 24.6)",24.4,"(20.0, 28.9)",18.1,"(14.9, 21.5)",12.4,"(10.4, 14.5)",12.2,"(10.2, 14.2)",24.7,"(20.6, 29.0)",POINT (-106.9597599 34.0235851)
NM,New Mexico,Socorro,35053,35053978302,3910,"3,242",15.1,"(11.7, 19.5)",18.8,"(16.3, 21.2)",16.1,"(13.0, 19.5)",27.1,"(23.6, 30.6)",67.6,"(64.7, 70.3)",5.1,"( 4.6,  5.7)",9.7,"( 8.4, 11.0)",5.6,"( 5.0,  6.3)",64.3,"(59.4, 69.0)",75.1,"(71.5, 78.6)",61.5,"(56.0, 66.8)",5.5,"( 4.6,  6.3)",11.7,"( 9.5, 14.0)",60.1,"(56.2, 63.9)",23,"(19.1, 26.8)",10.4,"( 8.9, 11.9)",22.2,"(18.7, 25.7)",28.7,"(25.1, 32.4)",24.3,"(19.6, 29.0)",69.9,"(61.5, 77.5)",18.5,"(15.8, 21.1)",31.6,"(24.6, 39.1)",13.9,"(11.9, 15.9)",29.9,"(24.1, 36.3)",3,"( 2.7,  3.3)",13.8,"(11.2, 16.7)",6.9,"( 6.0,  7.8)",6.8,"( 5.9,  7.7)",17.8,"(14.8, 20.8)",12.6,"(10.7, 14.4)",4,"( 3.5,  4.6)",9.5,"( 8.0, 11.0)",33,"(27.7, 38.0)",36.6,"(31.3, 42.6)",16.9,"(13.7, 20.6)",21.5,"(17.4, 25.9)",16,"(13.3, 19.2)",11,"( 9.4, 12.9)",12.3,"(10.3, 14.6)",25.2,"(21.2, 29.7)",POINT (-106.9000592 34.0717254)
NM,New Mexico,Socorro,35053,35053978303,3150,"2,434",19.8,"(16.2, 23.9)",24.4,"(21.3, 27.6)",13.3,"(10.7, 16.2)",34.1,"(30.0, 38.3)",73.7,"(70.1, 76.9)",6.6,"( 6.0,  7.3)",9.3,"( 8.2, 10.5)",7.4,"( 6.5,  8.2)",68.4,"(63.7, 72.9)",83.1,"(80.5, 85.5)",53.9,"(48.2, 59.5)",6.4,"( 5.6,  7.4)",13.3,"(11.2, 15.5)",49.6,"(45.5, 53.7)",20,"(16.8, 23.4)",14.5,"(12.5, 16.6)",26.7,"(23.2, 30.3)",34.8,"(30.5, 39.3)",29.6,"(24.8, 34.8)",64.8,"(55.9, 73.5)",15.7,"(13.7, 17.7)",35.3,"(27.9, 43.4)",16.5,"(14.4, 18.6)",33,"(26.9, 39.7)",3.9,"( 3.5,  4.3)",21.3,"(17.4, 25.7)",8.5,"( 7.5,  9.6)",8.1,"( 7.2,  9.1)",16.1,"(14.0, 18.4)",17,"(14.6, 19.5)",5.2,"( 4.5,  5.8)",9.3,"( 8.2, 10.6)",35.1,"(30.4, 39.8)",33.9,"(28.5, 39.4)",17.5,"(14.6, 21.0)",23.2,"(19.6, 27.2)",18,"(15.3, 21.0)",11.3,"( 9.7, 13.0)",11.3,"( 9.7, 13.0)",26.1,"(22.1, 30.4)",POINT (-106.8776404 34.012784)
NM,New Mexico,Taos,35055,35055940000,1623,"1,284",20.4,"(17.5, 23.5)",27.4,"(24.1, 31.0)",12.8,"(10.4, 15.5)",37.3,"(33.0, 41.6)",75.9,"(72.4, 79.1)",6.8,"( 6.1,  7.6)",9.3,"( 8.1, 10.5)",8.5,"( 7.6,  9.4)",69.2,"(64.8, 73.3)",85.4,"(83.4, 87.2)",56.7,"(50.9, 61.9)",6.3,"( 5.6,  7.1)",13,"(11.1, 15.1)",57.9,"(53.8, 61.6)",19.4,"(16.4, 22.9)",17.7,"(15.4, 20.1)",28.6,"(25.2, 32.0)",36.4,"(32.0, 40.9)",31.1,"(26.4, 36.2)",68.7,"(59.7, 76.2)",14.6,"(12.8, 16.5)",30.8,"(24.0, 38.2)",17.4,"(15.3, 19.5)",32.1,"(26.2, 38.2)",4.5,"( 4.1,  4.9)",13.8,"(11.1, 16.5)",10.1,"( 9.0, 11.3)",9.3,"( 8.4, 10.2)",15.7,"(13.8, 17.7)",19.2,"(16.8, 21.7)",5.8,"( 5.3,  6.4)",9.6,"( 8.5, 10.7)",37.4,"(32.7, 42.1)",33.5,"(28.5, 38.9)",17.7,"(15.1, 20.6)",24.4,"(21.2, 27.9)",18.4,"(15.9, 21.1)",11.9,"(10.3, 13.6)",11.6,"(10.2, 13.2)",26.3,"(22.6, 30.3)",POINT (-105.7094667 36.200284)
NM,New Mexico,Taos,35055,35055940101,3761,"3,172",12.3,"(10.2, 14.5)",33.1,"(29.4, 36.9)",12.5,"(10.1, 15.1)",40.7,"(36.3, 45.4)",77.8,"(74.6, 80.8)",9.4,"( 8.5, 10.4)",11.1,"( 9.7, 12.6)",10,"( 8.9, 11.1)",71.7,"(67.6, 75.7)",85.5,"(83.4, 87.3)",60.5,"(54.9, 65.7)",9.3,"( 8.0, 10.7)",16.2,"(13.7, 19.0)",59.3,"(55.2, 63.0)",23.1,"(19.5, 27.1)",17.3,"(15.0, 19.7)",27.1,"(23.6, 30.5)",36.9,"(32.5, 41.5)",27.7,"(23.0, 32.5)",68,"(59.1, 75.6)",16.3,"(14.3, 18.4)",30.6,"(23.8, 38.0)",18.1,"(15.8, 20.4)",31.8,"(25.9, 37.7)",5.4,"( 4.9,  6.0)",16.2,"(13.1, 19.4)",11.7,"(10.4, 13.1)",8.8,"( 7.9,  9.8)",16.1,"(14.1, 18.2)",20.5,"(17.8, 23.3)",6,"( 5.3,  6.7)",11.2,"( 9.8, 12.5)",38.9,"(34.1, 43.7)",32.6,"(27.7, 37.9)",19.3,"(16.3, 22.5)",22.1,"(18.9, 25.5)",15.5,"(13.3, 17.8)",12.2,"(10.6, 14.0)",11.9,"(10.4, 13.5)",23.9,"(20.3, 27.9)",POINT (-105.4363329 36.4820076)
NM,New Mexico,Taos,35055,35055940102,4458,"3,662",11.4,"( 9.2, 13.8)",28.1,"(24.7, 31.8)",13.4,"(10.9, 16.3)",34.7,"(30.5, 39.1)",76.7,"(73.2, 80.0)",9.1,"( 8.2, 10.0)",9.3,"( 8.1, 10.6)",7.1,"( 6.2,  8.0)",71.6,"(67.3, 75.6)",88.2,"(86.3, 89.8)",62.9,"(57.5, 67.6)",5.9,"( 4.9,  7.0)",9.8,"( 7.8, 11.9)",67.1,"(63.4, 70.5)",21,"(17.7, 24.7)",12.9,"(11.0, 15.0)",19.2,"(16.2, 22.4)",35.7,"(31.4, 40.3)",21.6,"(17.4, 26.1)",73.1,"(64.8, 79.8)",13.1,"(11.3, 15.1)",26.8,"(20.7, 33.9)",13.6,"(11.6, 15.6)",29.1,"(23.6, 34.7)",3.6,"( 3.2,  4.1)",9.8,"( 7.7, 11.9)",8.1,"( 7.1,  9.2)",5.5,"( 4.9,  6.3)",11.9,"(10.2, 13.8)",13.7,"(11.4, 16.1)",3.8,"( 3.3,  4.4)",7.1,"( 6.1,  8.2)",29.2,"(24.8, 33.8)",30.1,"(25.5, 35.2)",10.2,"( 8.0, 12.4)",13.6,"(10.9, 16.2)",10.9,"( 9.0, 12.9)",7.6,"( 6.4,  8.8)",7.2,"( 6.1,  8.3)",20.5,"(17.3, 24.1)",POINT (-105.6661363 36.4458552)
NM,New Mexico,Taos,35055,35055952101,3539,"3,077",8.6,"( 7.2, 10.0)",29.4,"(25.9, 33.0)",13.6,"(11.0, 16.5)",35.1,"(30.9, 39.5)",77.6,"(74.0, 80.9)",10.3,"( 9.4, 11.4)",9.3,"( 8.2, 10.6)",7.2,"( 6.4,  8.0)",73.2,"(69.1, 77.1)",90.2,"(88.7, 91.5)",67.6,"(62.4, 72.2)",5.5,"( 4.8,  6.3)",8.6,"( 7.3, 10.1)",69.6,"(65.9, 72.8)",21,"(17.7, 24.5)",12.3,"(10.6, 14.0)",16.7,"(14.5, 19.0)",36.8,"(32.4, 41.4)",18.6,"(15.3, 22.2)",75,"(67.1, 81.4)",12.4,"(10.9, 14.1)",25.3,"(19.4, 32.1)",12.9,"(11.3, 14.5)",28.3,"(22.8, 33.9)",3.5,"( 3.2,  3.8)",7.4,"( 5.8,  9.0)",8.3,"( 7.4,  9.3)",4.6,"( 4.2,  5.0)",10.7,"( 9.4, 12.0)",12.8,"(11.0, 14.6)",3.4,"( 3.1,  3.8)",6.3,"( 5.6,  7.1)",27.6,"(23.8, 31.6)",29.1,"(24.5, 34.1)",6.9,"( 5.7,  8.2)",9.8,"( 8.2, 11.6)",8.6,"( 7.3, 10.0)",6,"( 5.2,  6.9)",5.7,"( 5.0,  6.5)",19.7,"(16.6, 22.9)",POINT (-105.5548716 36.5688449)
NM,New Mexico,Taos,35055,35055952102,3057,"2,530",12.9,"(10.9, 15.1)",29,"(25.5, 32.6)",13.3,"(10.8, 16.1)",36.6,"(32.3, 41.0)",77.4,"(73.8, 80.5)",8.9,"( 8.0,  9.7)",9.1,"( 8.0, 10.3)",7.7,"( 6.9,  8.5)",71.4,"(67.0, 75.4)",87.8,"(86.0, 89.3)",63.8,"(58.4, 68.7)",6.3,"( 5.6,  7.1)",11,"( 9.4, 12.8)",67.9,"(64.2, 71.2)",20.6,"(17.4, 24.1)",14.4,"(12.4, 16.5)",21.3,"(18.7, 24.2)",36.9,"(32.4, 41.5)",24.4,"(20.5, 28.8)",72.8,"(64.6, 79.4)",13.6,"(12.0, 15.4)",27.7,"(21.4, 34.8)",14.7,"(13.0, 16.6)",28.7,"(23.1, 34.3)",3.9,"( 3.6,  4.3)",10.2,"( 8.1, 12.4)",8.9,"( 7.9, 10.0)",6.1,"( 5.6,  6.7)",12.8,"(11.3, 14.5)",15.3,"(13.3, 17.5)",4.2,"( 3.8,  4.6)",7.6,"( 6.8,  8.5)",31.7,"(27.7, 36.1)",31.2,"(26.4, 36.4)",10.9,"( 9.1, 12.9)",14.9,"(12.8, 17.5)",11.9,"(10.2, 13.8)",7.9,"( 6.8,  9.2)",7.6,"( 6.6,  8.7)",22.6,"(19.2, 26.3)",POINT (-105.4750468 36.7803467)
NM,New Mexico,Taos,35055,35055952300,3066,"2,594",13.1,"(11.2, 15.0)",31.2,"(27.6, 34.9)",12.6,"(10.2, 15.4)",38.6,"(34.3, 43.0)",78,"(74.6, 81.2)",9.6,"( 8.6, 10.5)",9.6,"( 8.4, 10.8)",8.7,"( 7.8,  9.6)",72.2,"(68.0, 76.2)",87.9,"(86.2, 89.5)",65,"(59.4, 69.8)",7.5,"( 6.6,  8.5)",12,"(10.2, 13.8)",65.4,"(61.5, 68.8)",21.4,"(18.1, 25.0)",15.4,"(13.4, 17.5)",23.1,"(20.3, 25.9)",37.9,"(33.5, 42.5)",24.9,"(20.9, 29.2)",71.1,"(62.6, 78.2)",13.8,"(12.1, 15.5)",28.5,"(22.1, 35.6)",15.8,"(14.0, 17.6)",29.3,"(23.7, 35.0)",4.4,"( 4.0,  4.8)",10.7,"( 8.6, 12.9)",9.7,"( 8.7, 10.9)",6.9,"( 6.2,  7.5)",13.4,"(11.8, 15.1)",17,"(14.9, 19.2)",5,"( 4.5,  5.4)",8.5,"( 7.6,  9.5)",33.5,"(29.3, 37.8)",30.6,"(26.0, 35.8)",13,"(11.1, 15.1)",16.3,"(14.1, 18.9)",12.4,"(10.7, 14.3)",8.8,"( 7.6, 10.1)",8.4,"( 7.4,  9.5)",21.9,"(18.6, 25.5)",POINT (-105.8066825 36.6722387)
NM,New Mexico,Taos,35055,35055952601,2865,"2,309",13.4,"(10.9, 16.2)",29.1,"(25.7, 32.7)",13.1,"(10.6, 15.9)",35.7,"(31.5, 40.0)",77.2,"(73.9, 80.2)",9.2,"( 8.3, 10.1)",9.6,"( 8.4, 10.9)",7.7,"( 6.7,  8.7)",71.2,"(67.0, 75.3)",86.9,"(85.1, 88.6)",65.4,"(59.9, 70.2)",6.8,"( 5.7,  8.0)",10.9,"( 9.0, 13.1)",66.9,"(63.2, 70.3)",21.4,"(18.1, 25.0)",13.7,"(11.7, 15.8)",21.5,"(18.5, 25.0)",36.2,"(31.9, 40.6)",23.8,"(19.6, 28.5)",72,"(63.6, 78.9)",13.9,"(12.1, 15.7)",26.9,"(20.7, 33.8)",14.7,"(12.8, 17.0)",28.5,"(23.0, 34.2)",4,"( 3.6,  4.5)",9.6,"( 7.6, 11.6)",8.9,"( 7.8, 10.1)",6.4,"( 5.6,  7.2)",13.4,"(11.5, 15.4)",15.6,"(13.3, 18.3)",4.4,"( 3.8,  5.0)",8.2,"( 7.1,  9.4)",32.2,"(27.8, 37.0)",31.6,"(26.8, 36.6)",12.1,"(10.1, 14.5)",15.8,"(13.3, 18.6)",12.1,"(10.3, 14.1)",8.2,"( 7.0,  9.5)",8.2,"( 7.2,  9.4)",22,"(18.6, 25.5)",POINT (-105.5696164 36.3874573)
NM,New Mexico,Taos,35055,35055952602,5783,"4,548",16.1,"(13.6, 18.7)",27.1,"(23.9, 30.5)",13.3,"(10.8, 16.1)",35.3,"(31.1, 39.5)",75.5,"(72.0, 78.7)",7.5,"( 6.8,  8.3)",9.4,"( 8.2, 10.7)",7.4,"( 6.7,  8.3)",69.6,"(65.2, 73.8)",85.6,"(83.6, 87.4)",58,"(52.2, 63.2)",6.4,"( 5.6,  7.3)",11.8,"( 9.9, 13.7)",59.6,"(55.6, 63.2)",21.2,"(17.8, 24.7)",15,"(13.0, 17.2)",24.1,"(21.0, 27.2)",35.3,"(31.0, 39.7)",26.4,"(22.0, 31.1)",70.5,"(62.0, 77.8)",14.4,"(12.6, 16.3)",29.7,"(23.2, 37.1)",15.4,"(13.5, 17.4)",31.3,"(25.5, 37.2)",3.9,"( 3.6,  4.3)",14.3,"(11.5, 17.2)",8.5,"( 7.5,  9.6)",7.5,"( 6.8,  8.3)",14.4,"(12.5, 16.3)",16.1,"(14.0, 18.3)",5,"( 4.4,  5.5)",8.6,"( 7.6,  9.7)",33,"(28.6, 37.5)",31.8,"(26.9, 36.9)",16.1,"(13.4, 18.8)",20.3,"(17.3, 23.4)",15.4,"(13.3, 17.8)",10.7,"( 9.2, 12.3)",10.1,"( 8.8, 11.4)",22.7,"(19.2, 26.3)",POINT (-105.6622623 36.3573473)
NM,New Mexico,Taos,35055,35055952701,3512,"2,911",14.7,"(12.4, 17.3)",32.6,"(29.0, 36.3)",11.9,"( 9.6, 14.5)",40,"(35.7, 44.3)",78.9,"(75.6, 81.8)",9.9,"( 8.9, 10.9)",9.9,"( 8.7, 11.2)",9.7,"( 8.7, 10.8)",72.5,"(68.3, 76.4)",87.1,"(85.2, 88.7)",61.6,"(56.0, 66.5)",8.6,"( 7.4,  9.8)",12.5,"(10.5, 14.5)",63.5,"(59.7, 67.0)",21.8,"(18.5, 25.5)",16.5,"(14.4, 18.9)",25.5,"(22.4, 28.8)",38.5,"(34.1, 43.2)",26.8,"(22.6, 31.5)",69.3,"(60.5, 76.6)",14.1,"(12.4, 16.0)",29.1,"(22.5, 36.3)",16.9,"(14.9, 19.0)",29.1,"(23.6, 34.8)",4.9,"( 4.5,  5.4)",11,"( 8.8, 13.3)",10.7,"( 9.5, 12.0)",8,"( 7.2,  8.9)",14.5,"(12.7, 16.4)",19.1,"(16.6, 21.7)",5.8,"( 5.1,  6.4)",9.7,"( 8.6, 10.9)",36.1,"(31.7, 40.8)",30.9,"(26.3, 36.1)",15.8,"(13.3, 18.5)",18.8,"(16.0, 21.7)",13.6,"(11.7, 15.7)",9.9,"( 8.5, 11.4)",9.7,"( 8.5, 11.0)",21.7,"(18.5, 25.2)",POINT (-105.5010313 36.2924874)
NM,New Mexico,Taos,35055,35055952702,2825,"2,358",15.8,"(13.5, 18.3)",27.8,"(24.5, 31.2)",12.8,"(10.4, 15.6)",36.4,"(32.2, 40.6)",77.1,"(73.5, 80.2)",8,"( 7.2,  8.9)",9,"( 7.9, 10.2)",8,"( 7.1,  8.9)",70.8,"(66.4, 74.9)",87,"(85.2, 88.7)",61.9,"(56.2, 66.9)",6.1,"( 5.4,  7.0)",10.8,"( 9.1, 12.7)",63.7,"(59.8, 67.2)",19.8,"(16.7, 23.1)",15.4,"(13.3, 17.5)",23.6,"(20.6, 26.7)",36.8,"(32.4, 41.3)",26.3,"(22.1, 30.7)",70.8,"(62.2, 77.8)",13.4,"(11.7, 15.2)",28.2,"(21.8, 35.3)",15.3,"(13.4, 17.2)",29.7,"(24.0, 35.4)",4,"( 3.7,  4.4)",9.8,"( 7.8, 11.9)",9.2,"( 8.1, 10.3)",7.2,"( 6.5,  8.0)",13.5,"(11.8, 15.3)",16.4,"(14.2, 18.6)",4.7,"( 4.3,  5.2)",8.1,"( 7.1,  9.0)",33.1,"(28.8, 37.4)",31.7,"(26.8, 36.9)",13,"(11.0, 15.2)",18,"(15.4, 20.8)",13.7,"(11.7, 15.8)",8.9,"( 7.6, 10.2)",8.8,"( 7.7, 10.0)",23.1,"(19.6, 26.9)",POINT (-105.593727 36.1023381)
NM,New Mexico,Torrance,35057,35057963201,3811,"3,035",12.7,"(10.8, 14.8)",30.7,"(27.0, 34.4)",13.9,"(11.2, 17.0)",38.2,"(33.8, 42.8)",76.2,"(72.7, 79.4)",8.5,"( 7.6,  9.4)",10.6,"( 9.3, 11.9)",8.5,"( 7.5,  9.4)",70.2,"(65.6, 74.5)",84.4,"(82.4, 86.4)",59.9,"(54.2, 65.5)",8.9,"( 7.8, 10.1)",16.7,"(14.2, 19.3)",60.4,"(56.3, 64.3)",25.7,"(21.7, 29.8)",14.6,"(12.7, 16.7)",25.2,"(22.1, 28.4)",37.8,"(33.1, 42.5)",26.4,"(22.0, 31.2)",66.5,"(57.2, 74.9)",17.4,"(15.3, 19.5)",33.6,"(25.9, 42.1)",17.3,"(15.2, 19.3)",34.3,"(27.7, 41.5)",4.4,"( 4.0,  4.9)",15.4,"(12.4, 18.6)",9.2,"( 8.2, 10.3)",7.1,"( 6.5,  7.9)",16.5,"(14.5, 18.5)",17.7,"(15.5, 20.2)",5.5,"( 5.0,  6.1)",10.2,"( 9.1, 11.4)",36.7,"(31.9, 41.5)",33.6,"(28.4, 38.9)",17.6,"(14.9, 20.4)",19.7,"(16.9, 22.7)",15.2,"(13.1, 17.5)",11.1,"( 9.7, 12.8)",10.4,"( 9.2, 11.8)",24.3,"(20.7, 28.3)",POINT (-106.1407125 35.0044131)
NM,New Mexico,Torrance,35057,35057963202,3004,"2,328",19.5,"(16.5, 22.4)",31.2,"(27.7, 34.8)",12.8,"(10.2, 15.6)",39.9,"(35.5, 44.4)",76,"(72.5, 78.8)",7.7,"( 6.9,  8.5)",11.1,"( 9.7, 12.5)",9.9,"( 8.8, 10.9)",68.5,"(63.6, 72.9)",79.8,"(77.2, 82.1)",52,"(46.5, 57.6)",11.3,"( 9.9, 12.7)",20.8,"(17.9, 23.9)",50.4,"(46.2, 54.5)",26.7,"(22.7, 30.9)",17.1,"(15.0, 19.4)",33.4,"(29.7, 37.2)",37.9,"(33.3, 42.5)",34.6,"(29.4, 39.9)",65.5,"(56.2, 73.8)",19.7,"(17.5, 22.0)",36.1,"(28.2, 44.7)",20.4,"(18.2, 22.8)",35.7,"(29.0, 42.9)",5.4,"( 4.9,  5.9)",26.1,"(21.5, 30.9)",10.9,"( 9.6, 12.1)",10.8,"( 9.8, 11.8)",21.1,"(18.7, 23.8)",22.7,"(20.0, 25.4)",7.6,"( 6.9,  8.4)",14,"(12.5, 15.6)",44.3,"(39.3, 49.3)",36.5,"(31.2, 42.3)",29.9,"(26.2, 33.8)",30.8,"(27.0, 34.7)",21.4,"(18.6, 24.2)",15.8,"(13.9, 17.9)",15.3,"(13.5, 17.1)",26.9,"(23.0, 31.1)",POINT (-105.8925211 35.018445)
NM,New Mexico,Torrance,35057,35057963601,5914,"4,600",16.9,"(14.7, 19.4)",32.2,"(28.4, 35.9)",12.7,"(10.2, 15.5)",40.7,"(36.1, 45.3)",77.5,"(74.1, 80.5)",8.4,"( 7.6,  9.3)",10.6,"( 9.3, 12.0)",9.8,"( 8.8, 10.8)",70.5,"(66.1, 74.8)",83.4,"(81.4, 85.4)",56.5,"(50.7, 62.1)",10.2,"( 9.1, 11.3)",17.9,"(15.4, 20.3)",54.6,"(50.3, 58.6)",25.1,"(21.2, 29.2)",17.4,"(15.1, 19.8)",30.3,"(26.8, 33.8)",39.2,"(34.5, 44.0)",31.3,"(26.4, 36.4)",64.7,"(55.4, 73.3)",17.6,"(15.5, 19.7)",35.3,"(27.4, 44.0)",19.3,"(17.1, 21.5)",35,"(28.3, 42.1)",5.2,"( 4.8,  5.6)",21,"(17.3, 25.1)",10.7,"( 9.5, 11.9)",9.4,"( 8.6, 10.3)",18.2,"(16.2, 20.3)",21.5,"(18.9, 24.1)",6.9,"( 6.3,  7.5)",12,"(10.7, 13.3)",41.3,"(36.3, 46.2)",34.3,"(29.0, 39.7)",23.2,"(20.2, 26.4)",25.3,"(22.2, 28.5)",18.3,"(15.9, 20.7)",13.3,"(11.7, 15.1)",12.7,"(11.3, 14.2)",25.2,"(21.5, 29.0)",POINT (-105.9552063 34.8062702)
NM,New Mexico,Torrance,35057,35057963700,2055,"1,709",16.1,"(13.6, 18.7)",34.8,"(30.8, 38.8)",11.1,"( 8.8, 13.6)",43.6,"(38.9, 48.3)",80.9,"(77.7, 83.6)",10,"( 9.0, 11.0)",9.9,"( 8.6, 11.2)",10.9,"( 9.7, 12.1)",73.6,"(69.4, 77.4)",86.1,"(84.2, 87.9)",59.9,"(53.9, 65.5)",10.3,"( 8.9, 11.8)",15.5,"(13.1, 18.1)",58.1,"(54.1, 61.8)",22.8,"(19.1, 26.6)",18.3,"(15.8, 20.8)",29.4,"(25.9, 33.0)",42,"(37.0, 47.0)",31,"(26.0, 36.3)",68,"(59.2, 76.0)",15.1,"(13.2, 17.0)",33.1,"(25.5, 41.6)",18.7,"(16.5, 21.1)",31.7,"(25.4, 38.5)",5.6,"( 5.1,  6.1)",21.6,"(17.9, 25.6)",11.8,"(10.4, 13.2)",9.2,"( 8.3, 10.2)",16,"(14.0, 18.1)",22.3,"(19.4, 25.3)",6.6,"( 5.9,  7.3)",11.1,"( 9.8, 12.5)",40.9,"(35.9, 45.9)",32.4,"(27.3, 38.0)",19.8,"(16.8, 23.0)",22,"(18.8, 25.2)",14.9,"(12.8, 17.1)",10.6,"( 9.2, 12.2)",10.6,"( 9.3, 12.1)",23.6,"(19.9, 27.7)",POINT (-105.7622089 34.4898709)
NM,New Mexico,Torrance,35057,35057980000,261,261,30.2,"(21.7, 40.0)",9.5,"( 7.8, 11.2)",22.3,"(18.0, 26.8)",22.5,"(18.8, 26.4)",45.8,"(40.8, 50.6)",1.7,"( 1.5,  1.9)",6.7,"( 5.7,  7.8)",3.2,"( 2.7,  3.8)",52.2,"(45.9, 57.9)",67,"(60.5, 72.8)",35,"(29.4, 40.7)",2.9,"( 2.3,  3.8)",14.7,"(10.9, 18.9)",48.1,"(43.7, 52.4)",18.5,"(15.0, 22.2)",8.1,"( 6.7,  9.6)",25.5,"(19.6, 33.3)",23.4,"(19.7, 27.4)",26.2,"(19.6, 33.9)",,,17,"(14.1, 20.1)",34.4,"(26.4, 43.0)",12.6,"(10.2, 15.6)",38.5,"(31.5, 45.9)",1.7,"( 1.4,  2.0)",38.7,"(31.8, 46.0)",5.2,"( 4.3,  6.2)",7.4,"( 5.8,  9.8)",19.1,"(14.9, 24.8)",8,"( 6.1, 10.4)",3.8,"( 3.0,  4.9)",7.9,"( 6.0, 10.4)",32.9,"(26.1, 41.2)",37.5,"(30.8, 44.2)",21.7,"(15.2, 29.7)",30.7,"(22.3, 40.5)",25.7,"(19.8, 32.1)",16.4,"(13.0, 19.9)",16.4,"(12.6, 20.9)",31.6,"(25.5, 37.8)",POINT (-106.0199047 34.761593)
NM,New Mexico,Union,35059,35059950200,4079,"3,260",16.3,"(13.5, 19.4)",28.2,"(24.4, 32.4)",13.9,"(10.8, 17.4)",38,"(32.7, 43.2)",74.8,"(71.0, 78.3)",8.1,"( 7.2,  9.1)",9.8,"( 8.5, 11.4)",8.6,"( 7.6,  9.7)",68.8,"(63.4, 73.8)",83.1,"(80.6, 85.4)",55.6,"(49.7, 61.6)",8.4,"( 7.3,  9.6)",16,"(13.5, 18.9)",56.1,"(52.1, 60.2)",22.8,"(18.7, 27.4)",14.7,"(12.5, 17.2)",26.3,"(22.8, 30.2)",36.7,"(31.4, 42.2)",28.2,"(22.9, 34.2)",65.4,"(56.0, 74.5)",16.5,"(14.4, 19.0)",35.1,"(25.0, 45.5)",17.1,"(14.8, 19.6)",34.4,"(27.9, 41.9)",4.5,"( 4.0,  4.9)",17.3,"(14.2, 21.0)",9.7,"( 8.5, 11.1)",7.8,"( 6.9,  8.7)",16.7,"(14.5, 19.0)",17.9,"(15.4, 20.7)",5.5,"( 4.9,  6.2)",10.2,"( 9.0, 11.6)",36.8,"(31.5, 42.5)",33.6,"(28.2, 39.0)",18.5,"(15.6, 21.4)",21.3,"(18.0, 24.4)",16.2,"(13.8, 18.7)",11.4,"( 9.8, 13.1)",10.8,"( 9.4, 12.3)",24.9,"(20.9, 28.9)",POINT (-103.4757229 36.4880853)
NM,New Mexico,Valencia,35061,35061940300,896,675,9.3,"( 7.5, 11.3)",26.6,"(23.5, 29.9)",14.6,"(11.7, 17.7)",34.5,"(30.6, 38.6)",72.5,"(68.9, 75.8)",6.6,"( 5.9,  7.4)",13.3,"(11.7, 14.9)",7,"( 6.2,  7.8)",69.3,"(64.7, 73.6)",83,"(80.4, 85.3)",58.9,"(53.5, 64.1)",6.8,"( 5.8,  7.8)",19.4,"(16.3, 22.6)",57.8,"(53.8, 61.6)",24.4,"(20.8, 28.4)",14.3,"(12.4, 16.2)",24.7,"(21.4, 28.2)",31.9,"(27.9, 36.1)",24.4,"(20.2, 28.9)",63.6,"(54.8, 72.2)",20.2,"(17.7, 22.5)",35.3,"(28.1, 42.8)",17.5,"(15.3, 19.7)",39.4,"(33.3, 45.9)",4.3,"( 3.8,  4.7)",21.2,"(17.6, 25.2)",9.7,"( 8.6, 10.9)",7.3,"( 6.4,  8.2)",17.8,"(15.4, 20.2)",17.1,"(14.7, 19.5)",4.4,"( 3.8,  5.0)",10.6,"( 9.2, 12.1)",38.8,"(34.0, 43.7)",38.9,"(32.4, 45.7)",16.8,"(13.5, 20.8)",24,"(19.6, 28.8)",19.2,"(16.0, 23.0)",13.3,"(11.1, 15.6)",14.1,"(12.0, 16.5)",32,"(26.8, 37.7)",POINT (-106.5633316 34.8708191)
NM,New Mexico,Valencia,35061,35061941400,3477,"2,530",12,"( 9.5, 14.6)",21.4,"(18.5, 24.3)",15.2,"(12.3, 18.5)",28.7,"(24.9, 32.6)",72,"(68.2, 75.5)",6.5,"( 5.9,  7.2)",9.2,"( 8.0, 10.4)",4.9,"( 4.3,  5.5)",69.1,"(64.4, 73.5)",86.2,"(84.2, 88.3)",60.4,"(55.3, 65.6)",4,"( 3.5,  4.7)",9.1,"( 7.5, 10.9)",64.2,"(60.5, 67.6)",21.2,"(17.9, 24.8)",10.2,"( 8.7, 11.8)",17.2,"(14.7, 19.9)",32.2,"(28.0, 36.5)",20.1,"(16.3, 24.1)",73.2,"(65.5, 80.1)",14.3,"(12.4, 16.3)",31.2,"(24.5, 38.5)",12.2,"(10.6, 13.9)",33.4,"(27.8, 39.4)",2.6,"( 2.3,  2.9)",8.9,"( 7.2, 10.9)",6,"( 5.3,  6.8)",4.6,"( 4.0,  5.2)",12.3,"(10.6, 14.2)",10.7,"( 9.1, 12.5)",3,"( 2.7,  3.4)",6.3,"( 5.4,  7.1)",27,"(23.0, 31.1)",33,"(27.1, 39.2)",8.9,"( 7.0, 11.2)",13.5,"(10.8, 16.5)",12.8,"(10.4, 15.5)",7.9,"( 6.5,  9.5)",7.5,"( 6.3,  8.8)",23.4,"(19.2, 27.8)",POINT (-106.9559278 34.8526912)
NM,New Mexico,Valencia,35061,35061970101,4573,"3,188",26.7,"(21.0, 32.3)",24.2,"(21.1, 27.5)",13,"(10.4, 15.8)",34.9,"(30.7, 39.3)",71.5,"(67.8, 74.7)",5.3,"( 4.7,  5.9)",10.2,"( 8.8, 11.6)",7.5,"( 6.6,  8.5)",65.8,"(60.9, 70.3)",77.8,"(74.5, 81.0)",50.7,"(45.4, 56.1)",8,"( 6.8,  9.3)",17.6,"(14.6, 20.9)",51.2,"(47.1, 55.2)",23.4,"(19.6, 27.4)",16.2,"(14.0, 18.6)",34.1,"(29.2, 39.1)",34.7,"(30.5, 39.1)",35.9,"(30.1, 42.0)",64.5,"(55.4, 73.0)",18.7,"(16.3, 21.4)",39.3,"(31.6, 47.5)",19.3,"(16.7, 22.0)",37.5,"(31.5, 43.8)",4.2,"( 3.7,  4.7)",21.3,"(17.6, 25.5)",8.6,"( 7.5,  9.8)",11.2,"( 9.6, 12.8)",21.2,"(17.9, 24.6)",19.8,"(17.0, 22.9)",7.1,"( 6.1,  8.2)",12.6,"(10.7, 14.6)",42,"(36.3, 47.9)",37.5,"(30.9, 44.0)",30.9,"(25.2, 36.5)",35.9,"(29.4, 42.0)",26.7,"(22.2, 31.3)",18,"(15.1, 21.0)",17.3,"(14.5, 20.3)",28.8,"(23.7, 34.0)",POINT (-106.5703578 34.8031374)
NM,New Mexico,Valencia,35061,35061970103,2809,"2,205",16.4,"(13.6, 19.5)",27.5,"(24.2, 30.9)",12.9,"(10.4, 15.7)",36.8,"(32.6, 41.2)",76.1,"(72.8, 79.2)",7.5,"( 6.7,  8.2)",9.7,"( 8.5, 11.0)",7.8,"( 6.9,  8.7)",70.7,"(66.2, 74.8)",84.7,"(82.6, 86.8)",60.5,"(55.3, 65.7)",6.9,"( 6.0,  8.0)",13.1,"(11.1, 15.4)",58.8,"(54.8, 62.6)",22,"(18.6, 25.8)",15.4,"(13.4, 17.7)",25.9,"(22.7, 29.4)",36.8,"(32.5, 41.3)",28.5,"(24.1, 33.5)",69.5,"(61.2, 77.2)",15.7,"(13.8, 17.8)",36.2,"(29.1, 44.2)",16.6,"(14.7, 18.9)",35.3,"(29.6, 41.5)",4.1,"( 3.7,  4.5)",11.9,"( 9.5, 14.5)",8.9,"( 7.9, 10.1)",7.8,"( 7.1,  8.7)",15.6,"(13.6, 17.7)",17.4,"(15.1, 20.1)",5.3,"( 4.7,  6.0)",9.4,"( 8.3, 10.6)",36.3,"(31.9, 41.4)",33.3,"(27.5, 39.4)",17.2,"(14.4, 20.2)",21.7,"(18.3, 25.4)",17.3,"(14.8, 20.1)",11.8,"(10.1, 13.6)",11,"( 9.5, 12.6)",24.6,"(20.5, 29.0)",POINT (-106.6849881 34.8057055)
NM,New Mexico,Valencia,35061,35061970104,3347,"2,686",13.1,"(10.3, 16.4)",26.3,"(22.8, 29.8)",13.5,"(10.9, 16.4)",34.4,"(30.1, 38.8)",76.2,"(72.5, 79.4)",7.8,"( 7.0,  8.7)",9.4,"( 8.2, 10.7)",6.7,"( 5.8,  7.6)",71.4,"(67.1, 75.5)",87.2,"(85.2, 89.1)",59.5,"(54.1, 64.9)",5.5,"( 4.6,  6.6)",10.8,"( 8.7, 12.9)",61.2,"(57.5, 64.9)",20.9,"(17.5, 24.5)",13.3,"(11.3, 15.3)",21.2,"(17.9, 24.5)",36.9,"(32.3, 41.5)",23.9,"(19.6, 28.5)",69.1,"(61.1, 76.9)",14.2,"(12.3, 16.1)",32.5,"(25.5, 40.1)",14.6,"(12.6, 16.7)",33.7,"(28.1, 39.7)",3.5,"( 3.1,  3.9)",12.9,"(10.5, 15.8)",7.8,"( 6.8,  8.9)",5.8,"( 5.0,  6.6)",13.2,"(11.3, 15.2)",14.5,"(12.2, 17.0)",4,"( 3.5,  4.7)",7.4,"( 6.4,  8.5)",31.8,"(27.2, 36.5)",32.9,"(27.1, 39.1)",10.3,"( 7.9, 12.9)",15.2,"(12.1, 18.7)",13.1,"(10.6, 15.7)",8.1,"( 6.6,  9.6)",8,"( 6.7,  9.4)",24.3,"(20.0, 28.9)",POINT (-106.6859712 34.8283565)
NM,New Mexico,Valencia,35061,35061970200,4015,"3,201",12.7,"(10.5, 15.5)",31.1,"(27.3, 34.8)",12.2,"( 9.8, 14.9)",39.6,"(35.1, 44.0)",78.7,"(75.4, 81.6)",9.3,"( 8.3, 10.3)",10,"( 8.8, 11.4)",8.8,"( 7.7,  9.9)",73,"(68.8, 77.0)",86.6,"(84.5, 88.4)",63.6,"(58.5, 68.6)",8,"( 6.7,  9.4)",13.4,"(10.9, 16.0)",62.5,"(58.7, 66.3)",22.8,"(19.2, 26.6)",15.4,"(13.3, 17.8)",24.4,"(21.1, 28.1)",38.8,"(34.3, 43.4)",26.8,"(22.3, 31.8)",71.1,"(63.0, 78.5)",15.3,"(13.4, 17.4)",34.9,"(27.5, 42.5)",16.7,"(14.6, 19.0)",33.1,"(27.6, 39.2)",4.5,"( 4.0,  5.0)",9.4,"( 7.6, 11.6)",9.9,"( 8.7, 11.2)",7.1,"( 6.3,  8.1)",14.7,"(12.7, 16.8)",18,"(15.4, 20.8)",5.2,"( 4.5,  5.9)",9.3,"( 8.1, 10.7)",36.3,"(31.6, 41.3)",32,"(26.2, 38.1)",15.1,"(12.0, 18.2)",18,"(14.6, 21.6)",14,"(11.5, 16.6)",10.1,"( 8.4, 11.8)",9.4,"( 8.0, 11.0)",23,"(18.8, 27.4)",POINT (-106.7028745 34.8508486)
NM,New Mexico,Valencia,35061,35061970302,2654,"1,943",15.7,"(12.8, 18.6)",23.6,"(20.6, 26.7)",14.5,"(11.7, 17.6)",31.4,"(27.5, 35.5)",72.9,"(69.4, 76.1)",6.8,"( 6.1,  7.5)",9.7,"( 8.4, 11.0)",5.9,"( 5.2,  6.6)",68.5,"(63.8, 72.8)",84.4,"(82.1, 86.3)",58.3,"(53.1, 63.4)",5.5,"( 4.7,  6.3)",11.9,"( 9.9, 14.1)",60.8,"(56.9, 64.5)",22.2,"(18.7, 25.9)",11.8,"(10.1, 13.6)",21.4,"(18.4, 24.7)",33.9,"(29.7, 38.2)",24.4,"(20.1, 29.1)",72.5,"(64.8, 79.5)",15.8,"(13.8, 17.9)",32.8,"(26.0, 40.2)",14.3,"(12.5, 16.4)",34.5,"(28.8, 40.6)",3.2,"( 2.9,  3.5)",11.3,"( 9.1, 13.8)",7,"( 6.2,  7.9)",5.7,"( 5.1,  6.4)",14.8,"(12.7, 16.9)",13.4,"(11.5, 15.5)",3.9,"( 3.4,  4.3)",7.8,"( 6.8,  8.9)",31.7,"(27.3, 36.5)",35.1,"(29.0, 41.3)",12.4,"(10.1, 14.9)",17.7,"(14.5, 20.9)",15.3,"(12.8, 18.0)",9.3,"( 7.9, 10.9)",9.1,"( 7.8, 10.5)",26,"(21.7, 30.7)",POINT (-106.5952638 34.7153818)
NM,New Mexico,Valencia,35061,35061970304,3716,"2,914",16.2,"(13.3, 19.4)",26.5,"(23.2, 30.1)",13.1,"(10.7, 16.1)",34.6,"(30.3, 38.8)",76.3,"(72.6, 79.4)",8,"( 7.2,  8.9)",9.4,"( 8.2, 10.8)",7,"( 6.1,  7.8)",70.8,"(66.5, 75.0)",86.7,"(84.8, 88.6)",62.7,"(57.6, 67.6)",6,"( 5.1,  6.9)",11.3,"( 9.4, 13.4)",60.5,"(56.8, 64.2)",20.8,"(17.4, 24.5)",13.4,"(11.5, 15.4)",22.7,"(19.4, 26.2)",37.4,"(32.8, 42.1)",25.4,"(21.0, 30.3)",73.5,"(65.9, 80.4)",14.4,"(12.5, 16.4)",32.1,"(25.1, 39.6)",15.2,"(13.2, 17.3)",33.1,"(27.6, 39.1)",3.6,"( 3.2,  4.0)",15.6,"(12.6, 18.9)",8.1,"( 7.1,  9.2)",6.1,"( 5.3,  6.9)",14,"(12.1, 16.1)",15.2,"(12.9, 17.6)",4.2,"( 3.7,  4.8)",7.8,"( 6.8,  8.9)",33.3,"(28.6, 38.1)",34.2,"(28.2, 40.3)",11,"( 8.9, 13.3)",16.7,"(13.7, 20.0)",14,"(11.8, 16.6)",8,"( 6.8,  9.4)",8.3,"( 7.1,  9.7)",25.8,"(21.4, 30.4)",POINT (-106.7044985 34.7616953)
NM,New Mexico,Valencia,35061,35061970305,2586,"2,058",17.3,"(15.0, 20.0)",28,"(24.5, 31.5)",12.8,"(10.4, 15.7)",37.1,"(32.7, 41.4)",76.6,"(73.0, 79.7)",7.6,"( 6.9,  8.4)",9.6,"( 8.4, 10.9)",7.8,"( 7.0,  8.7)",70.6,"(66.2, 74.7)",84.9,"(83.0, 86.8)",59.3,"(54.0, 64.6)",7,"( 6.2,  7.9)",13.3,"(11.3, 15.3)",57.4,"(53.4, 61.1)",21.7,"(18.3, 25.3)",15.6,"(13.5, 17.8)",26.4,"(23.3, 29.6)",37.7,"(33.2, 42.2)",29.3,"(24.7, 34.2)",69.9,"(61.9, 77.6)",15.6,"(13.7, 17.7)",35.6,"(28.4, 43.2)",17,"(15.0, 19.1)",34.8,"(29.1, 40.9)",4.1,"( 3.8,  4.5)",12.6,"(10.2, 15.4)",9,"( 8.0, 10.1)",7.8,"( 7.1,  8.5)",15.8,"(13.9, 17.7)",18,"(15.7, 20.3)",5.3,"( 4.8,  5.8)",9.3,"( 8.3, 10.4)",37,"(32.4, 41.7)",34.1,"(28.1, 40.5)",16,"(13.6, 18.5)",21.2,"(18.1, 24.7)",16.9,"(14.4, 19.7)",10.8,"( 9.3, 12.6)",10.5,"( 9.1, 12.0)",25.8,"(21.5, 30.5)",POINT (-106.7308162 34.7339413)
NM,New Mexico,Valencia,35061,35061970306,3730,"2,579",22.7,"(18.9, 26.2)",21.3,"(18.6, 24.1)",14.4,"(11.6, 17.6)",30.7,"(26.9, 34.6)",69.1,"(65.5, 72.5)",4.9,"( 4.4,  5.4)",9.9,"( 8.7, 11.3)",5.9,"( 5.3,  6.6)",65.1,"(60.2, 69.7)",78.9,"(76.1, 81.5)",51.7,"(46.2, 57.2)",6,"( 5.3,  6.8)",14.7,"(12.6, 17.1)",50.4,"(46.3, 54.4)",23.4,"(19.7, 27.2)",13.1,"(11.5, 15.0)",28,"(24.6, 31.5)",32.1,"(28.1, 36.2)",30.5,"(25.9, 35.3)",65.2,"(56.7, 73.4)",18.3,"(16.2, 20.6)",37,"(29.7, 44.7)",16.6,"(14.7, 18.7)",38.1,"(32.1, 44.6)",3.3,"( 3.0,  3.6)",19.3,"(15.9, 23.2)",7.1,"( 6.3,  8.0)",8.4,"( 7.5,  9.2)",19,"(16.7, 21.5)",15.5,"(13.5, 17.6)",5.3,"( 4.7,  5.8)",10.3,"( 9.1, 11.5)",36.9,"(32.4, 41.7)",37.5,"(31.1, 44.0)",22.7,"(19.3, 26.5)",28.9,"(24.6, 33.4)",23.3,"(19.8, 27.0)",14.9,"(12.7, 17.2)",14.3,"(12.3, 16.5)",28.3,"(23.7, 33.4)",POINT (-106.6684388 34.7549498)
NM,New Mexico,Valencia,35061,35061970307,3410,"2,394",30.4,"(24.9, 36.0)",25.5,"(22.3, 28.7)",12.3,"( 9.9, 15.0)",37.1,"(32.8, 41.4)",71.9,"(68.4, 75.3)",4.9,"( 4.4,  5.5)",10.5,"( 9.1, 11.9)",8.4,"( 7.4,  9.4)",65.5,"(60.6, 70.2)",76,"(72.4, 79.2)",45.7,"(40.1, 51.6)",9.2,"( 7.9, 10.6)",20.5,"(17.4, 23.9)",39.9,"(36.1, 43.8)",24.1,"(20.3, 28.2)",18.8,"(16.3, 21.3)",39.5,"(34.7, 44.6)",35.7,"(31.4, 40.2)",41.1,"(35.0, 47.2)",63.8,"(54.8, 72.4)",20.1,"(17.6, 22.6)",42.3,"(34.4, 50.3)",21.8,"(19.1, 24.7)",40.1,"(34.0, 46.5)",4.7,"( 4.2,  5.2)",27.2,"(22.8, 31.8)",9.5,"( 8.4, 10.7)",13.9,"(12.3, 15.8)",23.7,"(20.5, 27.1)",23.2,"(20.0, 26.6)",8.9,"( 7.7, 10.1)",14.8,"(12.9, 16.9)",46.3,"(40.7, 51.9)",38.3,"(32.1, 44.9)",39.7,"(34.3, 45.7)",43.7,"(38.0, 50.1)",31.5,"(27.2, 36.2)",22.2,"(19.2, 25.4)",21,"(18.2, 24.4)",30,"(25.2, 35.2)",POINT (-106.5382714 34.7721408)
NM,New Mexico,Valencia,35061,35061970401,5184,"3,958",20.4,"(17.0, 23.8)",26.4,"(23.2, 29.7)",12.6,"(10.1, 15.3)",36.5,"(32.2, 40.8)",75,"(71.8, 78.0)",6.6,"( 5.9,  7.3)",9.7,"( 8.5, 11.0)",7.8,"( 7.0,  8.7)",69.3,"(64.6, 73.4)",82.1,"(79.8, 84.3)",57.7,"(52.4, 63.0)",7.3,"( 6.4,  8.3)",14.4,"(12.2, 16.9)",56.5,"(52.6, 60.3)",22.3,"(18.8, 26.1)",16.2,"(14.2, 18.6)",29.2,"(25.6, 33.2)",36.1,"(31.8, 40.5)",32.1,"(27.0, 37.7)",66.9,"(58.3, 74.9)",16.6,"(14.5, 18.8)",37.8,"(30.3, 45.7)",17.5,"(15.5, 20.0)",35,"(29.3, 41.2)",4.2,"( 3.8,  4.6)",15.6,"(12.8, 18.9)",9,"( 8.0, 10.2)",9.4,"( 8.4, 10.5)",17.4,"(15.3, 19.8)",18.7,"(16.4, 21.5)",6,"( 5.4,  6.7)",10.6,"( 9.4, 12.0)",38.7,"(33.9, 43.9)",34.4,"(28.4, 40.8)",23.3,"(19.6, 27.2)",27.5,"(23.1, 32.1)",20.8,"(17.5, 24.3)",14.3,"(12.2, 16.7)",13.4,"(11.5, 15.6)",25.4,"(20.9, 30.1)",POINT (-106.7253434 34.8083075)
NM,New Mexico,Valencia,35061,35061970404,5528,"4,246",19.5,"(15.9, 23.8)",26.1,"(23.0, 29.4)",13.1,"(10.5, 16.0)",35.3,"(31.2, 39.5)",74.2,"(70.9, 77.1)",6.6,"( 5.9,  7.4)",10.2,"( 8.9, 11.5)",7.5,"( 6.6,  8.3)",68.6,"(63.9, 72.9)",81.9,"(79.4, 84.3)",57.2,"(51.8, 62.5)",7.4,"( 6.3,  8.5)",15.1,"(12.6, 17.6)",55.6,"(51.8, 59.4)",23.4,"(19.8, 27.3)",15,"(13.0, 17.1)",28.2,"(24.4, 32.1)",35.5,"(31.3, 39.9)",30.6,"(25.6, 35.7)",70.5,"(62.0, 78.0)",17.5,"(15.3, 19.7)",36.8,"(29.6, 44.8)",17.4,"(15.2, 19.7)",35.2,"(29.4, 41.4)",4,"( 3.6,  4.5)",16.3,"(13.3, 19.8)",8.6,"( 7.6,  9.7)",8.5,"( 7.5,  9.6)",17.9,"(15.5, 20.4)",17.8,"(15.3, 20.4)",5.7,"( 5.0,  6.4)",10.6,"( 9.2, 12.0)",38.2,"(33.2, 43.2)",35.7,"(29.8, 42.2)",21.6,"(17.9, 25.6)",26.3,"(22.0, 30.9)",20.4,"(17.3, 23.9)",13.6,"(11.7, 15.9)",13.1,"(11.3, 15.1)",26.6,"(22.4, 31.5)",POINT (-106.7501725 34.801472)
NM,New Mexico,Valencia,35061,35061970405,4099,"2,966",11.5,"( 9.0, 14.4)",22.4,"(19.5, 25.5)",15.1,"(12.2, 18.3)",29.2,"(25.5, 33.2)",73.5,"(70.0, 76.8)",7.6,"( 6.8,  8.4)",9.1,"( 7.9, 10.3)",5.2,"( 4.5,  5.8)",69.9,"(65.5, 74.2)",86.9,"(84.9, 88.9)",63.6,"(58.9, 68.4)",4.2,"( 3.5,  4.9)",8.4,"( 6.9, 10.2)",70.5,"(67.2, 73.8)",20.9,"(17.6, 24.5)",9.7,"( 8.2, 11.2)",15.9,"(13.5, 18.5)",32.9,"(28.7, 37.1)",18.9,"(15.3, 22.7)",74.8,"(67.4, 81.4)",13.8,"(12.0, 15.7)",29.6,"(23.2, 36.7)",11.7,"(10.1, 13.4)",31.1,"(25.9, 37.0)",2.7,"( 2.4,  3.0)",6.5,"( 5.2,  8.0)",6.3,"( 5.5,  7.2)",4.1,"( 3.6,  4.6)",11.7,"(10.1, 13.4)",10.4,"( 8.8, 12.2)",2.7,"( 2.4,  3.1)",5.9,"( 5.1,  6.8)",26.6,"(22.6, 30.8)",33,"(26.9, 39.2)",7.4,"( 5.7,  9.3)",11.7,"( 9.1, 14.4)",11.3,"( 9.0, 13.8)",6.8,"( 5.6,  8.1)",6.7,"( 5.5,  7.9)",23.2,"(19.0, 27.6)",POINT (-106.8067104 34.7823236)
NM,New Mexico,Valencia,35061,35061970701,5788,"4,655",16.7,"(13.8, 19.7)",25.5,"(22.4, 28.7)",13.8,"(11.2, 16.8)",35.8,"(31.6, 40.1)",74.7,"(71.3, 77.8)",7.3,"( 6.6,  8.1)",9,"( 7.9, 10.2)",7.4,"( 6.6,  8.2)",69.4,"(65.0, 73.5)",84.2,"(82.2, 86.3)",59.8,"(54.7, 64.8)",6.3,"( 5.5,  7.2)",12.7,"(10.7, 14.9)",61.3,"(57.5, 65.0)",20.5,"(17.3, 24.1)",14.3,"(12.3, 16.4)",24.2,"(21.1, 27.6)",36.1,"(31.8, 40.6)",26.6,"(22.3, 31.5)",72.1,"(64.3, 79.2)",14.7,"(12.9, 16.7)",35,"(28.1, 42.8)",15.3,"(13.5, 17.4)",33.4,"(27.9, 39.4)",3.8,"( 3.4,  4.1)",13.3,"(10.9, 16.2)",8.6,"( 7.6,  9.6)",7.1,"( 6.4,  7.8)",14.6,"(12.8, 16.6)",15.6,"(13.5, 17.9)",4.7,"( 4.2,  5.2)",8.4,"( 7.4,  9.5)",34.1,"(29.7, 38.8)",32.6,"(26.8, 38.8)",15.5,"(12.9, 18.3)",20,"(16.9, 23.5)",16.1,"(13.6, 18.8)",10.8,"( 9.2, 12.6)",10.1,"( 8.7, 11.7)",24.6,"(20.5, 29.1)",POINT (-106.7620613 34.743406)
NM,New Mexico,Valencia,35061,35061970800,4746,"3,623",22.1,"(18.0, 26.4)",28.1,"(24.7, 31.5)",12.1,"( 9.7, 14.8)",38.1,"(33.7, 42.3)",76,"(72.7, 78.9)",6.9,"( 6.2,  7.6)",10.1,"( 8.8, 11.5)",8.9,"( 7.9, 10.0)",69.4,"(64.9, 73.6)",81.7,"(79.2, 84.1)",55.7,"(50.6, 61.2)",8.4,"( 7.2,  9.6)",15.5,"(13.1, 18.2)",57.5,"(53.6, 61.3)",22.9,"(19.3, 26.8)",17.6,"(15.2, 20.0)",32.1,"(28.2, 36.2)",37.4,"(33.1, 41.9)",34.1,"(29.0, 39.7)",68.4,"(60.2, 76.0)",17.2,"(15.2, 19.5)",37.9,"(30.4, 45.8)",19.1,"(16.8, 21.6)",34.3,"(28.7, 40.4)",4.8,"( 4.3,  5.3)",11.4,"( 9.2, 13.8)",10.1,"( 8.9, 11.4)",10.5,"( 9.3, 11.8)",18.9,"(16.6, 21.5)",21.1,"(18.4, 24.0)",6.9,"( 6.2,  7.8)",11.9,"(10.4, 13.5)",41.8,"(36.8, 47.0)",35.6,"(29.4, 41.9)",25.1,"(21.0, 29.4)",29.6,"(25.1, 34.5)",21.9,"(18.4, 25.5)",14.9,"(12.6, 17.3)",14.5,"(12.4, 16.8)",26.6,"(22.0, 31.4)",POINT (-106.7814986 34.6790736)
NM,New Mexico,Valencia,35061,35061970901,4405,"3,369",22,"(18.6, 25.7)",27.7,"(24.3, 31.1)",12.2,"( 9.8, 14.9)",38.2,"(34.0, 42.5)",76,"(72.7, 79.0)",6.8,"( 6.1,  7.5)",9.7,"( 8.5, 10.9)",8.5,"( 7.7,  9.5)",69.5,"(65.0, 73.8)",82.7,"(80.4, 84.9)",56.5,"(51.2, 61.8)",7.9,"( 6.9,  8.9)",15.5,"(13.2, 17.9)",54,"(50.1, 57.9)",21.9,"(18.4, 25.5)",17.3,"(15.2, 19.7)",31.2,"(27.5, 35.0)",37.6,"(33.2, 42.1)",33.9,"(28.9, 39.1)",68.3,"(60.0, 76.1)",16.6,"(14.6, 18.6)",37.8,"(30.6, 45.7)",18.6,"(16.4, 20.9)",34.6,"(29.0, 40.7)",4.5,"( 4.1,  5.0)",16.8,"(13.9, 20.2)",9.7,"( 8.6, 10.8)",9.9,"( 8.9, 10.9)",17.9,"(15.8, 20.2)",20.3,"(17.8, 22.9)",6.4,"( 5.8,  7.2)",11,"( 9.7, 12.4)",40.4,"(35.7, 45.3)",35.2,"(29.1, 41.6)",23.4,"(19.8, 27.3)",28.5,"(24.4, 32.9)",21.3,"(18.3, 24.6)",14.1,"(12.1, 16.2)",13.5,"(11.6, 15.4)",27,"(22.6, 31.9)",POINT (-106.7615892 34.656107)
NM,New Mexico,Valencia,35061,35061970902,2031,"1,616",16.9,"(14.5, 19.6)",27.1,"(23.8, 30.6)",12.7,"(10.3, 15.5)",36.7,"(32.5, 41.0)",77.2,"(73.8, 80.2)",7.6,"( 6.8,  8.4)",9.1,"( 8.0, 10.4)",7.6,"( 6.8,  8.4)",71.2,"(66.9, 75.3)",86.3,"(84.5, 88.0)",56.3,"(50.8, 61.9)",6.1,"( 5.4,  6.8)",11.7,"(10.0, 13.6)",54.9,"(51.1, 58.7)",20.3,"(17.1, 23.9)",15.2,"(13.2, 17.4)",24.5,"(21.5, 27.5)",37.8,"(33.4, 42.4)",28.1,"(23.6, 32.9)",68,"(59.6, 75.9)",14.5,"(12.7, 16.4)",34.3,"(27.3, 41.8)",15.9,"(14.0, 17.9)",34.7,"(29.0, 40.9)",3.9,"( 3.6,  4.2)",14.1,"(11.6, 17.0)",8.9,"( 7.9,  9.9)",7.1,"( 6.5,  7.8)",14.3,"(12.6, 16.1)",16.7,"(14.5, 18.8)",4.6,"( 4.2,  5.1)",8.2,"( 7.3,  9.2)",35.1,"(30.7, 39.8)",33.6,"(27.6, 40.0)",13.3,"(11.1, 15.6)",19,"(15.9, 22.2)",15.4,"(13.0, 18.0)",9.4,"( 8.0, 10.9)",9.2,"( 8.0, 10.6)",25.7,"(21.3, 30.4)",POINT (-106.77214 34.5851904)
NM,New Mexico,Valencia,35061,35061971000,4923,"3,885",16.4,"(13.6, 19.8)",30.2,"(26.8, 33.7)",11.9,"( 9.6, 14.6)",38.7,"(34.6, 43.1)",78.6,"(75.6, 81.4)",8.9,"( 8.0,  9.8)",9.8,"( 8.6, 11.1)",8.7,"( 7.7,  9.8)",72.3,"(68.1, 76.2)",85.7,"(83.6, 87.7)",61.4,"(56.2, 66.6)",7.8,"( 6.7,  9.1)",13,"(11.0, 15.3)",59.5,"(55.6, 63.2)",22,"(18.6, 25.7)",15.4,"(13.4, 17.6)",25.9,"(22.7, 29.6)",38.4,"(33.9, 43.0)",29.1,"(24.4, 34.2)",69,"(60.9, 76.9)",15.4,"(13.5, 17.4)",34.4,"(27.4, 42.2)",17,"(14.9, 19.2)",34,"(28.5, 40.0)",4.6,"( 4.1,  5.0)",9.7,"( 7.8, 12.0)",10,"( 8.9, 11.3)",7.7,"( 6.8,  8.5)",15.5,"(13.5, 17.6)",18.7,"(16.2, 21.3)",5.2,"( 4.7,  5.9)",9.7,"( 8.5, 11.0)",37.9,"(33.2, 42.7)",34,"(27.9, 40.5)",15.8,"(13.0, 19.1)",20.1,"(16.6, 24.2)",15.6,"(13.1, 18.7)",10.2,"( 8.7, 12.1)",10.1,"( 8.6, 11.9)",24.9,"(20.6, 29.8)",POINT (-106.7034346 34.6465981)
NM,New Mexico,Valencia,35061,35061971100,1481,"1,097",17.1,"(14.3, 20.1)",27.9,"(24.5, 31.3)",12.6,"(10.2, 15.4)",36.9,"(32.6, 41.2)",76.6,"(73.1, 79.6)",7.7,"( 7.0,  8.5)",9.8,"( 8.5, 11.0)",7.7,"( 6.9,  8.5)",70.8,"(66.6, 75.0)",85.2,"(83.2, 87.1)",61.2,"(55.9, 66.5)",7.3,"( 6.4,  8.3)",13.8,"(11.7, 16.0)",61,"(57.2, 64.7)",22,"(18.5, 25.7)",15.2,"(13.1, 17.2)",25.9,"(22.7, 29.0)",37.7,"(33.2, 42.2)",28.4,"(23.6, 33.0)",71.6,"(63.7, 78.8)",15.6,"(13.5, 17.5)",35.2,"(27.9, 42.8)",16.7,"(14.7, 18.6)",33.9,"(28.3, 40.1)",4,"( 3.7,  4.4)",11.2,"( 9.1, 13.8)",8.6,"( 7.6,  9.6)",7.4,"( 6.7,  8.2)",15.5,"(13.6, 17.5)",17.3,"(15.0, 19.5)",5.1,"( 4.6,  5.7)",9.2,"( 8.1, 10.3)",35.8,"(31.1, 40.2)",33.9,"(28.0, 40.1)",16.5,"(13.8, 19.4)",21.3,"(17.8, 24.8)",16.6,"(14.0, 19.3)",10.7,"( 9.1, 12.3)",10.3,"( 8.9, 11.8)",25.4,"(21.3, 29.9)",POINT (-106.6162263 34.5801825)
NM,New Mexico,Valencia,35061,35061971301,1960,"1,527",20,"(17.1, 22.9)",33.2,"(29.6, 37.0)",11.3,"( 9.1, 13.8)",43,"(38.5, 47.5)",78.1,"(74.9, 81.0)",8.7,"( 7.8,  9.6)",10.9,"( 9.6, 12.3)",10.8,"( 9.7, 11.9)",71.1,"(66.8, 75.1)",82.5,"(80.4, 84.6)",50.4,"(45.0, 56.0)",11.8,"(10.4, 13.3)",19.9,"(17.1, 22.8)",45.6,"(41.7, 49.3)",24.5,"(20.8, 28.6)",19,"(16.6, 21.5)",34.3,"(30.4, 38.1)",40,"(35.4, 44.8)",35.5,"(30.1, 41.1)",62.9,"(54.3, 71.2)",18.2,"(15.9, 20.4)",39.1,"(31.5, 47.0)",21.2,"(18.7, 23.6)",36.9,"(31.0, 43.2)",5.8,"( 5.3,  6.3)",28.1,"(23.7, 32.8)",11.7,"(10.4, 13.1)",10.9,"( 9.8, 11.9)",19.9,"(17.5, 22.2)",24.2,"(21.3, 27.0)",7.9,"( 7.1,  8.7)",13.6,"(12.0, 15.1)",44.8,"(39.6, 49.8)",35.2,"(29.1, 41.3)",28.3,"(24.6, 32.4)",30.2,"(26.0, 34.1)",21,"(18.0, 24.0)",15.5,"(13.3, 17.5)",14.8,"(12.9, 16.7)",26.8,"(22.3, 31.3)",POINT (-107.0052988 34.6981994)
NM,New Mexico,Valencia,35061,35061980100,76,54,31.6,"(26.0, 37.4)",38,"(34.2, 41.8)",9.3,"( 7.4, 11.5)",50.3,"(45.7, 54.8)",78.5,"(75.7, 81.1)",7.3,"( 6.5,  8.2)",12.2,"(10.7, 14.0)",15.9,"(14.0, 18.0)",69.9,"(65.4, 74.1)",73.6,"(70.1, 76.8)",46.5,"(41.2, 52.2)",20.8,"(17.7, 24.2)",31,"(26.0, 36.4)",34.8,"(31.3, 38.5)",28.4,"(24.2, 32.7)",28.5,"(25.1, 32.0)",54.2,"(48.4, 59.9)",42,"(37.3, 46.7)",53.2,"(46.2, 59.9)",58.7,"(49.8, 67.8)",23.3,"(20.4, 26.4)",49.4,"(41.3, 57.6)",30.7,"(26.9, 34.7)",39.1,"(33.0, 45.6)",9.3,"( 8.0, 10.7)",35.9,"(30.6, 41.6)",16.5,"(14.5, 18.6)",25.3,"(22.0, 28.4)",30.6,"(26.4, 34.8)",38.8,"(34.3, 43.3)",18.1,"(15.6, 21.0)",26.1,"(22.5, 29.7)",60.1,"(53.9, 65.7)",36.4,"(30.3, 43.0)",66.1,"(59.8, 72.4)",58.7,"(51.8, 65.0)",37.7,"(32.4, 43.0)",34.8,"(30.2, 39.3)",31.5,"(27.3, 36.0)",26.8,"(22.1, 31.8)",POINT (-106.8374888 34.6474627)
NM,New Mexico,Valencia,35061,35061980200,767,767,25.8,"(20.7, 31.2)",11.6,"( 9.8, 13.5)",21.4,"(17.4, 25.7)",23.7,"(20.2, 27.5)",47.4,"(42.6, 52.0)",2.2,"( 2.0,  2.5)",8.5,"( 7.4,  9.7)",3.3,"( 2.8,  3.8)",53.7,"(47.9, 59.2)",66.7,"(62.4, 71.0)",31.8,"(27.5, 36.4)",4.2,"( 3.5,  5.1)",19.2,"(16.1, 22.9)",45.9,"(42.0, 49.9)",22,"(18.5, 25.9)",7.3,"( 6.2,  8.5)",25.2,"(21.0, 30.0)",23.1,"(19.7, 26.7)",26.4,"(21.4, 31.9)",66,"(56.6, 74.1)",20.3,"(17.8, 22.9)",36.6,"(29.2, 44.6)",13.6,"(11.7, 15.8)",39.6,"(33.4, 46.0)",1.9,"( 1.7,  2.1)",16.5,"(13.3, 20.0)",5.3,"( 4.5,  6.1)",6.7,"( 5.7,  7.8)",21.1,"(18.2, 24.7)",8.6,"( 7.2, 10.3)",3.7,"( 3.1,  4.3)",9.1,"( 7.8, 10.7)",34.7,"(29.5, 40.4)",40.6,"(33.8, 46.9)",23.2,"(18.6, 28.0)",30.6,"(25.1, 36.2)",25.2,"(21.0, 29.3)",16.4,"(13.8, 18.9)",16.5,"(13.9, 19.3)",34,"(28.5, 39.4)",POINT (-106.766144 34.7871698)
